#! FIELDS phi psi log_targetdist
#! SET min_phi -pi
#! SET max_phi pi
#! SET nbins_phi  100
#! SET periodic_phi true
#! SET min_psi -pi
#! SET max_psi pi
#! SET nbins_psi  100
#! SET periodic_psi true
   -3.141592654   -3.141592654    0.000000000
   -3.078760801   -3.141592654    0.000000000
   -3.015928947   -3.141592654    0.000000000
   -2.953097094   -3.141592654    0.000000000
   -2.890265241   -3.141592654    0.000000000
   -2.827433388   -3.141592654    0.000000000
   -2.764601535   -3.141592654    0.000000000
   -2.701769682   -3.141592654    0.000000000
   -2.638937829   -3.141592654    0.000000000
   -2.576105976   -3.141592654    0.000000000
   -2.513274123   -3.141592654    0.000000000
   -2.450442270   -3.141592654    0.000000000
   -2.387610417   -3.141592654    0.000000000
   -2.324778564   -3.141592654    0.000000000
   -2.261946711   -3.141592654    0.000000000
   -2.199114858   -3.141592654    0.000000000
   -2.136283004   -3.141592654    0.000000000
   -2.073451151   -3.141592654    0.000000000
   -2.010619298   -3.141592654    0.000000000
   -1.947787445   -3.141592654    0.000000000
   -1.884955592   -3.141592654    0.000000000
   -1.822123739   -3.141592654    0.000000000
   -1.759291886   -3.141592654    0.000000000
   -1.696460033   -3.141592654    0.000000000
   -1.633628180   -3.141592654    0.000000000
   -1.570796327   -3.141592654    0.000000000
   -1.507964474   -3.141592654    0.000000000
   -1.445132621   -3.141592654    0.000000000
   -1.382300768   -3.141592654    0.000000000
   -1.319468915   -3.141592654    0.000000000
   -1.256637061   -3.141592654    0.000000000
   -1.193805208   -3.141592654    0.000000000
   -1.130973355   -3.141592654    0.000000000
   -1.068141502   -3.141592654    0.000000000
   -1.005309649   -3.141592654    0.000000000
   -0.942477796   -3.141592654    0.000000000
   -0.879645943   -3.141592654    0.000000000
   -0.816814090   -3.141592654    0.000000000
   -0.753982237   -3.141592654    0.000000000
   -0.691150384   -3.141592654    0.000000000
   -0.628318531   -3.141592654    0.000000000
   -0.565486678   -3.141592654    0.000000000
   -0.502654825   -3.141592654    0.000000000
   -0.439822972   -3.141592654    0.000000000
   -0.376991118   -3.141592654    0.000000000
   -0.314159265   -3.141592654    0.000000000
   -0.251327412   -3.141592654    0.000000000
   -0.188495559   -3.141592654    0.000000000
   -0.125663706   -3.141592654    0.000000000
   -0.062831853   -3.141592654    0.000000000
    0.000000000   -3.141592654    0.000000000
    0.062831853   -3.141592654    0.000000000
    0.125663706   -3.141592654    0.000000000
    0.188495559   -3.141592654    0.000000000
    0.251327412   -3.141592654    0.000000000
    0.314159265   -3.141592654    0.000000000
    0.376991118   -3.141592654    0.000000000
    0.439822972   -3.141592654    0.000000000
    0.502654825   -3.141592654    0.000000000
    0.565486678   -3.141592654    0.000000000
    0.628318531   -3.141592654    0.000000000
    0.691150384   -3.141592654    0.000000000
    0.753982237   -3.141592654    0.000000000
    0.816814090   -3.141592654    0.000000000
    0.879645943   -3.141592654    0.000000000
    0.942477796   -3.141592654    0.000000000
    1.005309649   -3.141592654    0.000000000
    1.068141502   -3.141592654    0.000000000
    1.130973355   -3.141592654    0.000000000
    1.193805208   -3.141592654    0.000000000
    1.256637061   -3.141592654    0.000000000
    1.319468915   -3.141592654    0.000000000
    1.382300768   -3.141592654    0.000000000
    1.445132621   -3.141592654    0.000000000
    1.507964474   -3.141592654    0.000000000
    1.570796327   -3.141592654    0.000000000
    1.633628180   -3.141592654    0.000000000
    1.696460033   -3.141592654    0.000000000
    1.759291886   -3.141592654    0.000000000
    1.822123739   -3.141592654    0.000000000
    1.884955592   -3.141592654    0.000000000
    1.947787445   -3.141592654    0.000000000
    2.010619298   -3.141592654    0.000000000
    2.073451151   -3.141592654    0.000000000
    2.136283004   -3.141592654    0.000000000
    2.199114858   -3.141592654    0.000000000
    2.261946711   -3.141592654    0.000000000
    2.324778564   -3.141592654    0.000000000
    2.387610417   -3.141592654    0.000000000
    2.450442270   -3.141592654    0.000000000
    2.513274123   -3.141592654    0.000000000
    2.576105976   -3.141592654    0.000000000
    2.638937829   -3.141592654    0.000000000
    2.701769682   -3.141592654    0.000000000
    2.764601535   -3.141592654    0.000000000
    2.827433388   -3.141592654    0.000000000
    2.890265241   -3.141592654    0.000000000
    2.953097094   -3.141592654    0.000000000
    3.015928947   -3.141592654    0.000000000
    3.078760801   -3.141592654    0.000000000

   -3.141592654   -3.078760801    0.000000000
   -3.078760801   -3.078760801    0.000000000
   -3.015928947   -3.078760801    0.000000000
   -2.953097094   -3.078760801    0.000000000
   -2.890265241   -3.078760801    0.000000000
   -2.827433388   -3.078760801    0.000000000
   -2.764601535   -3.078760801    0.000000000
   -2.701769682   -3.078760801    0.000000000
   -2.638937829   -3.078760801    0.000000000
   -2.576105976   -3.078760801    0.000000000
   -2.513274123   -3.078760801    0.000000000
   -2.450442270   -3.078760801    0.000000000
   -2.387610417   -3.078760801    0.000000000
   -2.324778564   -3.078760801    0.000000000
   -2.261946711   -3.078760801    0.000000000
   -2.199114858   -3.078760801    0.000000000
   -2.136283004   -3.078760801    0.000000000
   -2.073451151   -3.078760801    0.000000000
   -2.010619298   -3.078760801    0.000000000
   -1.947787445   -3.078760801    0.000000000
   -1.884955592   -3.078760801    0.000000000
   -1.822123739   -3.078760801    0.000000000
   -1.759291886   -3.078760801    0.000000000
   -1.696460033   -3.078760801    0.000000000
   -1.633628180   -3.078760801    0.000000000
   -1.570796327   -3.078760801    0.000000000
   -1.507964474   -3.078760801    0.000000000
   -1.445132621   -3.078760801    0.000000000
   -1.382300768   -3.078760801    0.000000000
   -1.319468915   -3.078760801    0.000000000
   -1.256637061   -3.078760801    0.000000000
   -1.193805208   -3.078760801    0.000000000
   -1.130973355   -3.078760801    0.000000000
   -1.068141502   -3.078760801    0.000000000
   -1.005309649   -3.078760801    0.000000000
   -0.942477796   -3.078760801    0.000000000
   -0.879645943   -3.078760801    0.000000000
   -0.816814090   -3.078760801    0.000000000
   -0.753982237   -3.078760801    0.000000000
   -0.691150384   -3.078760801    0.000000000
   -0.628318531   -3.078760801    0.000000000
   -0.565486678   -3.078760801    0.000000000
   -0.502654825   -3.078760801    0.000000000
   -0.439822972   -3.078760801    0.000000000
   -0.376991118   -3.078760801    0.000000000
   -0.314159265   -3.078760801    0.000000000
   -0.251327412   -3.078760801    0.000000000
   -0.188495559   -3.078760801    0.000000000
   -0.125663706   -3.078760801    0.000000000
   -0.062831853   -3.078760801    0.000000000
    0.000000000   -3.078760801    0.000000000
    0.062831853   -3.078760801    0.000000000
    0.125663706   -3.078760801    0.000000000
    0.188495559   -3.078760801    0.000000000
    0.251327412   -3.078760801    0.000000000
    0.314159265   -3.078760801    0.000000000
    0.376991118   -3.078760801    0.000000000
    0.439822972   -3.078760801    0.000000000
    0.502654825   -3.078760801    0.000000000
    0.565486678   -3.078760801    0.000000000
    0.628318531   -3.078760801    0.000000000
    0.691150384   -3.078760801    0.000000000
    0.753982237   -3.078760801    0.000000000
    0.816814090   -3.078760801    0.000000000
    0.879645943   -3.078760801    0.000000000
    0.942477796   -3.078760801    0.000000000
    1.005309649   -3.078760801    0.000000000
    1.068141502   -3.078760801    0.000000000
    1.130973355   -3.078760801    0.000000000
    1.193805208   -3.078760801    0.000000000
    1.256637061   -3.078760801    0.000000000
    1.319468915   -3.078760801    0.000000000
    1.382300768   -3.078760801    0.000000000
    1.445132621   -3.078760801    0.000000000
    1.507964474   -3.078760801    0.000000000
    1.570796327   -3.078760801    0.000000000
    1.633628180   -3.078760801    0.000000000
    1.696460033   -3.078760801    0.000000000
    1.759291886   -3.078760801    0.000000000
    1.822123739   -3.078760801    0.000000000
    1.884955592   -3.078760801    0.000000000
    1.947787445   -3.078760801    0.000000000
    2.010619298   -3.078760801    0.000000000
    2.073451151   -3.078760801    0.000000000
    2.136283004   -3.078760801    0.000000000
    2.199114858   -3.078760801    0.000000000
    2.261946711   -3.078760801    0.000000000
    2.324778564   -3.078760801    0.000000000
    2.387610417   -3.078760801    0.000000000
    2.450442270   -3.078760801    0.000000000
    2.513274123   -3.078760801    0.000000000
    2.576105976   -3.078760801    0.000000000
    2.638937829   -3.078760801    0.000000000
    2.701769682   -3.078760801    0.000000000
    2.764601535   -3.078760801    0.000000000
    2.827433388   -3.078760801    0.000000000
    2.890265241   -3.078760801    0.000000000
    2.953097094   -3.078760801    0.000000000
    3.015928947   -3.078760801    0.000000000
    3.078760801   -3.078760801    0.000000000

   -3.141592654   -3.015928947    0.000000000
   -3.078760801   -3.015928947    0.000000000
   -3.015928947   -3.015928947    0.000000000
   -2.953097094   -3.015928947    0.000000000
   -2.890265241   -3.015928947    0.000000000
   -2.827433388   -3.015928947    0.000000000
   -2.764601535   -3.015928947    0.000000000
   -2.701769682   -3.015928947    0.000000000
   -2.638937829   -3.015928947    0.000000000
   -2.576105976   -3.015928947    0.000000000
   -2.513274123   -3.015928947    0.000000000
   -2.450442270   -3.015928947    0.000000000
   -2.387610417   -3.015928947    0.000000000
   -2.324778564   -3.015928947    0.000000000
   -2.261946711   -3.015928947    0.000000000
   -2.199114858   -3.015928947    0.000000000
   -2.136283004   -3.015928947    0.000000000
   -2.073451151   -3.015928947    0.000000000
   -2.010619298   -3.015928947    0.000000000
   -1.947787445   -3.015928947    0.000000000
   -1.884955592   -3.015928947    0.000000000
   -1.822123739   -3.015928947    0.000000000
   -1.759291886   -3.015928947    0.000000000
   -1.696460033   -3.015928947    0.000000000
   -1.633628180   -3.015928947    0.000000000
   -1.570796327   -3.015928947    0.000000000
   -1.507964474   -3.015928947    0.000000000
   -1.445132621   -3.015928947    0.000000000
   -1.382300768   -3.015928947    0.000000000
   -1.319468915   -3.015928947    0.000000000
   -1.256637061   -3.015928947    0.000000000
   -1.193805208   -3.015928947    0.000000000
   -1.130973355   -3.015928947    0.000000000
   -1.068141502   -3.015928947    0.000000000
   -1.005309649   -3.015928947    0.000000000
   -0.942477796   -3.015928947    0.000000000
   -0.879645943   -3.015928947    0.000000000
   -0.816814090   -3.015928947    0.000000000
   -0.753982237   -3.015928947    0.000000000
   -0.691150384   -3.015928947    0.000000000
   -0.628318531   -3.015928947    0.000000000
   -0.565486678   -3.015928947    0.000000000
   -0.502654825   -3.015928947    0.000000000
   -0.439822972   -3.015928947    0.000000000
   -0.376991118   -3.015928947    0.000000000
   -0.314159265   -3.015928947    0.000000000
   -0.251327412   -3.015928947    0.000000000
   -0.188495559   -3.015928947    0.000000000
   -0.125663706   -3.015928947    0.000000000
   -0.062831853   -3.015928947    0.000000000
    0.000000000   -3.015928947    0.000000000
    0.062831853   -3.015928947    0.000000000
    0.125663706   -3.015928947    0.000000000
    0.188495559   -3.015928947    0.000000000
    0.251327412   -3.015928947    0.000000000
    0.314159265   -3.015928947    0.000000000
    0.376991118   -3.015928947    0.000000000
    0.439822972   -3.015928947    0.000000000
    0.502654825   -3.015928947    0.000000000
    0.565486678   -3.015928947    0.000000000
    0.628318531   -3.015928947    0.000000000
    0.691150384   -3.015928947    0.000000000
    0.753982237   -3.015928947    0.000000000
    0.816814090   -3.015928947    0.000000000
    0.879645943   -3.015928947    0.000000000
    0.942477796   -3.015928947    0.000000000
    1.005309649   -3.015928947    0.000000000
    1.068141502   -3.015928947    0.000000000
    1.130973355   -3.015928947    0.000000000
    1.193805208   -3.015928947    0.000000000
    1.256637061   -3.015928947    0.000000000
    1.319468915   -3.015928947    0.000000000
    1.382300768   -3.015928947    0.000000000
    1.445132621   -3.015928947    0.000000000
    1.507964474   -3.015928947    0.000000000
    1.570796327   -3.015928947    0.000000000
    1.633628180   -3.015928947    0.000000000
    1.696460033   -3.015928947    0.000000000
    1.759291886   -3.015928947    0.000000000
    1.822123739   -3.015928947    0.000000000
    1.884955592   -3.015928947    0.000000000
    1.947787445   -3.015928947    0.000000000
    2.010619298   -3.015928947    0.000000000
    2.073451151   -3.015928947    0.000000000
    2.136283004   -3.015928947    0.000000000
    2.199114858   -3.015928947    0.000000000
    2.261946711   -3.015928947    0.000000000
    2.324778564   -3.015928947    0.000000000
    2.387610417   -3.015928947    0.000000000
    2.450442270   -3.015928947    0.000000000
    2.513274123   -3.015928947    0.000000000
    2.576105976   -3.015928947    0.000000000
    2.638937829   -3.015928947    0.000000000
    2.701769682   -3.015928947    0.000000000
    2.764601535   -3.015928947    0.000000000
    2.827433388   -3.015928947    0.000000000
    2.890265241   -3.015928947    0.000000000
    2.953097094   -3.015928947    0.000000000
    3.015928947   -3.015928947    0.000000000
    3.078760801   -3.015928947    0.000000000

   -3.141592654   -2.953097094    0.000000000
   -3.078760801   -2.953097094    0.000000000
   -3.015928947   -2.953097094    0.000000000
   -2.953097094   -2.953097094    0.000000000
   -2.890265241   -2.953097094    0.000000000
   -2.827433388   -2.953097094    0.000000000
   -2.764601535   -2.953097094    0.000000000
   -2.701769682   -2.953097094    0.000000000
   -2.638937829   -2.953097094    0.000000000
   -2.576105976   -2.953097094    0.000000000
   -2.513274123   -2.953097094    0.000000000
   -2.450442270   -2.953097094    0.000000000
   -2.387610417   -2.953097094    0.000000000
   -2.324778564   -2.953097094    0.000000000
   -2.261946711   -2.953097094    0.000000000
   -2.199114858   -2.953097094    0.000000000
   -2.136283004   -2.953097094    0.000000000
   -2.073451151   -2.953097094    0.000000000
   -2.010619298   -2.953097094    0.000000000
   -1.947787445   -2.953097094    0.000000000
   -1.884955592   -2.953097094    0.000000000
   -1.822123739   -2.953097094    0.000000000
   -1.759291886   -2.953097094    0.000000000
   -1.696460033   -2.953097094    0.000000000
   -1.633628180   -2.953097094    0.000000000
   -1.570796327   -2.953097094    0.000000000
   -1.507964474   -2.953097094    0.000000000
   -1.445132621   -2.953097094    0.000000000
   -1.382300768   -2.953097094    0.000000000
   -1.319468915   -2.953097094    0.000000000
   -1.256637061   -2.953097094    0.000000000
   -1.193805208   -2.953097094    0.000000000
   -1.130973355   -2.953097094    0.000000000
   -1.068141502   -2.953097094    0.000000000
   -1.005309649   -2.953097094    0.000000000
   -0.942477796   -2.953097094    0.000000000
   -0.879645943   -2.953097094    0.000000000
   -0.816814090   -2.953097094    0.000000000
   -0.753982237   -2.953097094    0.000000000
   -0.691150384   -2.953097094    0.000000000
   -0.628318531   -2.953097094    0.000000000
   -0.565486678   -2.953097094    0.000000000
   -0.502654825   -2.953097094    0.000000000
   -0.439822972   -2.953097094    0.000000000
   -0.376991118   -2.953097094    0.000000000
   -0.314159265   -2.953097094    0.000000000
   -0.251327412   -2.953097094    0.000000000
   -0.188495559   -2.953097094    0.000000000
   -0.125663706   -2.953097094    0.000000000
   -0.062831853   -2.953097094    0.000000000
    0.000000000   -2.953097094    0.000000000
    0.062831853   -2.953097094    0.000000000
    0.125663706   -2.953097094    0.000000000
    0.188495559   -2.953097094    0.000000000
    0.251327412   -2.953097094    0.000000000
    0.314159265   -2.953097094    0.000000000
    0.376991118   -2.953097094    0.000000000
    0.439822972   -2.953097094    0.000000000
    0.502654825   -2.953097094    0.000000000
    0.565486678   -2.953097094    0.000000000
    0.628318531   -2.953097094    0.000000000
    0.691150384   -2.953097094    0.000000000
    0.753982237   -2.953097094    0.000000000
    0.816814090   -2.953097094    0.000000000
    0.879645943   -2.953097094    0.000000000
    0.942477796   -2.953097094    0.000000000
    1.005309649   -2.953097094    0.000000000
    1.068141502   -2.953097094    0.000000000
    1.130973355   -2.953097094    0.000000000
    1.193805208   -2.953097094    0.000000000
    1.256637061   -2.953097094    0.000000000
    1.319468915   -2.953097094    0.000000000
    1.382300768   -2.953097094    0.000000000
    1.445132621   -2.953097094    0.000000000
    1.507964474   -2.953097094    0.000000000
    1.570796327   -2.953097094    0.000000000
    1.633628180   -2.953097094    0.000000000
    1.696460033   -2.953097094    0.000000000
    1.759291886   -2.953097094    0.000000000
    1.822123739   -2.953097094    0.000000000
    1.884955592   -2.953097094    0.000000000
    1.947787445   -2.953097094    0.000000000
    2.010619298   -2.953097094    0.000000000
    2.073451151   -2.953097094    0.000000000
    2.136283004   -2.953097094    0.000000000
    2.199114858   -2.953097094    0.000000000
    2.261946711   -2.953097094    0.000000000
    2.324778564   -2.953097094    0.000000000
    2.387610417   -2.953097094    0.000000000
    2.450442270   -2.953097094    0.000000000
    2.513274123   -2.953097094    0.000000000
    2.576105976   -2.953097094    0.000000000
    2.638937829   -2.953097094    0.000000000
    2.701769682   -2.953097094    0.000000000
    2.764601535   -2.953097094    0.000000000
    2.827433388   -2.953097094    0.000000000
    2.890265241   -2.953097094    0.000000000
    2.953097094   -2.953097094    0.000000000
    3.015928947   -2.953097094    0.000000000
    3.078760801   -2.953097094    0.000000000

   -3.141592654   -2.890265241    0.000000000
   -3.078760801   -2.890265241    0.000000000
   -3.015928947   -2.890265241    0.000000000
   -2.953097094   -2.890265241    0.000000000
   -2.890265241   -2.890265241    0.000000000
   -2.827433388   -2.890265241    0.000000000
   -2.764601535   -2.890265241    0.000000000
   -2.701769682   -2.890265241    0.000000000
   -2.638937829   -2.890265241    0.000000000
   -2.576105976   -2.890265241    0.000000000
   -2.513274123   -2.890265241    0.000000000
   -2.450442270   -2.890265241    0.000000000
   -2.387610417   -2.890265241    0.000000000
   -2.324778564   -2.890265241    0.000000000
   -2.261946711   -2.890265241    0.000000000
   -2.199114858   -2.890265241    0.000000000
   -2.136283004   -2.890265241    0.000000000
   -2.073451151   -2.890265241    0.000000000
   -2.010619298   -2.890265241    0.000000000
   -1.947787445   -2.890265241    0.000000000
   -1.884955592   -2.890265241    0.000000000
   -1.822123739   -2.890265241    0.000000000
   -1.759291886   -2.890265241    0.000000000
   -1.696460033   -2.890265241    0.000000000
   -1.633628180   -2.890265241    0.000000000
   -1.570796327   -2.890265241    0.000000000
   -1.507964474   -2.890265241    0.000000000
   -1.445132621   -2.890265241    0.000000000
   -1.382300768   -2.890265241    0.000000000
   -1.319468915   -2.890265241    0.000000000
   -1.256637061   -2.890265241    0.000000000
   -1.193805208   -2.890265241    0.000000000
   -1.130973355   -2.890265241    0.000000000
   -1.068141502   -2.890265241    0.000000000
   -1.005309649   -2.890265241    0.000000000
   -0.942477796   -2.890265241    0.000000000
   -0.879645943   -2.890265241    0.000000000
   -0.816814090   -2.890265241    0.000000000
   -0.753982237   -2.890265241    0.000000000
   -0.691150384   -2.890265241    0.000000000
   -0.628318531   -2.890265241    0.000000000
   -0.565486678   -2.890265241    0.000000000
   -0.502654825   -2.890265241    0.000000000
   -0.439822972   -2.890265241    0.000000000
   -0.376991118   -2.890265241    0.000000000
   -0.314159265   -2.890265241    0.000000000
   -0.251327412   -2.890265241    0.000000000
   -0.188495559   -2.890265241    0.000000000
   -0.125663706   -2.890265241    0.000000000
   -0.062831853   -2.890265241    0.000000000
    0.000000000   -2.890265241    0.000000000
    0.062831853   -2.890265241    0.000000000
    0.125663706   -2.890265241    0.000000000
    0.188495559   -2.890265241    0.000000000
    0.251327412   -2.890265241    0.000000000
    0.314159265   -2.890265241    0.000000000
    0.376991118   -2.890265241    0.000000000
    0.439822972   -2.890265241    0.000000000
    0.502654825   -2.890265241    0.000000000
    0.565486678   -2.890265241    0.000000000
    0.628318531   -2.890265241    0.000000000
    0.691150384   -2.890265241    0.000000000
    0.753982237   -2.890265241    0.000000000
    0.816814090   -2.890265241    0.000000000
    0.879645943   -2.890265241    0.000000000
    0.942477796   -2.890265241    0.000000000
    1.005309649   -2.890265241    0.000000000
    1.068141502   -2.890265241    0.000000000
    1.130973355   -2.890265241    0.000000000
    1.193805208   -2.890265241    0.000000000
    1.256637061   -2.890265241    0.000000000
    1.319468915   -2.890265241    0.000000000
    1.382300768   -2.890265241    0.000000000
    1.445132621   -2.890265241    0.000000000
    1.507964474   -2.890265241    0.000000000
    1.570796327   -2.890265241    0.000000000
    1.633628180   -2.890265241    0.000000000
    1.696460033   -2.890265241    0.000000000
    1.759291886   -2.890265241    0.000000000
    1.822123739   -2.890265241    0.000000000
    1.884955592   -2.890265241    0.000000000
    1.947787445   -2.890265241    0.000000000
    2.010619298   -2.890265241    0.000000000
    2.073451151   -2.890265241    0.000000000
    2.136283004   -2.890265241    0.000000000
    2.199114858   -2.890265241    0.000000000
    2.261946711   -2.890265241    0.000000000
    2.324778564   -2.890265241    0.000000000
    2.387610417   -2.890265241    0.000000000
    2.450442270   -2.890265241    0.000000000
    2.513274123   -2.890265241    0.000000000
    2.576105976   -2.890265241    0.000000000
    2.638937829   -2.890265241    0.000000000
    2.701769682   -2.890265241    0.000000000
    2.764601535   -2.890265241    0.000000000
    2.827433388   -2.890265241    0.000000000
    2.890265241   -2.890265241    0.000000000
    2.953097094   -2.890265241    0.000000000
    3.015928947   -2.890265241    0.000000000
    3.078760801   -2.890265241    0.000000000

   -3.141592654   -2.827433388    0.000000000
   -3.078760801   -2.827433388    0.000000000
   -3.015928947   -2.827433388    0.000000000
   -2.953097094   -2.827433388    0.000000000
   -2.890265241   -2.827433388    0.000000000
   -2.827433388   -2.827433388    0.000000000
   -2.764601535   -2.827433388    0.000000000
   -2.701769682   -2.827433388    0.000000000
   -2.638937829   -2.827433388    0.000000000
   -2.576105976   -2.827433388    0.000000000
   -2.513274123   -2.827433388    0.000000000
   -2.450442270   -2.827433388    0.000000000
   -2.387610417   -2.827433388    0.000000000
   -2.324778564   -2.827433388    0.000000000
   -2.261946711   -2.827433388    0.000000000
   -2.199114858   -2.827433388    0.000000000
   -2.136283004   -2.827433388    0.000000000
   -2.073451151   -2.827433388    0.000000000
   -2.010619298   -2.827433388    0.000000000
   -1.947787445   -2.827433388    0.000000000
   -1.884955592   -2.827433388    0.000000000
   -1.822123739   -2.827433388    0.000000000
   -1.759291886   -2.827433388    0.000000000
   -1.696460033   -2.827433388    0.000000000
   -1.633628180   -2.827433388    0.000000000
   -1.570796327   -2.827433388    0.000000000
   -1.507964474   -2.827433388    0.000000000
   -1.445132621   -2.827433388    0.000000000
   -1.382300768   -2.827433388    0.000000000
   -1.319468915   -2.827433388    0.000000000
   -1.256637061   -2.827433388    0.000000000
   -1.193805208   -2.827433388    0.000000000
   -1.130973355   -2.827433388    0.000000000
   -1.068141502   -2.827433388    0.000000000
   -1.005309649   -2.827433388    0.000000000
   -0.942477796   -2.827433388    0.000000000
   -0.879645943   -2.827433388    0.000000000
   -0.816814090   -2.827433388    0.000000000
   -0.753982237   -2.827433388    0.000000000
   -0.691150384   -2.827433388    0.000000000
   -0.628318531   -2.827433388    0.000000000
   -0.565486678   -2.827433388    0.000000000
   -0.502654825   -2.827433388    0.000000000
   -0.439822972   -2.827433388    0.000000000
   -0.376991118   -2.827433388    0.000000000
   -0.314159265   -2.827433388    0.000000000
   -0.251327412   -2.827433388    0.000000000
   -0.188495559   -2.827433388    0.000000000
   -0.125663706   -2.827433388    0.000000000
   -0.062831853   -2.827433388    0.000000000
    0.000000000   -2.827433388    0.000000000
    0.062831853   -2.827433388    0.000000000
    0.125663706   -2.827433388    0.000000000
    0.188495559   -2.827433388    0.000000000
    0.251327412   -2.827433388    0.000000000
    0.314159265   -2.827433388    0.000000000
    0.376991118   -2.827433388    0.000000000
    0.439822972   -2.827433388    0.000000000
    0.502654825   -2.827433388    0.000000000
    0.565486678   -2.827433388    0.000000000
    0.628318531   -2.827433388    0.000000000
    0.691150384   -2.827433388    0.000000000
    0.753982237   -2.827433388    0.000000000
    0.816814090   -2.827433388    0.000000000
    0.879645943   -2.827433388    0.000000000
    0.942477796   -2.827433388    0.000000000
    1.005309649   -2.827433388    0.000000000
    1.068141502   -2.827433388    0.000000000
    1.130973355   -2.827433388    0.000000000
    1.193805208   -2.827433388    0.000000000
    1.256637061   -2.827433388    0.000000000
    1.319468915   -2.827433388    0.000000000
    1.382300768   -2.827433388    0.000000000
    1.445132621   -2.827433388    0.000000000
    1.507964474   -2.827433388    0.000000000
    1.570796327   -2.827433388    0.000000000
    1.633628180   -2.827433388    0.000000000
    1.696460033   -2.827433388    0.000000000
    1.759291886   -2.827433388    0.000000000
    1.822123739   -2.827433388    0.000000000
    1.884955592   -2.827433388    0.000000000
    1.947787445   -2.827433388    0.000000000
    2.010619298   -2.827433388    0.000000000
    2.073451151   -2.827433388    0.000000000
    2.136283004   -2.827433388    0.000000000
    2.199114858   -2.827433388    0.000000000
    2.261946711   -2.827433388    0.000000000
    2.324778564   -2.827433388    0.000000000
    2.387610417   -2.827433388    0.000000000
    2.450442270   -2.827433388    0.000000000
    2.513274123   -2.827433388    0.000000000
    2.576105976   -2.827433388    0.000000000
    2.638937829   -2.827433388    0.000000000
    2.701769682   -2.827433388    0.000000000
    2.764601535   -2.827433388    0.000000000
    2.827433388   -2.827433388    0.000000000
    2.890265241   -2.827433388    0.000000000
    2.953097094   -2.827433388    0.000000000
    3.015928947   -2.827433388    0.000000000
    3.078760801   -2.827433388    0.000000000

   -3.141592654   -2.764601535    0.000000000
   -3.078760801   -2.764601535    0.000000000
   -3.015928947   -2.764601535    0.000000000
   -2.953097094   -2.764601535    0.000000000
   -2.890265241   -2.764601535    0.000000000
   -2.827433388   -2.764601535    0.000000000
   -2.764601535   -2.764601535    0.000000000
   -2.701769682   -2.764601535    0.000000000
   -2.638937829   -2.764601535    0.000000000
   -2.576105976   -2.764601535    0.000000000
   -2.513274123   -2.764601535    0.000000000
   -2.450442270   -2.764601535    0.000000000
   -2.387610417   -2.764601535    0.000000000
   -2.324778564   -2.764601535    0.000000000
   -2.261946711   -2.764601535    0.000000000
   -2.199114858   -2.764601535    0.000000000
   -2.136283004   -2.764601535    0.000000000
   -2.073451151   -2.764601535    0.000000000
   -2.010619298   -2.764601535    0.000000000
   -1.947787445   -2.764601535    0.000000000
   -1.884955592   -2.764601535    0.000000000
   -1.822123739   -2.764601535    0.000000000
   -1.759291886   -2.764601535    0.000000000
   -1.696460033   -2.764601535    0.000000000
   -1.633628180   -2.764601535    0.000000000
   -1.570796327   -2.764601535    0.000000000
   -1.507964474   -2.764601535    0.000000000
   -1.445132621   -2.764601535    0.000000000
   -1.382300768   -2.764601535    0.000000000
   -1.319468915   -2.764601535    0.000000000
   -1.256637061   -2.764601535    0.000000000
   -1.193805208   -2.764601535    0.000000000
   -1.130973355   -2.764601535    0.000000000
   -1.068141502   -2.764601535    0.000000000
   -1.005309649   -2.764601535    0.000000000
   -0.942477796   -2.764601535    0.000000000
   -0.879645943   -2.764601535    0.000000000
   -0.816814090   -2.764601535    0.000000000
   -0.753982237   -2.764601535    0.000000000
   -0.691150384   -2.764601535    0.000000000
   -0.628318531   -2.764601535    0.000000000
   -0.565486678   -2.764601535    0.000000000
   -0.502654825   -2.764601535    0.000000000
   -0.439822972   -2.764601535    0.000000000
   -0.376991118   -2.764601535    0.000000000
   -0.314159265   -2.764601535    0.000000000
   -0.251327412   -2.764601535    0.000000000
   -0.188495559   -2.764601535    0.000000000
   -0.125663706   -2.764601535    0.000000000
   -0.062831853   -2.764601535    0.000000000
    0.000000000   -2.764601535    0.000000000
    0.062831853   -2.764601535    0.000000000
    0.125663706   -2.764601535    0.000000000
    0.188495559   -2.764601535    0.000000000
    0.251327412   -2.764601535    0.000000000
    0.314159265   -2.764601535    0.000000000
    0.376991118   -2.764601535    0.000000000
    0.439822972   -2.764601535    0.000000000
    0.502654825   -2.764601535    0.000000000
    0.565486678   -2.764601535    0.000000000
    0.628318531   -2.764601535    0.000000000
    0.691150384   -2.764601535    0.000000000
    0.753982237   -2.764601535    0.000000000
    0.816814090   -2.764601535    0.000000000
    0.879645943   -2.764601535    0.000000000
    0.942477796   -2.764601535    0.000000000
    1.005309649   -2.764601535    0.000000000
    1.068141502   -2.764601535    0.000000000
    1.130973355   -2.764601535    0.000000000
    1.193805208   -2.764601535    0.000000000
    1.256637061   -2.764601535    0.000000000
    1.319468915   -2.764601535    0.000000000
    1.382300768   -2.764601535    0.000000000
    1.445132621   -2.764601535    0.000000000
    1.507964474   -2.764601535    0.000000000
    1.570796327   -2.764601535    0.000000000
    1.633628180   -2.764601535    0.000000000
    1.696460033   -2.764601535    0.000000000
    1.759291886   -2.764601535    0.000000000
    1.822123739   -2.764601535    0.000000000
    1.884955592   -2.764601535    0.000000000
    1.947787445   -2.764601535    0.000000000
    2.010619298   -2.764601535    0.000000000
    2.073451151   -2.764601535    0.000000000
    2.136283004   -2.764601535    0.000000000
    2.199114858   -2.764601535    0.000000000
    2.261946711   -2.764601535    0.000000000
    2.324778564   -2.764601535    0.000000000
    2.387610417   -2.764601535    0.000000000
    2.450442270   -2.764601535    0.000000000
    2.513274123   -2.764601535    0.000000000
    2.576105976   -2.764601535    0.000000000
    2.638937829   -2.764601535    0.000000000
    2.701769682   -2.764601535    0.000000000
    2.764601535   -2.764601535    0.000000000
    2.827433388   -2.764601535    0.000000000
    2.890265241   -2.764601535    0.000000000
    2.953097094   -2.764601535    0.000000000
    3.015928947   -2.764601535    0.000000000
    3.078760801   -2.764601535    0.000000000

   -3.141592654   -2.701769682    0.000000000
   -3.078760801   -2.701769682    0.000000000
   -3.015928947   -2.701769682    0.000000000
   -2.953097094   -2.701769682    0.000000000
   -2.890265241   -2.701769682    0.000000000
   -2.827433388   -2.701769682    0.000000000
   -2.764601535   -2.701769682    0.000000000
   -2.701769682   -2.701769682    0.000000000
   -2.638937829   -2.701769682    0.000000000
   -2.576105976   -2.701769682    0.000000000
   -2.513274123   -2.701769682    0.000000000
   -2.450442270   -2.701769682    0.000000000
   -2.387610417   -2.701769682    0.000000000
   -2.324778564   -2.701769682    0.000000000
   -2.261946711   -2.701769682    0.000000000
   -2.199114858   -2.701769682    0.000000000
   -2.136283004   -2.701769682    0.000000000
   -2.073451151   -2.701769682    0.000000000
   -2.010619298   -2.701769682    0.000000000
   -1.947787445   -2.701769682    0.000000000
   -1.884955592   -2.701769682    0.000000000
   -1.822123739   -2.701769682    0.000000000
   -1.759291886   -2.701769682    0.000000000
   -1.696460033   -2.701769682    0.000000000
   -1.633628180   -2.701769682    0.000000000
   -1.570796327   -2.701769682    0.000000000
   -1.507964474   -2.701769682    0.000000000
   -1.445132621   -2.701769682    0.000000000
   -1.382300768   -2.701769682    0.000000000
   -1.319468915   -2.701769682    0.000000000
   -1.256637061   -2.701769682    0.000000000
   -1.193805208   -2.701769682    0.000000000
   -1.130973355   -2.701769682    0.000000000
   -1.068141502   -2.701769682    0.000000000
   -1.005309649   -2.701769682    0.000000000
   -0.942477796   -2.701769682    0.000000000
   -0.879645943   -2.701769682    0.000000000
   -0.816814090   -2.701769682    0.000000000
   -0.753982237   -2.701769682    0.000000000
   -0.691150384   -2.701769682    0.000000000
   -0.628318531   -2.701769682    0.000000000
   -0.565486678   -2.701769682    0.000000000
   -0.502654825   -2.701769682    0.000000000
   -0.439822972   -2.701769682    0.000000000
   -0.376991118   -2.701769682    0.000000000
   -0.314159265   -2.701769682    0.000000000
   -0.251327412   -2.701769682    0.000000000
   -0.188495559   -2.701769682    0.000000000
   -0.125663706   -2.701769682    0.000000000
   -0.062831853   -2.701769682    0.000000000
    0.000000000   -2.701769682    0.000000000
    0.062831853   -2.701769682    0.000000000
    0.125663706   -2.701769682    0.000000000
    0.188495559   -2.701769682    0.000000000
    0.251327412   -2.701769682    0.000000000
    0.314159265   -2.701769682    0.000000000
    0.376991118   -2.701769682    0.000000000
    0.439822972   -2.701769682    0.000000000
    0.502654825   -2.701769682    0.000000000
    0.565486678   -2.701769682    0.000000000
    0.628318531   -2.701769682    0.000000000
    0.691150384   -2.701769682    0.000000000
    0.753982237   -2.701769682    0.000000000
    0.816814090   -2.701769682    0.000000000
    0.879645943   -2.701769682    0.000000000
    0.942477796   -2.701769682    0.000000000
    1.005309649   -2.701769682    0.000000000
    1.068141502   -2.701769682    0.000000000
    1.130973355   -2.701769682    0.000000000
    1.193805208   -2.701769682    0.000000000
    1.256637061   -2.701769682    0.000000000
    1.319468915   -2.701769682    0.000000000
    1.382300768   -2.701769682    0.000000000
    1.445132621   -2.701769682    0.000000000
    1.507964474   -2.701769682    0.000000000
    1.570796327   -2.701769682    0.000000000
    1.633628180   -2.701769682    0.000000000
    1.696460033   -2.701769682    0.000000000
    1.759291886   -2.701769682    0.000000000
    1.822123739   -2.701769682    0.000000000
    1.884955592   -2.701769682    0.000000000
    1.947787445   -2.701769682    0.000000000
    2.010619298   -2.701769682    0.000000000
    2.073451151   -2.701769682    0.000000000
    2.136283004   -2.701769682    0.000000000
    2.199114858   -2.701769682    0.000000000
    2.261946711   -2.701769682    0.000000000
    2.324778564   -2.701769682    0.000000000
    2.387610417   -2.701769682    0.000000000
    2.450442270   -2.701769682    0.000000000
    2.513274123   -2.701769682    0.000000000
    2.576105976   -2.701769682    0.000000000
    2.638937829   -2.701769682    0.000000000
    2.701769682   -2.701769682    0.000000000
    2.764601535   -2.701769682    0.000000000
    2.827433388   -2.701769682    0.000000000
    2.890265241   -2.701769682    0.000000000
    2.953097094   -2.701769682    0.000000000
    3.015928947   -2.701769682    0.000000000
    3.078760801   -2.701769682    0.000000000

   -3.141592654   -2.638937829    0.000000000
   -3.078760801   -2.638937829    0.000000000
   -3.015928947   -2.638937829    0.000000000
   -2.953097094   -2.638937829    0.000000000
   -2.890265241   -2.638937829    0.000000000
   -2.827433388   -2.638937829    0.000000000
   -2.764601535   -2.638937829    0.000000000
   -2.701769682   -2.638937829    0.000000000
   -2.638937829   -2.638937829    0.000000000
   -2.576105976   -2.638937829    0.000000000
   -2.513274123   -2.638937829    0.000000000
   -2.450442270   -2.638937829    0.000000000
   -2.387610417   -2.638937829    0.000000000
   -2.324778564   -2.638937829    0.000000000
   -2.261946711   -2.638937829    0.000000000
   -2.199114858   -2.638937829    0.000000000
   -2.136283004   -2.638937829    0.000000000
   -2.073451151   -2.638937829    0.000000000
   -2.010619298   -2.638937829    0.000000000
   -1.947787445   -2.638937829    0.000000000
   -1.884955592   -2.638937829    0.000000000
   -1.822123739   -2.638937829    0.000000000
   -1.759291886   -2.638937829    0.000000000
   -1.696460033   -2.638937829    0.000000000
   -1.633628180   -2.638937829    0.000000000
   -1.570796327   -2.638937829    0.000000000
   -1.507964474   -2.638937829    0.000000000
   -1.445132621   -2.638937829    0.000000000
   -1.382300768   -2.638937829    0.000000000
   -1.319468915   -2.638937829    0.000000000
   -1.256637061   -2.638937829    0.000000000
   -1.193805208   -2.638937829    0.000000000
   -1.130973355   -2.638937829    0.000000000
   -1.068141502   -2.638937829    0.000000000
   -1.005309649   -2.638937829    0.000000000
   -0.942477796   -2.638937829    0.000000000
   -0.879645943   -2.638937829    0.000000000
   -0.816814090   -2.638937829    0.000000000
   -0.753982237   -2.638937829    0.000000000
   -0.691150384   -2.638937829    0.000000000
   -0.628318531   -2.638937829    0.000000000
   -0.565486678   -2.638937829    0.000000000
   -0.502654825   -2.638937829    0.000000000
   -0.439822972   -2.638937829    0.000000000
   -0.376991118   -2.638937829    0.000000000
   -0.314159265   -2.638937829    0.000000000
   -0.251327412   -2.638937829    0.000000000
   -0.188495559   -2.638937829    0.000000000
   -0.125663706   -2.638937829    0.000000000
   -0.062831853   -2.638937829    0.000000000
    0.000000000   -2.638937829    0.000000000
    0.062831853   -2.638937829    0.000000000
    0.125663706   -2.638937829    0.000000000
    0.188495559   -2.638937829    0.000000000
    0.251327412   -2.638937829    0.000000000
    0.314159265   -2.638937829    0.000000000
    0.376991118   -2.638937829    0.000000000
    0.439822972   -2.638937829    0.000000000
    0.502654825   -2.638937829    0.000000000
    0.565486678   -2.638937829    0.000000000
    0.628318531   -2.638937829    0.000000000
    0.691150384   -2.638937829    0.000000000
    0.753982237   -2.638937829    0.000000000
    0.816814090   -2.638937829    0.000000000
    0.879645943   -2.638937829    0.000000000
    0.942477796   -2.638937829    0.000000000
    1.005309649   -2.638937829    0.000000000
    1.068141502   -2.638937829    0.000000000
    1.130973355   -2.638937829    0.000000000
    1.193805208   -2.638937829    0.000000000
    1.256637061   -2.638937829    0.000000000
    1.319468915   -2.638937829    0.000000000
    1.382300768   -2.638937829    0.000000000
    1.445132621   -2.638937829    0.000000000
    1.507964474   -2.638937829    0.000000000
    1.570796327   -2.638937829    0.000000000
    1.633628180   -2.638937829    0.000000000
    1.696460033   -2.638937829    0.000000000
    1.759291886   -2.638937829    0.000000000
    1.822123739   -2.638937829    0.000000000
    1.884955592   -2.638937829    0.000000000
    1.947787445   -2.638937829    0.000000000
    2.010619298   -2.638937829    0.000000000
    2.073451151   -2.638937829    0.000000000
    2.136283004   -2.638937829    0.000000000
    2.199114858   -2.638937829    0.000000000
    2.261946711   -2.638937829    0.000000000
    2.324778564   -2.638937829    0.000000000
    2.387610417   -2.638937829    0.000000000
    2.450442270   -2.638937829    0.000000000
    2.513274123   -2.638937829    0.000000000
    2.576105976   -2.638937829    0.000000000
    2.638937829   -2.638937829    0.000000000
    2.701769682   -2.638937829    0.000000000
    2.764601535   -2.638937829    0.000000000
    2.827433388   -2.638937829    0.000000000
    2.890265241   -2.638937829    0.000000000
    2.953097094   -2.638937829    0.000000000
    3.015928947   -2.638937829    0.000000000
    3.078760801   -2.638937829    0.000000000

   -3.141592654   -2.576105976    0.000000000
   -3.078760801   -2.576105976    0.000000000
   -3.015928947   -2.576105976    0.000000000
   -2.953097094   -2.576105976    0.000000000
   -2.890265241   -2.576105976    0.000000000
   -2.827433388   -2.576105976    0.000000000
   -2.764601535   -2.576105976    0.000000000
   -2.701769682   -2.576105976    0.000000000
   -2.638937829   -2.576105976    0.000000000
   -2.576105976   -2.576105976    0.000000000
   -2.513274123   -2.576105976    0.000000000
   -2.450442270   -2.576105976    0.000000000
   -2.387610417   -2.576105976    0.000000000
   -2.324778564   -2.576105976    0.000000000
   -2.261946711   -2.576105976    0.000000000
   -2.199114858   -2.576105976    0.000000000
   -2.136283004   -2.576105976    0.000000000
   -2.073451151   -2.576105976    0.000000000
   -2.010619298   -2.576105976    0.000000000
   -1.947787445   -2.576105976    0.000000000
   -1.884955592   -2.576105976    0.000000000
   -1.822123739   -2.576105976    0.000000000
   -1.759291886   -2.576105976    0.000000000
   -1.696460033   -2.576105976    0.000000000
   -1.633628180   -2.576105976    0.000000000
   -1.570796327   -2.576105976    0.000000000
   -1.507964474   -2.576105976    0.000000000
   -1.445132621   -2.576105976    0.000000000
   -1.382300768   -2.576105976    0.000000000
   -1.319468915   -2.576105976    0.000000000
   -1.256637061   -2.576105976    0.000000000
   -1.193805208   -2.576105976    0.000000000
   -1.130973355   -2.576105976    0.000000000
   -1.068141502   -2.576105976    0.000000000
   -1.005309649   -2.576105976    0.000000000
   -0.942477796   -2.576105976    0.000000000
   -0.879645943   -2.576105976    0.000000000
   -0.816814090   -2.576105976    0.000000000
   -0.753982237   -2.576105976    0.000000000
   -0.691150384   -2.576105976    0.000000000
   -0.628318531   -2.576105976    0.000000000
   -0.565486678   -2.576105976    0.000000000
   -0.502654825   -2.576105976    0.000000000
   -0.439822972   -2.576105976    0.000000000
   -0.376991118   -2.576105976    0.000000000
   -0.314159265   -2.576105976    0.000000000
   -0.251327412   -2.576105976    0.000000000
   -0.188495559   -2.576105976    0.000000000
   -0.125663706   -2.576105976    0.000000000
   -0.062831853   -2.576105976    0.000000000
    0.000000000   -2.576105976    0.000000000
    0.062831853   -2.576105976    0.000000000
    0.125663706   -2.576105976    0.000000000
    0.188495559   -2.576105976    0.000000000
    0.251327412   -2.576105976    0.000000000
    0.314159265   -2.576105976    0.000000000
    0.376991118   -2.576105976    0.000000000
    0.439822972   -2.576105976    0.000000000
    0.502654825   -2.576105976    0.000000000
    0.565486678   -2.576105976    0.000000000
    0.628318531   -2.576105976    0.000000000
    0.691150384   -2.576105976    0.000000000
    0.753982237   -2.576105976    0.000000000
    0.816814090   -2.576105976    0.000000000
    0.879645943   -2.576105976    0.000000000
    0.942477796   -2.576105976    0.000000000
    1.005309649   -2.576105976    0.000000000
    1.068141502   -2.576105976    0.000000000
    1.130973355   -2.576105976    0.000000000
    1.193805208   -2.576105976    0.000000000
    1.256637061   -2.576105976    0.000000000
    1.319468915   -2.576105976    0.000000000
    1.382300768   -2.576105976    0.000000000
    1.445132621   -2.576105976    0.000000000
    1.507964474   -2.576105976    0.000000000
    1.570796327   -2.576105976    0.000000000
    1.633628180   -2.576105976    0.000000000
    1.696460033   -2.576105976    0.000000000
    1.759291886   -2.576105976    0.000000000
    1.822123739   -2.576105976    0.000000000
    1.884955592   -2.576105976    0.000000000
    1.947787445   -2.576105976    0.000000000
    2.010619298   -2.576105976    0.000000000
    2.073451151   -2.576105976    0.000000000
    2.136283004   -2.576105976    0.000000000
    2.199114858   -2.576105976    0.000000000
    2.261946711   -2.576105976    0.000000000
    2.324778564   -2.576105976    0.000000000
    2.387610417   -2.576105976    0.000000000
    2.450442270   -2.576105976    0.000000000
    2.513274123   -2.576105976    0.000000000
    2.576105976   -2.576105976    0.000000000
    2.638937829   -2.576105976    0.000000000
    2.701769682   -2.576105976    0.000000000
    2.764601535   -2.576105976    0.000000000
    2.827433388   -2.576105976    0.000000000
    2.890265241   -2.576105976    0.000000000
    2.953097094   -2.576105976    0.000000000
    3.015928947   -2.576105976    0.000000000
    3.078760801   -2.576105976    0.000000000

   -3.141592654   -2.513274123    0.000000000
   -3.078760801   -2.513274123    0.000000000
   -3.015928947   -2.513274123    0.000000000
   -2.953097094   -2.513274123    0.000000000
   -2.890265241   -2.513274123    0.000000000
   -2.827433388   -2.513274123    0.000000000
   -2.764601535   -2.513274123    0.000000000
   -2.701769682   -2.513274123    0.000000000
   -2.638937829   -2.513274123    0.000000000
   -2.576105976   -2.513274123    0.000000000
   -2.513274123   -2.513274123    0.000000000
   -2.450442270   -2.513274123    0.000000000
   -2.387610417   -2.513274123    0.000000000
   -2.324778564   -2.513274123    0.000000000
   -2.261946711   -2.513274123    0.000000000
   -2.199114858   -2.513274123    0.000000000
   -2.136283004   -2.513274123    0.000000000
   -2.073451151   -2.513274123    0.000000000
   -2.010619298   -2.513274123    0.000000000
   -1.947787445   -2.513274123    0.000000000
   -1.884955592   -2.513274123    0.000000000
   -1.822123739   -2.513274123    0.000000000
   -1.759291886   -2.513274123    0.000000000
   -1.696460033   -2.513274123    0.000000000
   -1.633628180   -2.513274123    0.000000000
   -1.570796327   -2.513274123    0.000000000
   -1.507964474   -2.513274123    0.000000000
   -1.445132621   -2.513274123    0.000000000
   -1.382300768   -2.513274123    0.000000000
   -1.319468915   -2.513274123    0.000000000
   -1.256637061   -2.513274123    0.000000000
   -1.193805208   -2.513274123    0.000000000
   -1.130973355   -2.513274123    0.000000000
   -1.068141502   -2.513274123    0.000000000
   -1.005309649   -2.513274123    0.000000000
   -0.942477796   -2.513274123    0.000000000
   -0.879645943   -2.513274123    0.000000000
   -0.816814090   -2.513274123    0.000000000
   -0.753982237   -2.513274123    0.000000000
   -0.691150384   -2.513274123    0.000000000
   -0.628318531   -2.513274123    0.000000000
   -0.565486678   -2.513274123    0.000000000
   -0.502654825   -2.513274123    0.000000000
   -0.439822972   -2.513274123    0.000000000
   -0.376991118   -2.513274123    0.000000000
   -0.314159265   -2.513274123    0.000000000
   -0.251327412   -2.513274123    0.000000000
   -0.188495559   -2.513274123    0.000000000
   -0.125663706   -2.513274123    0.000000000
   -0.062831853   -2.513274123    0.000000000
    0.000000000   -2.513274123    0.000000000
    0.062831853   -2.513274123    0.000000000
    0.125663706   -2.513274123    0.000000000
    0.188495559   -2.513274123    0.000000000
    0.251327412   -2.513274123    0.000000000
    0.314159265   -2.513274123    0.000000000
    0.376991118   -2.513274123    0.000000000
    0.439822972   -2.513274123    0.000000000
    0.502654825   -2.513274123    0.000000000
    0.565486678   -2.513274123    0.000000000
    0.628318531   -2.513274123    0.000000000
    0.691150384   -2.513274123    0.000000000
    0.753982237   -2.513274123    0.000000000
    0.816814090   -2.513274123    0.000000000
    0.879645943   -2.513274123    0.000000000
    0.942477796   -2.513274123    0.000000000
    1.005309649   -2.513274123    0.000000000
    1.068141502   -2.513274123    0.000000000
    1.130973355   -2.513274123    0.000000000
    1.193805208   -2.513274123    0.000000000
    1.256637061   -2.513274123    0.000000000
    1.319468915   -2.513274123    0.000000000
    1.382300768   -2.513274123    0.000000000
    1.445132621   -2.513274123    0.000000000
    1.507964474   -2.513274123    0.000000000
    1.570796327   -2.513274123    0.000000000
    1.633628180   -2.513274123    0.000000000
    1.696460033   -2.513274123    0.000000000
    1.759291886   -2.513274123    0.000000000
    1.822123739   -2.513274123    0.000000000
    1.884955592   -2.513274123    0.000000000
    1.947787445   -2.513274123    0.000000000
    2.010619298   -2.513274123    0.000000000
    2.073451151   -2.513274123    0.000000000
    2.136283004   -2.513274123    0.000000000
    2.199114858   -2.513274123    0.000000000
    2.261946711   -2.513274123    0.000000000
    2.324778564   -2.513274123    0.000000000
    2.387610417   -2.513274123    0.000000000
    2.450442270   -2.513274123    0.000000000
    2.513274123   -2.513274123    0.000000000
    2.576105976   -2.513274123    0.000000000
    2.638937829   -2.513274123    0.000000000
    2.701769682   -2.513274123    0.000000000
    2.764601535   -2.513274123    0.000000000
    2.827433388   -2.513274123    0.000000000
    2.890265241   -2.513274123    0.000000000
    2.953097094   -2.513274123    0.000000000
    3.015928947   -2.513274123    0.000000000
    3.078760801   -2.513274123    0.000000000

   -3.141592654   -2.450442270    0.000000000
   -3.078760801   -2.450442270    0.000000000
   -3.015928947   -2.450442270    0.000000000
   -2.953097094   -2.450442270    0.000000000
   -2.890265241   -2.450442270    0.000000000
   -2.827433388   -2.450442270    0.000000000
   -2.764601535   -2.450442270    0.000000000
   -2.701769682   -2.450442270    0.000000000
   -2.638937829   -2.450442270    0.000000000
   -2.576105976   -2.450442270    0.000000000
   -2.513274123   -2.450442270    0.000000000
   -2.450442270   -2.450442270    0.000000000
   -2.387610417   -2.450442270    0.000000000
   -2.324778564   -2.450442270    0.000000000
   -2.261946711   -2.450442270    0.000000000
   -2.199114858   -2.450442270    0.000000000
   -2.136283004   -2.450442270    0.000000000
   -2.073451151   -2.450442270    0.000000000
   -2.010619298   -2.450442270    0.000000000
   -1.947787445   -2.450442270    0.000000000
   -1.884955592   -2.450442270    0.000000000
   -1.822123739   -2.450442270    0.000000000
   -1.759291886   -2.450442270    0.000000000
   -1.696460033   -2.450442270    0.000000000
   -1.633628180   -2.450442270    0.000000000
   -1.570796327   -2.450442270    0.000000000
   -1.507964474   -2.450442270    0.000000000
   -1.445132621   -2.450442270    0.000000000
   -1.382300768   -2.450442270    0.000000000
   -1.319468915   -2.450442270    0.000000000
   -1.256637061   -2.450442270    0.000000000
   -1.193805208   -2.450442270    0.000000000
   -1.130973355   -2.450442270    0.000000000
   -1.068141502   -2.450442270    0.000000000
   -1.005309649   -2.450442270    0.000000000
   -0.942477796   -2.450442270    0.000000000
   -0.879645943   -2.450442270    0.000000000
   -0.816814090   -2.450442270    0.000000000
   -0.753982237   -2.450442270    0.000000000
   -0.691150384   -2.450442270    0.000000000
   -0.628318531   -2.450442270    0.000000000
   -0.565486678   -2.450442270    0.000000000
   -0.502654825   -2.450442270    0.000000000
   -0.439822972   -2.450442270    0.000000000
   -0.376991118   -2.450442270    0.000000000
   -0.314159265   -2.450442270    0.000000000
   -0.251327412   -2.450442270    0.000000000
   -0.188495559   -2.450442270    0.000000000
   -0.125663706   -2.450442270    0.000000000
   -0.062831853   -2.450442270    0.000000000
    0.000000000   -2.450442270    0.000000000
    0.062831853   -2.450442270    0.000000000
    0.125663706   -2.450442270    0.000000000
    0.188495559   -2.450442270    0.000000000
    0.251327412   -2.450442270    0.000000000
    0.314159265   -2.450442270    0.000000000
    0.376991118   -2.450442270    0.000000000
    0.439822972   -2.450442270    0.000000000
    0.502654825   -2.450442270    0.000000000
    0.565486678   -2.450442270    0.000000000
    0.628318531   -2.450442270    0.000000000
    0.691150384   -2.450442270    0.000000000
    0.753982237   -2.450442270    0.000000000
    0.816814090   -2.450442270    0.000000000
    0.879645943   -2.450442270    0.000000000
    0.942477796   -2.450442270    0.000000000
    1.005309649   -2.450442270    0.000000000
    1.068141502   -2.450442270    0.000000000
    1.130973355   -2.450442270    0.000000000
    1.193805208   -2.450442270    0.000000000
    1.256637061   -2.450442270    0.000000000
    1.319468915   -2.450442270    0.000000000
    1.382300768   -2.450442270    0.000000000
    1.445132621   -2.450442270    0.000000000
    1.507964474   -2.450442270    0.000000000
    1.570796327   -2.450442270    0.000000000
    1.633628180   -2.450442270    0.000000000
    1.696460033   -2.450442270    0.000000000
    1.759291886   -2.450442270    0.000000000
    1.822123739   -2.450442270    0.000000000
    1.884955592   -2.450442270    0.000000000
    1.947787445   -2.450442270    0.000000000
    2.010619298   -2.450442270    0.000000000
    2.073451151   -2.450442270    0.000000000
    2.136283004   -2.450442270    0.000000000
    2.199114858   -2.450442270    0.000000000
    2.261946711   -2.450442270    0.000000000
    2.324778564   -2.450442270    0.000000000
    2.387610417   -2.450442270    0.000000000
    2.450442270   -2.450442270    0.000000000
    2.513274123   -2.450442270    0.000000000
    2.576105976   -2.450442270    0.000000000
    2.638937829   -2.450442270    0.000000000
    2.701769682   -2.450442270    0.000000000
    2.764601535   -2.450442270    0.000000000
    2.827433388   -2.450442270    0.000000000
    2.890265241   -2.450442270    0.000000000
    2.953097094   -2.450442270    0.000000000
    3.015928947   -2.450442270    0.000000000
    3.078760801   -2.450442270    0.000000000

   -3.141592654   -2.387610417    0.000000000
   -3.078760801   -2.387610417    0.000000000
   -3.015928947   -2.387610417    0.000000000
   -2.953097094   -2.387610417    0.000000000
   -2.890265241   -2.387610417    0.000000000
   -2.827433388   -2.387610417    0.000000000
   -2.764601535   -2.387610417    0.000000000
   -2.701769682   -2.387610417    0.000000000
   -2.638937829   -2.387610417    0.000000000
   -2.576105976   -2.387610417    0.000000000
   -2.513274123   -2.387610417    0.000000000
   -2.450442270   -2.387610417    0.000000000
   -2.387610417   -2.387610417    0.000000000
   -2.324778564   -2.387610417    0.000000000
   -2.261946711   -2.387610417    0.000000000
   -2.199114858   -2.387610417    0.000000000
   -2.136283004   -2.387610417    0.000000000
   -2.073451151   -2.387610417    0.000000000
   -2.010619298   -2.387610417    0.000000000
   -1.947787445   -2.387610417    0.000000000
   -1.884955592   -2.387610417    0.000000000
   -1.822123739   -2.387610417    0.000000000
   -1.759291886   -2.387610417    0.000000000
   -1.696460033   -2.387610417    0.000000000
   -1.633628180   -2.387610417    0.000000000
   -1.570796327   -2.387610417    0.000000000
   -1.507964474   -2.387610417    0.000000000
   -1.445132621   -2.387610417    0.000000000
   -1.382300768   -2.387610417    0.000000000
   -1.319468915   -2.387610417    0.000000000
   -1.256637061   -2.387610417    0.000000000
   -1.193805208   -2.387610417    0.000000000
   -1.130973355   -2.387610417    0.000000000
   -1.068141502   -2.387610417    0.000000000
   -1.005309649   -2.387610417    0.000000000
   -0.942477796   -2.387610417    0.000000000
   -0.879645943   -2.387610417    0.000000000
   -0.816814090   -2.387610417    0.000000000
   -0.753982237   -2.387610417    0.000000000
   -0.691150384   -2.387610417    0.000000000
   -0.628318531   -2.387610417    0.000000000
   -0.565486678   -2.387610417    0.000000000
   -0.502654825   -2.387610417    0.000000000
   -0.439822972   -2.387610417    0.000000000
   -0.376991118   -2.387610417    0.000000000
   -0.314159265   -2.387610417    0.000000000
   -0.251327412   -2.387610417    0.000000000
   -0.188495559   -2.387610417    0.000000000
   -0.125663706   -2.387610417    0.000000000
   -0.062831853   -2.387610417    0.000000000
    0.000000000   -2.387610417    0.000000000
    0.062831853   -2.387610417    0.000000000
    0.125663706   -2.387610417    0.000000000
    0.188495559   -2.387610417    0.000000000
    0.251327412   -2.387610417    0.000000000
    0.314159265   -2.387610417    0.000000000
    0.376991118   -2.387610417    0.000000000
    0.439822972   -2.387610417    0.000000000
    0.502654825   -2.387610417    0.000000000
    0.565486678   -2.387610417    0.000000000
    0.628318531   -2.387610417    0.000000000
    0.691150384   -2.387610417    0.000000000
    0.753982237   -2.387610417    0.000000000
    0.816814090   -2.387610417    0.000000000
    0.879645943   -2.387610417    0.000000000
    0.942477796   -2.387610417    0.000000000
    1.005309649   -2.387610417    0.000000000
    1.068141502   -2.387610417    0.000000000
    1.130973355   -2.387610417    0.000000000
    1.193805208   -2.387610417    0.000000000
    1.256637061   -2.387610417    0.000000000
    1.319468915   -2.387610417    0.000000000
    1.382300768   -2.387610417    0.000000000
    1.445132621   -2.387610417    0.000000000
    1.507964474   -2.387610417    0.000000000
    1.570796327   -2.387610417    0.000000000
    1.633628180   -2.387610417    0.000000000
    1.696460033   -2.387610417    0.000000000
    1.759291886   -2.387610417    0.000000000
    1.822123739   -2.387610417    0.000000000
    1.884955592   -2.387610417    0.000000000
    1.947787445   -2.387610417    0.000000000
    2.010619298   -2.387610417    0.000000000
    2.073451151   -2.387610417    0.000000000
    2.136283004   -2.387610417    0.000000000
    2.199114858   -2.387610417    0.000000000
    2.261946711   -2.387610417    0.000000000
    2.324778564   -2.387610417    0.000000000
    2.387610417   -2.387610417    0.000000000
    2.450442270   -2.387610417    0.000000000
    2.513274123   -2.387610417    0.000000000
    2.576105976   -2.387610417    0.000000000
    2.638937829   -2.387610417    0.000000000
    2.701769682   -2.387610417    0.000000000
    2.764601535   -2.387610417    0.000000000
    2.827433388   -2.387610417    0.000000000
    2.890265241   -2.387610417    0.000000000
    2.953097094   -2.387610417    0.000000000
    3.015928947   -2.387610417    0.000000000
    3.078760801   -2.387610417    0.000000000

   -3.141592654   -2.324778564    0.000000000
   -3.078760801   -2.324778564    0.000000000
   -3.015928947   -2.324778564    0.000000000
   -2.953097094   -2.324778564    0.000000000
   -2.890265241   -2.324778564    0.000000000
   -2.827433388   -2.324778564    0.000000000
   -2.764601535   -2.324778564    0.000000000
   -2.701769682   -2.324778564    0.000000000
   -2.638937829   -2.324778564    0.000000000
   -2.576105976   -2.324778564    0.000000000
   -2.513274123   -2.324778564    0.000000000
   -2.450442270   -2.324778564    0.000000000
   -2.387610417   -2.324778564    0.000000000
   -2.324778564   -2.324778564    0.000000000
   -2.261946711   -2.324778564    0.000000000
   -2.199114858   -2.324778564    0.000000000
   -2.136283004   -2.324778564    0.000000000
   -2.073451151   -2.324778564    0.000000000
   -2.010619298   -2.324778564    0.000000000
   -1.947787445   -2.324778564    0.000000000
   -1.884955592   -2.324778564    0.000000000
   -1.822123739   -2.324778564    0.000000000
   -1.759291886   -2.324778564    0.000000000
   -1.696460033   -2.324778564    0.000000000
   -1.633628180   -2.324778564    0.000000000
   -1.570796327   -2.324778564    0.000000000
   -1.507964474   -2.324778564    0.000000000
   -1.445132621   -2.324778564    0.000000000
   -1.382300768   -2.324778564    0.000000000
   -1.319468915   -2.324778564    0.000000000
   -1.256637061   -2.324778564    0.000000000
   -1.193805208   -2.324778564    0.000000000
   -1.130973355   -2.324778564    0.000000000
   -1.068141502   -2.324778564    0.000000000
   -1.005309649   -2.324778564    0.000000000
   -0.942477796   -2.324778564    0.000000000
   -0.879645943   -2.324778564    0.000000000
   -0.816814090   -2.324778564    0.000000000
   -0.753982237   -2.324778564    0.000000000
   -0.691150384   -2.324778564    0.000000000
   -0.628318531   -2.324778564    0.000000000
   -0.565486678   -2.324778564    0.000000000
   -0.502654825   -2.324778564    0.000000000
   -0.439822972   -2.324778564    0.000000000
   -0.376991118   -2.324778564    0.000000000
   -0.314159265   -2.324778564    0.000000000
   -0.251327412   -2.324778564    0.000000000
   -0.188495559   -2.324778564    0.000000000
   -0.125663706   -2.324778564    0.000000000
   -0.062831853   -2.324778564    0.000000000
    0.000000000   -2.324778564    0.000000000
    0.062831853   -2.324778564    0.000000000
    0.125663706   -2.324778564    0.000000000
    0.188495559   -2.324778564    0.000000000
    0.251327412   -2.324778564    0.000000000
    0.314159265   -2.324778564    0.000000000
    0.376991118   -2.324778564    0.000000000
    0.439822972   -2.324778564    0.000000000
    0.502654825   -2.324778564    0.000000000
    0.565486678   -2.324778564    0.000000000
    0.628318531   -2.324778564    0.000000000
    0.691150384   -2.324778564    0.000000000
    0.753982237   -2.324778564    0.000000000
    0.816814090   -2.324778564    0.000000000
    0.879645943   -2.324778564    0.000000000
    0.942477796   -2.324778564    0.000000000
    1.005309649   -2.324778564    0.000000000
    1.068141502   -2.324778564    0.000000000
    1.130973355   -2.324778564    0.000000000
    1.193805208   -2.324778564    0.000000000
    1.256637061   -2.324778564    0.000000000
    1.319468915   -2.324778564    0.000000000
    1.382300768   -2.324778564    0.000000000
    1.445132621   -2.324778564    0.000000000
    1.507964474   -2.324778564    0.000000000
    1.570796327   -2.324778564    0.000000000
    1.633628180   -2.324778564    0.000000000
    1.696460033   -2.324778564    0.000000000
    1.759291886   -2.324778564    0.000000000
    1.822123739   -2.324778564    0.000000000
    1.884955592   -2.324778564    0.000000000
    1.947787445   -2.324778564    0.000000000
    2.010619298   -2.324778564    0.000000000
    2.073451151   -2.324778564    0.000000000
    2.136283004   -2.324778564    0.000000000
    2.199114858   -2.324778564    0.000000000
    2.261946711   -2.324778564    0.000000000
    2.324778564   -2.324778564    0.000000000
    2.387610417   -2.324778564    0.000000000
    2.450442270   -2.324778564    0.000000000
    2.513274123   -2.324778564    0.000000000
    2.576105976   -2.324778564    0.000000000
    2.638937829   -2.324778564    0.000000000
    2.701769682   -2.324778564    0.000000000
    2.764601535   -2.324778564    0.000000000
    2.827433388   -2.324778564    0.000000000
    2.890265241   -2.324778564    0.000000000
    2.953097094   -2.324778564    0.000000000
    3.015928947   -2.324778564    0.000000000
    3.078760801   -2.324778564    0.000000000

   -3.141592654   -2.261946711    0.000000000
   -3.078760801   -2.261946711    0.000000000
   -3.015928947   -2.261946711    0.000000000
   -2.953097094   -2.261946711    0.000000000
   -2.890265241   -2.261946711    0.000000000
   -2.827433388   -2.261946711    0.000000000
   -2.764601535   -2.261946711    0.000000000
   -2.701769682   -2.261946711    0.000000000
   -2.638937829   -2.261946711    0.000000000
   -2.576105976   -2.261946711    0.000000000
   -2.513274123   -2.261946711    0.000000000
   -2.450442270   -2.261946711    0.000000000
   -2.387610417   -2.261946711    0.000000000
   -2.324778564   -2.261946711    0.000000000
   -2.261946711   -2.261946711    0.000000000
   -2.199114858   -2.261946711    0.000000000
   -2.136283004   -2.261946711    0.000000000
   -2.073451151   -2.261946711    0.000000000
   -2.010619298   -2.261946711    0.000000000
   -1.947787445   -2.261946711    0.000000000
   -1.884955592   -2.261946711    0.000000000
   -1.822123739   -2.261946711    0.000000000
   -1.759291886   -2.261946711    0.000000000
   -1.696460033   -2.261946711    0.000000000
   -1.633628180   -2.261946711    0.000000000
   -1.570796327   -2.261946711    0.000000000
   -1.507964474   -2.261946711    0.000000000
   -1.445132621   -2.261946711    0.000000000
   -1.382300768   -2.261946711    0.000000000
   -1.319468915   -2.261946711    0.000000000
   -1.256637061   -2.261946711    0.000000000
   -1.193805208   -2.261946711    0.000000000
   -1.130973355   -2.261946711    0.000000000
   -1.068141502   -2.261946711    0.000000000
   -1.005309649   -2.261946711    0.000000000
   -0.942477796   -2.261946711    0.000000000
   -0.879645943   -2.261946711    0.000000000
   -0.816814090   -2.261946711    0.000000000
   -0.753982237   -2.261946711    0.000000000
   -0.691150384   -2.261946711    0.000000000
   -0.628318531   -2.261946711    0.000000000
   -0.565486678   -2.261946711    0.000000000
   -0.502654825   -2.261946711    0.000000000
   -0.439822972   -2.261946711    0.000000000
   -0.376991118   -2.261946711    0.000000000
   -0.314159265   -2.261946711    0.000000000
   -0.251327412   -2.261946711    0.000000000
   -0.188495559   -2.261946711    0.000000000
   -0.125663706   -2.261946711    0.000000000
   -0.062831853   -2.261946711    0.000000000
    0.000000000   -2.261946711    0.000000000
    0.062831853   -2.261946711    0.000000000
    0.125663706   -2.261946711    0.000000000
    0.188495559   -2.261946711    0.000000000
    0.251327412   -2.261946711    0.000000000
    0.314159265   -2.261946711    0.000000000
    0.376991118   -2.261946711    0.000000000
    0.439822972   -2.261946711    0.000000000
    0.502654825   -2.261946711    0.000000000
    0.565486678   -2.261946711    0.000000000
    0.628318531   -2.261946711    0.000000000
    0.691150384   -2.261946711    0.000000000
    0.753982237   -2.261946711    0.000000000
    0.816814090   -2.261946711    0.000000000
    0.879645943   -2.261946711    0.000000000
    0.942477796   -2.261946711    0.000000000
    1.005309649   -2.261946711    0.000000000
    1.068141502   -2.261946711    0.000000000
    1.130973355   -2.261946711    0.000000000
    1.193805208   -2.261946711    0.000000000
    1.256637061   -2.261946711    0.000000000
    1.319468915   -2.261946711    0.000000000
    1.382300768   -2.261946711    0.000000000
    1.445132621   -2.261946711    0.000000000
    1.507964474   -2.261946711    0.000000000
    1.570796327   -2.261946711    0.000000000
    1.633628180   -2.261946711    0.000000000
    1.696460033   -2.261946711    0.000000000
    1.759291886   -2.261946711    0.000000000
    1.822123739   -2.261946711    0.000000000
    1.884955592   -2.261946711    0.000000000
    1.947787445   -2.261946711    0.000000000
    2.010619298   -2.261946711    0.000000000
    2.073451151   -2.261946711    0.000000000
    2.136283004   -2.261946711    0.000000000
    2.199114858   -2.261946711    0.000000000
    2.261946711   -2.261946711    0.000000000
    2.324778564   -2.261946711    0.000000000
    2.387610417   -2.261946711    0.000000000
    2.450442270   -2.261946711    0.000000000
    2.513274123   -2.261946711    0.000000000
    2.576105976   -2.261946711    0.000000000
    2.638937829   -2.261946711    0.000000000
    2.701769682   -2.261946711    0.000000000
    2.764601535   -2.261946711    0.000000000
    2.827433388   -2.261946711    0.000000000
    2.890265241   -2.261946711    0.000000000
    2.953097094   -2.261946711    0.000000000
    3.015928947   -2.261946711    0.000000000
    3.078760801   -2.261946711    0.000000000

   -3.141592654   -2.199114858    0.000000000
   -3.078760801   -2.199114858    0.000000000
   -3.015928947   -2.199114858    0.000000000
   -2.953097094   -2.199114858    0.000000000
   -2.890265241   -2.199114858    0.000000000
   -2.827433388   -2.199114858    0.000000000
   -2.764601535   -2.199114858    0.000000000
   -2.701769682   -2.199114858    0.000000000
   -2.638937829   -2.199114858    0.000000000
   -2.576105976   -2.199114858    0.000000000
   -2.513274123   -2.199114858    0.000000000
   -2.450442270   -2.199114858    0.000000000
   -2.387610417   -2.199114858    0.000000000
   -2.324778564   -2.199114858    0.000000000
   -2.261946711   -2.199114858    0.000000000
   -2.199114858   -2.199114858    0.000000000
   -2.136283004   -2.199114858    0.000000000
   -2.073451151   -2.199114858    0.000000000
   -2.010619298   -2.199114858    0.000000000
   -1.947787445   -2.199114858    0.000000000
   -1.884955592   -2.199114858    0.000000000
   -1.822123739   -2.199114858    0.000000000
   -1.759291886   -2.199114858    0.000000000
   -1.696460033   -2.199114858    0.000000000
   -1.633628180   -2.199114858    0.000000000
   -1.570796327   -2.199114858    0.000000000
   -1.507964474   -2.199114858    0.000000000
   -1.445132621   -2.199114858    0.000000000
   -1.382300768   -2.199114858    0.000000000
   -1.319468915   -2.199114858    0.000000000
   -1.256637061   -2.199114858    0.000000000
   -1.193805208   -2.199114858    0.000000000
   -1.130973355   -2.199114858    0.000000000
   -1.068141502   -2.199114858    0.000000000
   -1.005309649   -2.199114858    0.000000000
   -0.942477796   -2.199114858    0.000000000
   -0.879645943   -2.199114858    0.000000000
   -0.816814090   -2.199114858    0.000000000
   -0.753982237   -2.199114858    0.000000000
   -0.691150384   -2.199114858    0.000000000
   -0.628318531   -2.199114858    0.000000000
   -0.565486678   -2.199114858    0.000000000
   -0.502654825   -2.199114858    0.000000000
   -0.439822972   -2.199114858    0.000000000
   -0.376991118   -2.199114858    0.000000000
   -0.314159265   -2.199114858    0.000000000
   -0.251327412   -2.199114858    0.000000000
   -0.188495559   -2.199114858    0.000000000
   -0.125663706   -2.199114858    0.000000000
   -0.062831853   -2.199114858    0.000000000
    0.000000000   -2.199114858    0.000000000
    0.062831853   -2.199114858    0.000000000
    0.125663706   -2.199114858    0.000000000
    0.188495559   -2.199114858    0.000000000
    0.251327412   -2.199114858    0.000000000
    0.314159265   -2.199114858    0.000000000
    0.376991118   -2.199114858    0.000000000
    0.439822972   -2.199114858    0.000000000
    0.502654825   -2.199114858    0.000000000
    0.565486678   -2.199114858    0.000000000
    0.628318531   -2.199114858    0.000000000
    0.691150384   -2.199114858    0.000000000
    0.753982237   -2.199114858    0.000000000
    0.816814090   -2.199114858    0.000000000
    0.879645943   -2.199114858    0.000000000
    0.942477796   -2.199114858    0.000000000
    1.005309649   -2.199114858    0.000000000
    1.068141502   -2.199114858    0.000000000
    1.130973355   -2.199114858    0.000000000
    1.193805208   -2.199114858    0.000000000
    1.256637061   -2.199114858    0.000000000
    1.319468915   -2.199114858    0.000000000
    1.382300768   -2.199114858    0.000000000
    1.445132621   -2.199114858    0.000000000
    1.507964474   -2.199114858    0.000000000
    1.570796327   -2.199114858    0.000000000
    1.633628180   -2.199114858    0.000000000
    1.696460033   -2.199114858    0.000000000
    1.759291886   -2.199114858    0.000000000
    1.822123739   -2.199114858    0.000000000
    1.884955592   -2.199114858    0.000000000
    1.947787445   -2.199114858    0.000000000
    2.010619298   -2.199114858    0.000000000
    2.073451151   -2.199114858    0.000000000
    2.136283004   -2.199114858    0.000000000
    2.199114858   -2.199114858    0.000000000
    2.261946711   -2.199114858    0.000000000
    2.324778564   -2.199114858    0.000000000
    2.387610417   -2.199114858    0.000000000
    2.450442270   -2.199114858    0.000000000
    2.513274123   -2.199114858    0.000000000
    2.576105976   -2.199114858    0.000000000
    2.638937829   -2.199114858    0.000000000
    2.701769682   -2.199114858    0.000000000
    2.764601535   -2.199114858    0.000000000
    2.827433388   -2.199114858    0.000000000
    2.890265241   -2.199114858    0.000000000
    2.953097094   -2.199114858    0.000000000
    3.015928947   -2.199114858    0.000000000
    3.078760801   -2.199114858    0.000000000

   -3.141592654   -2.136283004    0.000000000
   -3.078760801   -2.136283004    0.000000000
   -3.015928947   -2.136283004    0.000000000
   -2.953097094   -2.136283004    0.000000000
   -2.890265241   -2.136283004    0.000000000
   -2.827433388   -2.136283004    0.000000000
   -2.764601535   -2.136283004    0.000000000
   -2.701769682   -2.136283004    0.000000000
   -2.638937829   -2.136283004    0.000000000
   -2.576105976   -2.136283004    0.000000000
   -2.513274123   -2.136283004    0.000000000
   -2.450442270   -2.136283004    0.000000000
   -2.387610417   -2.136283004    0.000000000
   -2.324778564   -2.136283004    0.000000000
   -2.261946711   -2.136283004    0.000000000
   -2.199114858   -2.136283004    0.000000000
   -2.136283004   -2.136283004    0.000000000
   -2.073451151   -2.136283004    0.000000000
   -2.010619298   -2.136283004    0.000000000
   -1.947787445   -2.136283004    0.000000000
   -1.884955592   -2.136283004    0.000000000
   -1.822123739   -2.136283004    0.000000000
   -1.759291886   -2.136283004    0.000000000
   -1.696460033   -2.136283004    0.000000000
   -1.633628180   -2.136283004    0.000000000
   -1.570796327   -2.136283004    0.000000000
   -1.507964474   -2.136283004    0.000000000
   -1.445132621   -2.136283004    0.000000000
   -1.382300768   -2.136283004    0.000000000
   -1.319468915   -2.136283004    0.000000000
   -1.256637061   -2.136283004    0.000000000
   -1.193805208   -2.136283004    0.000000000
   -1.130973355   -2.136283004    0.000000000
   -1.068141502   -2.136283004    0.000000000
   -1.005309649   -2.136283004    0.000000000
   -0.942477796   -2.136283004    0.000000000
   -0.879645943   -2.136283004    0.000000000
   -0.816814090   -2.136283004    0.000000000
   -0.753982237   -2.136283004    0.000000000
   -0.691150384   -2.136283004    0.000000000
   -0.628318531   -2.136283004    0.000000000
   -0.565486678   -2.136283004    0.000000000
   -0.502654825   -2.136283004    0.000000000
   -0.439822972   -2.136283004    0.000000000
   -0.376991118   -2.136283004    0.000000000
   -0.314159265   -2.136283004    0.000000000
   -0.251327412   -2.136283004    0.000000000
   -0.188495559   -2.136283004    0.000000000
   -0.125663706   -2.136283004    0.000000000
   -0.062831853   -2.136283004    0.000000000
    0.000000000   -2.136283004    0.000000000
    0.062831853   -2.136283004    0.000000000
    0.125663706   -2.136283004    0.000000000
    0.188495559   -2.136283004    0.000000000
    0.251327412   -2.136283004    0.000000000
    0.314159265   -2.136283004    0.000000000
    0.376991118   -2.136283004    0.000000000
    0.439822972   -2.136283004    0.000000000
    0.502654825   -2.136283004    0.000000000
    0.565486678   -2.136283004    0.000000000
    0.628318531   -2.136283004    0.000000000
    0.691150384   -2.136283004    0.000000000
    0.753982237   -2.136283004    0.000000000
    0.816814090   -2.136283004    0.000000000
    0.879645943   -2.136283004    0.000000000
    0.942477796   -2.136283004    0.000000000
    1.005309649   -2.136283004    0.000000000
    1.068141502   -2.136283004    0.000000000
    1.130973355   -2.136283004    0.000000000
    1.193805208   -2.136283004    0.000000000
    1.256637061   -2.136283004    0.000000000
    1.319468915   -2.136283004    0.000000000
    1.382300768   -2.136283004    0.000000000
    1.445132621   -2.136283004    0.000000000
    1.507964474   -2.136283004    0.000000000
    1.570796327   -2.136283004    0.000000000
    1.633628180   -2.136283004    0.000000000
    1.696460033   -2.136283004    0.000000000
    1.759291886   -2.136283004    0.000000000
    1.822123739   -2.136283004    0.000000000
    1.884955592   -2.136283004    0.000000000
    1.947787445   -2.136283004    0.000000000
    2.010619298   -2.136283004    0.000000000
    2.073451151   -2.136283004    0.000000000
    2.136283004   -2.136283004    0.000000000
    2.199114858   -2.136283004    0.000000000
    2.261946711   -2.136283004    0.000000000
    2.324778564   -2.136283004    0.000000000
    2.387610417   -2.136283004    0.000000000
    2.450442270   -2.136283004    0.000000000
    2.513274123   -2.136283004    0.000000000
    2.576105976   -2.136283004    0.000000000
    2.638937829   -2.136283004    0.000000000
    2.701769682   -2.136283004    0.000000000
    2.764601535   -2.136283004    0.000000000
    2.827433388   -2.136283004    0.000000000
    2.890265241   -2.136283004    0.000000000
    2.953097094   -2.136283004    0.000000000
    3.015928947   -2.136283004    0.000000000
    3.078760801   -2.136283004    0.000000000

   -3.141592654   -2.073451151    0.000000000
   -3.078760801   -2.073451151    0.000000000
   -3.015928947   -2.073451151    0.000000000
   -2.953097094   -2.073451151    0.000000000
   -2.890265241   -2.073451151    0.000000000
   -2.827433388   -2.073451151    0.000000000
   -2.764601535   -2.073451151    0.000000000
   -2.701769682   -2.073451151    0.000000000
   -2.638937829   -2.073451151    0.000000000
   -2.576105976   -2.073451151    0.000000000
   -2.513274123   -2.073451151    0.000000000
   -2.450442270   -2.073451151    0.000000000
   -2.387610417   -2.073451151    0.000000000
   -2.324778564   -2.073451151    0.000000000
   -2.261946711   -2.073451151    0.000000000
   -2.199114858   -2.073451151    0.000000000
   -2.136283004   -2.073451151    0.000000000
   -2.073451151   -2.073451151    0.000000000
   -2.010619298   -2.073451151    0.000000000
   -1.947787445   -2.073451151    0.000000000
   -1.884955592   -2.073451151    0.000000000
   -1.822123739   -2.073451151    0.000000000
   -1.759291886   -2.073451151    0.000000000
   -1.696460033   -2.073451151    0.000000000
   -1.633628180   -2.073451151    0.000000000
   -1.570796327   -2.073451151    0.000000000
   -1.507964474   -2.073451151    0.000000000
   -1.445132621   -2.073451151    0.000000000
   -1.382300768   -2.073451151    0.000000000
   -1.319468915   -2.073451151    0.000000000
   -1.256637061   -2.073451151    0.000000000
   -1.193805208   -2.073451151    0.000000000
   -1.130973355   -2.073451151    0.000000000
   -1.068141502   -2.073451151    0.000000000
   -1.005309649   -2.073451151    0.000000000
   -0.942477796   -2.073451151    0.000000000
   -0.879645943   -2.073451151    0.000000000
   -0.816814090   -2.073451151    0.000000000
   -0.753982237   -2.073451151    0.000000000
   -0.691150384   -2.073451151    0.000000000
   -0.628318531   -2.073451151    0.000000000
   -0.565486678   -2.073451151    0.000000000
   -0.502654825   -2.073451151    0.000000000
   -0.439822972   -2.073451151    0.000000000
   -0.376991118   -2.073451151    0.000000000
   -0.314159265   -2.073451151    0.000000000
   -0.251327412   -2.073451151    0.000000000
   -0.188495559   -2.073451151    0.000000000
   -0.125663706   -2.073451151    0.000000000
   -0.062831853   -2.073451151    0.000000000
    0.000000000   -2.073451151    0.000000000
    0.062831853   -2.073451151    0.000000000
    0.125663706   -2.073451151    0.000000000
    0.188495559   -2.073451151    0.000000000
    0.251327412   -2.073451151    0.000000000
    0.314159265   -2.073451151    0.000000000
    0.376991118   -2.073451151    0.000000000
    0.439822972   -2.073451151    0.000000000
    0.502654825   -2.073451151    0.000000000
    0.565486678   -2.073451151    0.000000000
    0.628318531   -2.073451151    0.000000000
    0.691150384   -2.073451151    0.000000000
    0.753982237   -2.073451151    0.000000000
    0.816814090   -2.073451151    0.000000000
    0.879645943   -2.073451151    0.000000000
    0.942477796   -2.073451151    0.000000000
    1.005309649   -2.073451151    0.000000000
    1.068141502   -2.073451151    0.000000000
    1.130973355   -2.073451151    0.000000000
    1.193805208   -2.073451151    0.000000000
    1.256637061   -2.073451151    0.000000000
    1.319468915   -2.073451151    0.000000000
    1.382300768   -2.073451151    0.000000000
    1.445132621   -2.073451151    0.000000000
    1.507964474   -2.073451151    0.000000000
    1.570796327   -2.073451151    0.000000000
    1.633628180   -2.073451151    0.000000000
    1.696460033   -2.073451151    0.000000000
    1.759291886   -2.073451151    0.000000000
    1.822123739   -2.073451151    0.000000000
    1.884955592   -2.073451151    0.000000000
    1.947787445   -2.073451151    0.000000000
    2.010619298   -2.073451151    0.000000000
    2.073451151   -2.073451151    0.000000000
    2.136283004   -2.073451151    0.000000000
    2.199114858   -2.073451151    0.000000000
    2.261946711   -2.073451151    0.000000000
    2.324778564   -2.073451151    0.000000000
    2.387610417   -2.073451151    0.000000000
    2.450442270   -2.073451151    0.000000000
    2.513274123   -2.073451151    0.000000000
    2.576105976   -2.073451151    0.000000000
    2.638937829   -2.073451151    0.000000000
    2.701769682   -2.073451151    0.000000000
    2.764601535   -2.073451151    0.000000000
    2.827433388   -2.073451151    0.000000000
    2.890265241   -2.073451151    0.000000000
    2.953097094   -2.073451151    0.000000000
    3.015928947   -2.073451151    0.000000000
    3.078760801   -2.073451151    0.000000000

   -3.141592654   -2.010619298    0.000000000
   -3.078760801   -2.010619298    0.000000000
   -3.015928947   -2.010619298    0.000000000
   -2.953097094   -2.010619298    0.000000000
   -2.890265241   -2.010619298    0.000000000
   -2.827433388   -2.010619298    0.000000000
   -2.764601535   -2.010619298    0.000000000
   -2.701769682   -2.010619298    0.000000000
   -2.638937829   -2.010619298    0.000000000
   -2.576105976   -2.010619298    0.000000000
   -2.513274123   -2.010619298    0.000000000
   -2.450442270   -2.010619298    0.000000000
   -2.387610417   -2.010619298    0.000000000
   -2.324778564   -2.010619298    0.000000000
   -2.261946711   -2.010619298    0.000000000
   -2.199114858   -2.010619298    0.000000000
   -2.136283004   -2.010619298    0.000000000
   -2.073451151   -2.010619298    0.000000000
   -2.010619298   -2.010619298    0.000000000
   -1.947787445   -2.010619298    0.000000000
   -1.884955592   -2.010619298    0.000000000
   -1.822123739   -2.010619298    0.000000000
   -1.759291886   -2.010619298    0.000000000
   -1.696460033   -2.010619298    0.000000000
   -1.633628180   -2.010619298    0.000000000
   -1.570796327   -2.010619298    0.000000000
   -1.507964474   -2.010619298    0.000000000
   -1.445132621   -2.010619298    0.000000000
   -1.382300768   -2.010619298    0.000000000
   -1.319468915   -2.010619298    0.000000000
   -1.256637061   -2.010619298    0.000000000
   -1.193805208   -2.010619298    0.000000000
   -1.130973355   -2.010619298    0.000000000
   -1.068141502   -2.010619298    0.000000000
   -1.005309649   -2.010619298    0.000000000
   -0.942477796   -2.010619298    0.000000000
   -0.879645943   -2.010619298    0.000000000
   -0.816814090   -2.010619298    0.000000000
   -0.753982237   -2.010619298    0.000000000
   -0.691150384   -2.010619298    0.000000000
   -0.628318531   -2.010619298    0.000000000
   -0.565486678   -2.010619298    0.000000000
   -0.502654825   -2.010619298    0.000000000
   -0.439822972   -2.010619298    0.000000000
   -0.376991118   -2.010619298    0.000000000
   -0.314159265   -2.010619298    0.000000000
   -0.251327412   -2.010619298    0.000000000
   -0.188495559   -2.010619298    0.000000000
   -0.125663706   -2.010619298    0.000000000
   -0.062831853   -2.010619298    0.000000000
    0.000000000   -2.010619298    0.000000000
    0.062831853   -2.010619298    0.000000000
    0.125663706   -2.010619298    0.000000000
    0.188495559   -2.010619298    0.000000000
    0.251327412   -2.010619298    0.000000000
    0.314159265   -2.010619298    0.000000000
    0.376991118   -2.010619298    0.000000000
    0.439822972   -2.010619298    0.000000000
    0.502654825   -2.010619298    0.000000000
    0.565486678   -2.010619298    0.000000000
    0.628318531   -2.010619298    0.000000000
    0.691150384   -2.010619298    0.000000000
    0.753982237   -2.010619298    0.000000000
    0.816814090   -2.010619298    0.000000000
    0.879645943   -2.010619298    0.000000000
    0.942477796   -2.010619298    0.000000000
    1.005309649   -2.010619298    0.000000000
    1.068141502   -2.010619298    0.000000000
    1.130973355   -2.010619298    0.000000000
    1.193805208   -2.010619298    0.000000000
    1.256637061   -2.010619298    0.000000000
    1.319468915   -2.010619298    0.000000000
    1.382300768   -2.010619298    0.000000000
    1.445132621   -2.010619298    0.000000000
    1.507964474   -2.010619298    0.000000000
    1.570796327   -2.010619298    0.000000000
    1.633628180   -2.010619298    0.000000000
    1.696460033   -2.010619298    0.000000000
    1.759291886   -2.010619298    0.000000000
    1.822123739   -2.010619298    0.000000000
    1.884955592   -2.010619298    0.000000000
    1.947787445   -2.010619298    0.000000000
    2.010619298   -2.010619298    0.000000000
    2.073451151   -2.010619298    0.000000000
    2.136283004   -2.010619298    0.000000000
    2.199114858   -2.010619298    0.000000000
    2.261946711   -2.010619298    0.000000000
    2.324778564   -2.010619298    0.000000000
    2.387610417   -2.010619298    0.000000000
    2.450442270   -2.010619298    0.000000000
    2.513274123   -2.010619298    0.000000000
    2.576105976   -2.010619298    0.000000000
    2.638937829   -2.010619298    0.000000000
    2.701769682   -2.010619298    0.000000000
    2.764601535   -2.010619298    0.000000000
    2.827433388   -2.010619298    0.000000000
    2.890265241   -2.010619298    0.000000000
    2.953097094   -2.010619298    0.000000000
    3.015928947   -2.010619298    0.000000000
    3.078760801   -2.010619298    0.000000000

   -3.141592654   -1.947787445    0.000000000
   -3.078760801   -1.947787445    0.000000000
   -3.015928947   -1.947787445    0.000000000
   -2.953097094   -1.947787445    0.000000000
   -2.890265241   -1.947787445    0.000000000
   -2.827433388   -1.947787445    0.000000000
   -2.764601535   -1.947787445    0.000000000
   -2.701769682   -1.947787445    0.000000000
   -2.638937829   -1.947787445    0.000000000
   -2.576105976   -1.947787445    0.000000000
   -2.513274123   -1.947787445    0.000000000
   -2.450442270   -1.947787445    0.000000000
   -2.387610417   -1.947787445    0.000000000
   -2.324778564   -1.947787445    0.000000000
   -2.261946711   -1.947787445    0.000000000
   -2.199114858   -1.947787445    0.000000000
   -2.136283004   -1.947787445    0.000000000
   -2.073451151   -1.947787445    0.000000000
   -2.010619298   -1.947787445    0.000000000
   -1.947787445   -1.947787445    0.000000000
   -1.884955592   -1.947787445    0.000000000
   -1.822123739   -1.947787445    0.000000000
   -1.759291886   -1.947787445    0.000000000
   -1.696460033   -1.947787445    0.000000000
   -1.633628180   -1.947787445    0.000000000
   -1.570796327   -1.947787445    0.000000000
   -1.507964474   -1.947787445    0.000000000
   -1.445132621   -1.947787445    0.000000000
   -1.382300768   -1.947787445    0.000000000
   -1.319468915   -1.947787445    0.000000000
   -1.256637061   -1.947787445    0.000000000
   -1.193805208   -1.947787445    0.000000000
   -1.130973355   -1.947787445    0.000000000
   -1.068141502   -1.947787445    0.000000000
   -1.005309649   -1.947787445    0.000000000
   -0.942477796   -1.947787445    0.000000000
   -0.879645943   -1.947787445    0.000000000
   -0.816814090   -1.947787445    0.000000000
   -0.753982237   -1.947787445    0.000000000
   -0.691150384   -1.947787445    0.000000000
   -0.628318531   -1.947787445    0.000000000
   -0.565486678   -1.947787445    0.000000000
   -0.502654825   -1.947787445    0.000000000
   -0.439822972   -1.947787445    0.000000000
   -0.376991118   -1.947787445    0.000000000
   -0.314159265   -1.947787445    0.000000000
   -0.251327412   -1.947787445    0.000000000
   -0.188495559   -1.947787445    0.000000000
   -0.125663706   -1.947787445    0.000000000
   -0.062831853   -1.947787445    0.000000000
    0.000000000   -1.947787445    0.000000000
    0.062831853   -1.947787445    0.000000000
    0.125663706   -1.947787445    0.000000000
    0.188495559   -1.947787445    0.000000000
    0.251327412   -1.947787445    0.000000000
    0.314159265   -1.947787445    0.000000000
    0.376991118   -1.947787445    0.000000000
    0.439822972   -1.947787445    0.000000000
    0.502654825   -1.947787445    0.000000000
    0.565486678   -1.947787445    0.000000000
    0.628318531   -1.947787445    0.000000000
    0.691150384   -1.947787445    0.000000000
    0.753982237   -1.947787445    0.000000000
    0.816814090   -1.947787445    0.000000000
    0.879645943   -1.947787445    0.000000000
    0.942477796   -1.947787445    0.000000000
    1.005309649   -1.947787445    0.000000000
    1.068141502   -1.947787445    0.000000000
    1.130973355   -1.947787445    0.000000000
    1.193805208   -1.947787445    0.000000000
    1.256637061   -1.947787445    0.000000000
    1.319468915   -1.947787445    0.000000000
    1.382300768   -1.947787445    0.000000000
    1.445132621   -1.947787445    0.000000000
    1.507964474   -1.947787445    0.000000000
    1.570796327   -1.947787445    0.000000000
    1.633628180   -1.947787445    0.000000000
    1.696460033   -1.947787445    0.000000000
    1.759291886   -1.947787445    0.000000000
    1.822123739   -1.947787445    0.000000000
    1.884955592   -1.947787445    0.000000000
    1.947787445   -1.947787445    0.000000000
    2.010619298   -1.947787445    0.000000000
    2.073451151   -1.947787445    0.000000000
    2.136283004   -1.947787445    0.000000000
    2.199114858   -1.947787445    0.000000000
    2.261946711   -1.947787445    0.000000000
    2.324778564   -1.947787445    0.000000000
    2.387610417   -1.947787445    0.000000000
    2.450442270   -1.947787445    0.000000000
    2.513274123   -1.947787445    0.000000000
    2.576105976   -1.947787445    0.000000000
    2.638937829   -1.947787445    0.000000000
    2.701769682   -1.947787445    0.000000000
    2.764601535   -1.947787445    0.000000000
    2.827433388   -1.947787445    0.000000000
    2.890265241   -1.947787445    0.000000000
    2.953097094   -1.947787445    0.000000000
    3.015928947   -1.947787445    0.000000000
    3.078760801   -1.947787445    0.000000000

   -3.141592654   -1.884955592    0.000000000
   -3.078760801   -1.884955592    0.000000000
   -3.015928947   -1.884955592    0.000000000
   -2.953097094   -1.884955592    0.000000000
   -2.890265241   -1.884955592    0.000000000
   -2.827433388   -1.884955592    0.000000000
   -2.764601535   -1.884955592    0.000000000
   -2.701769682   -1.884955592    0.000000000
   -2.638937829   -1.884955592    0.000000000
   -2.576105976   -1.884955592    0.000000000
   -2.513274123   -1.884955592    0.000000000
   -2.450442270   -1.884955592    0.000000000
   -2.387610417   -1.884955592    0.000000000
   -2.324778564   -1.884955592    0.000000000
   -2.261946711   -1.884955592    0.000000000
   -2.199114858   -1.884955592    0.000000000
   -2.136283004   -1.884955592    0.000000000
   -2.073451151   -1.884955592    0.000000000
   -2.010619298   -1.884955592    0.000000000
   -1.947787445   -1.884955592    0.000000000
   -1.884955592   -1.884955592    0.000000000
   -1.822123739   -1.884955592    0.000000000
   -1.759291886   -1.884955592    0.000000000
   -1.696460033   -1.884955592    0.000000000
   -1.633628180   -1.884955592    0.000000000
   -1.570796327   -1.884955592    0.000000000
   -1.507964474   -1.884955592    0.000000000
   -1.445132621   -1.884955592    0.000000000
   -1.382300768   -1.884955592    0.000000000
   -1.319468915   -1.884955592    0.000000000
   -1.256637061   -1.884955592    0.000000000
   -1.193805208   -1.884955592    0.000000000
   -1.130973355   -1.884955592    0.000000000
   -1.068141502   -1.884955592    0.000000000
   -1.005309649   -1.884955592    0.000000000
   -0.942477796   -1.884955592    0.000000000
   -0.879645943   -1.884955592    0.000000000
   -0.816814090   -1.884955592    0.000000000
   -0.753982237   -1.884955592    0.000000000
   -0.691150384   -1.884955592    0.000000000
   -0.628318531   -1.884955592    0.000000000
   -0.565486678   -1.884955592    0.000000000
   -0.502654825   -1.884955592    0.000000000
   -0.439822972   -1.884955592    0.000000000
   -0.376991118   -1.884955592    0.000000000
   -0.314159265   -1.884955592    0.000000000
   -0.251327412   -1.884955592    0.000000000
   -0.188495559   -1.884955592    0.000000000
   -0.125663706   -1.884955592    0.000000000
   -0.062831853   -1.884955592    0.000000000
    0.000000000   -1.884955592    0.000000000
    0.062831853   -1.884955592    0.000000000
    0.125663706   -1.884955592    0.000000000
    0.188495559   -1.884955592    0.000000000
    0.251327412   -1.884955592    0.000000000
    0.314159265   -1.884955592    0.000000000
    0.376991118   -1.884955592    0.000000000
    0.439822972   -1.884955592    0.000000000
    0.502654825   -1.884955592    0.000000000
    0.565486678   -1.884955592    0.000000000
    0.628318531   -1.884955592    0.000000000
    0.691150384   -1.884955592    0.000000000
    0.753982237   -1.884955592    0.000000000
    0.816814090   -1.884955592    0.000000000
    0.879645943   -1.884955592    0.000000000
    0.942477796   -1.884955592    0.000000000
    1.005309649   -1.884955592    0.000000000
    1.068141502   -1.884955592    0.000000000
    1.130973355   -1.884955592    0.000000000
    1.193805208   -1.884955592    0.000000000
    1.256637061   -1.884955592    0.000000000
    1.319468915   -1.884955592    0.000000000
    1.382300768   -1.884955592    0.000000000
    1.445132621   -1.884955592    0.000000000
    1.507964474   -1.884955592    0.000000000
    1.570796327   -1.884955592    0.000000000
    1.633628180   -1.884955592    0.000000000
    1.696460033   -1.884955592    0.000000000
    1.759291886   -1.884955592    0.000000000
    1.822123739   -1.884955592    0.000000000
    1.884955592   -1.884955592    0.000000000
    1.947787445   -1.884955592    0.000000000
    2.010619298   -1.884955592    0.000000000
    2.073451151   -1.884955592    0.000000000
    2.136283004   -1.884955592    0.000000000
    2.199114858   -1.884955592    0.000000000
    2.261946711   -1.884955592    0.000000000
    2.324778564   -1.884955592    0.000000000
    2.387610417   -1.884955592    0.000000000
    2.450442270   -1.884955592    0.000000000
    2.513274123   -1.884955592    0.000000000
    2.576105976   -1.884955592    0.000000000
    2.638937829   -1.884955592    0.000000000
    2.701769682   -1.884955592    0.000000000
    2.764601535   -1.884955592    0.000000000
    2.827433388   -1.884955592    0.000000000
    2.890265241   -1.884955592    0.000000000
    2.953097094   -1.884955592    0.000000000
    3.015928947   -1.884955592    0.000000000
    3.078760801   -1.884955592    0.000000000

   -3.141592654   -1.822123739    0.000000000
   -3.078760801   -1.822123739    0.000000000
   -3.015928947   -1.822123739    0.000000000
   -2.953097094   -1.822123739    0.000000000
   -2.890265241   -1.822123739    0.000000000
   -2.827433388   -1.822123739    0.000000000
   -2.764601535   -1.822123739    0.000000000
   -2.701769682   -1.822123739    0.000000000
   -2.638937829   -1.822123739    0.000000000
   -2.576105976   -1.822123739    0.000000000
   -2.513274123   -1.822123739    0.000000000
   -2.450442270   -1.822123739    0.000000000
   -2.387610417   -1.822123739    0.000000000
   -2.324778564   -1.822123739    0.000000000
   -2.261946711   -1.822123739    0.000000000
   -2.199114858   -1.822123739    0.000000000
   -2.136283004   -1.822123739    0.000000000
   -2.073451151   -1.822123739    0.000000000
   -2.010619298   -1.822123739    0.000000000
   -1.947787445   -1.822123739    0.000000000
   -1.884955592   -1.822123739    0.000000000
   -1.822123739   -1.822123739    0.000000000
   -1.759291886   -1.822123739    0.000000000
   -1.696460033   -1.822123739    0.000000000
   -1.633628180   -1.822123739    0.000000000
   -1.570796327   -1.822123739    0.000000000
   -1.507964474   -1.822123739    0.000000000
   -1.445132621   -1.822123739    0.000000000
   -1.382300768   -1.822123739    0.000000000
   -1.319468915   -1.822123739    0.000000000
   -1.256637061   -1.822123739    0.000000000
   -1.193805208   -1.822123739    0.000000000
   -1.130973355   -1.822123739    0.000000000
   -1.068141502   -1.822123739    0.000000000
   -1.005309649   -1.822123739    0.000000000
   -0.942477796   -1.822123739    0.000000000
   -0.879645943   -1.822123739    0.000000000
   -0.816814090   -1.822123739    0.000000000
   -0.753982237   -1.822123739    0.000000000
   -0.691150384   -1.822123739    0.000000000
   -0.628318531   -1.822123739    0.000000000
   -0.565486678   -1.822123739    0.000000000
   -0.502654825   -1.822123739    0.000000000
   -0.439822972   -1.822123739    0.000000000
   -0.376991118   -1.822123739    0.000000000
   -0.314159265   -1.822123739    0.000000000
   -0.251327412   -1.822123739    0.000000000
   -0.188495559   -1.822123739    0.000000000
   -0.125663706   -1.822123739    0.000000000
   -0.062831853   -1.822123739    0.000000000
    0.000000000   -1.822123739    0.000000000
    0.062831853   -1.822123739    0.000000000
    0.125663706   -1.822123739    0.000000000
    0.188495559   -1.822123739    0.000000000
    0.251327412   -1.822123739    0.000000000
    0.314159265   -1.822123739    0.000000000
    0.376991118   -1.822123739    0.000000000
    0.439822972   -1.822123739    0.000000000
    0.502654825   -1.822123739    0.000000000
    0.565486678   -1.822123739    0.000000000
    0.628318531   -1.822123739    0.000000000
    0.691150384   -1.822123739    0.000000000
    0.753982237   -1.822123739    0.000000000
    0.816814090   -1.822123739    0.000000000
    0.879645943   -1.822123739    0.000000000
    0.942477796   -1.822123739    0.000000000
    1.005309649   -1.822123739    0.000000000
    1.068141502   -1.822123739    0.000000000
    1.130973355   -1.822123739    0.000000000
    1.193805208   -1.822123739    0.000000000
    1.256637061   -1.822123739    0.000000000
    1.319468915   -1.822123739    0.000000000
    1.382300768   -1.822123739    0.000000000
    1.445132621   -1.822123739    0.000000000
    1.507964474   -1.822123739    0.000000000
    1.570796327   -1.822123739    0.000000000
    1.633628180   -1.822123739    0.000000000
    1.696460033   -1.822123739    0.000000000
    1.759291886   -1.822123739    0.000000000
    1.822123739   -1.822123739    0.000000000
    1.884955592   -1.822123739    0.000000000
    1.947787445   -1.822123739    0.000000000
    2.010619298   -1.822123739    0.000000000
    2.073451151   -1.822123739    0.000000000
    2.136283004   -1.822123739    0.000000000
    2.199114858   -1.822123739    0.000000000
    2.261946711   -1.822123739    0.000000000
    2.324778564   -1.822123739    0.000000000
    2.387610417   -1.822123739    0.000000000
    2.450442270   -1.822123739    0.000000000
    2.513274123   -1.822123739    0.000000000
    2.576105976   -1.822123739    0.000000000
    2.638937829   -1.822123739    0.000000000
    2.701769682   -1.822123739    0.000000000
    2.764601535   -1.822123739    0.000000000
    2.827433388   -1.822123739    0.000000000
    2.890265241   -1.822123739    0.000000000
    2.953097094   -1.822123739    0.000000000
    3.015928947   -1.822123739    0.000000000
    3.078760801   -1.822123739    0.000000000

   -3.141592654   -1.759291886    0.000000000
   -3.078760801   -1.759291886    0.000000000
   -3.015928947   -1.759291886    0.000000000
   -2.953097094   -1.759291886    0.000000000
   -2.890265241   -1.759291886    0.000000000
   -2.827433388   -1.759291886    0.000000000
   -2.764601535   -1.759291886    0.000000000
   -2.701769682   -1.759291886    0.000000000
   -2.638937829   -1.759291886    0.000000000
   -2.576105976   -1.759291886    0.000000000
   -2.513274123   -1.759291886    0.000000000
   -2.450442270   -1.759291886    0.000000000
   -2.387610417   -1.759291886    0.000000000
   -2.324778564   -1.759291886    0.000000000
   -2.261946711   -1.759291886    0.000000000
   -2.199114858   -1.759291886    0.000000000
   -2.136283004   -1.759291886    0.000000000
   -2.073451151   -1.759291886    0.000000000
   -2.010619298   -1.759291886    0.000000000
   -1.947787445   -1.759291886    0.000000000
   -1.884955592   -1.759291886    0.000000000
   -1.822123739   -1.759291886    0.000000000
   -1.759291886   -1.759291886    0.000000000
   -1.696460033   -1.759291886    0.000000000
   -1.633628180   -1.759291886    0.000000000
   -1.570796327   -1.759291886    0.000000000
   -1.507964474   -1.759291886    0.000000000
   -1.445132621   -1.759291886    0.000000000
   -1.382300768   -1.759291886    0.000000000
   -1.319468915   -1.759291886    0.000000000
   -1.256637061   -1.759291886    0.000000000
   -1.193805208   -1.759291886    0.000000000
   -1.130973355   -1.759291886    0.000000000
   -1.068141502   -1.759291886    0.000000000
   -1.005309649   -1.759291886    0.000000000
   -0.942477796   -1.759291886    0.000000000
   -0.879645943   -1.759291886    0.000000000
   -0.816814090   -1.759291886    0.000000000
   -0.753982237   -1.759291886    0.000000000
   -0.691150384   -1.759291886    0.000000000
   -0.628318531   -1.759291886    0.000000000
   -0.565486678   -1.759291886    0.000000000
   -0.502654825   -1.759291886    0.000000000
   -0.439822972   -1.759291886    0.000000000
   -0.376991118   -1.759291886    0.000000000
   -0.314159265   -1.759291886    0.000000000
   -0.251327412   -1.759291886    0.000000000
   -0.188495559   -1.759291886    0.000000000
   -0.125663706   -1.759291886    0.000000000
   -0.062831853   -1.759291886    0.000000000
    0.000000000   -1.759291886    0.000000000
    0.062831853   -1.759291886    0.000000000
    0.125663706   -1.759291886    0.000000000
    0.188495559   -1.759291886    0.000000000
    0.251327412   -1.759291886    0.000000000
    0.314159265   -1.759291886    0.000000000
    0.376991118   -1.759291886    0.000000000
    0.439822972   -1.759291886    0.000000000
    0.502654825   -1.759291886    0.000000000
    0.565486678   -1.759291886    0.000000000
    0.628318531   -1.759291886    0.000000000
    0.691150384   -1.759291886    0.000000000
    0.753982237   -1.759291886    0.000000000
    0.816814090   -1.759291886    0.000000000
    0.879645943   -1.759291886    0.000000000
    0.942477796   -1.759291886    0.000000000
    1.005309649   -1.759291886    0.000000000
    1.068141502   -1.759291886    0.000000000
    1.130973355   -1.759291886    0.000000000
    1.193805208   -1.759291886    0.000000000
    1.256637061   -1.759291886    0.000000000
    1.319468915   -1.759291886    0.000000000
    1.382300768   -1.759291886    0.000000000
    1.445132621   -1.759291886    0.000000000
    1.507964474   -1.759291886    0.000000000
    1.570796327   -1.759291886    0.000000000
    1.633628180   -1.759291886    0.000000000
    1.696460033   -1.759291886    0.000000000
    1.759291886   -1.759291886    0.000000000
    1.822123739   -1.759291886    0.000000000
    1.884955592   -1.759291886    0.000000000
    1.947787445   -1.759291886    0.000000000
    2.010619298   -1.759291886    0.000000000
    2.073451151   -1.759291886    0.000000000
    2.136283004   -1.759291886    0.000000000
    2.199114858   -1.759291886    0.000000000
    2.261946711   -1.759291886    0.000000000
    2.324778564   -1.759291886    0.000000000
    2.387610417   -1.759291886    0.000000000
    2.450442270   -1.759291886    0.000000000
    2.513274123   -1.759291886    0.000000000
    2.576105976   -1.759291886    0.000000000
    2.638937829   -1.759291886    0.000000000
    2.701769682   -1.759291886    0.000000000
    2.764601535   -1.759291886    0.000000000
    2.827433388   -1.759291886    0.000000000
    2.890265241   -1.759291886    0.000000000
    2.953097094   -1.759291886    0.000000000
    3.015928947   -1.759291886    0.000000000
    3.078760801   -1.759291886    0.000000000

   -3.141592654   -1.696460033    0.000000000
   -3.078760801   -1.696460033    0.000000000
   -3.015928947   -1.696460033    0.000000000
   -2.953097094   -1.696460033    0.000000000
   -2.890265241   -1.696460033    0.000000000
   -2.827433388   -1.696460033    0.000000000
   -2.764601535   -1.696460033    0.000000000
   -2.701769682   -1.696460033    0.000000000
   -2.638937829   -1.696460033    0.000000000
   -2.576105976   -1.696460033    0.000000000
   -2.513274123   -1.696460033    0.000000000
   -2.450442270   -1.696460033    0.000000000
   -2.387610417   -1.696460033    0.000000000
   -2.324778564   -1.696460033    0.000000000
   -2.261946711   -1.696460033    0.000000000
   -2.199114858   -1.696460033    0.000000000
   -2.136283004   -1.696460033    0.000000000
   -2.073451151   -1.696460033    0.000000000
   -2.010619298   -1.696460033    0.000000000
   -1.947787445   -1.696460033    0.000000000
   -1.884955592   -1.696460033    0.000000000
   -1.822123739   -1.696460033    0.000000000
   -1.759291886   -1.696460033    0.000000000
   -1.696460033   -1.696460033    0.000000000
   -1.633628180   -1.696460033    0.000000000
   -1.570796327   -1.696460033    0.000000000
   -1.507964474   -1.696460033    0.000000000
   -1.445132621   -1.696460033    0.000000000
   -1.382300768   -1.696460033    0.000000000
   -1.319468915   -1.696460033    0.000000000
   -1.256637061   -1.696460033    0.000000000
   -1.193805208   -1.696460033    0.000000000
   -1.130973355   -1.696460033    0.000000000
   -1.068141502   -1.696460033    0.000000000
   -1.005309649   -1.696460033    0.000000000
   -0.942477796   -1.696460033    0.000000000
   -0.879645943   -1.696460033    0.000000000
   -0.816814090   -1.696460033    0.000000000
   -0.753982237   -1.696460033    0.000000000
   -0.691150384   -1.696460033    0.000000000
   -0.628318531   -1.696460033    0.000000000
   -0.565486678   -1.696460033    0.000000000
   -0.502654825   -1.696460033    0.000000000
   -0.439822972   -1.696460033    0.000000000
   -0.376991118   -1.696460033    0.000000000
   -0.314159265   -1.696460033    0.000000000
   -0.251327412   -1.696460033    0.000000000
   -0.188495559   -1.696460033    0.000000000
   -0.125663706   -1.696460033    0.000000000
   -0.062831853   -1.696460033    0.000000000
    0.000000000   -1.696460033    0.000000000
    0.062831853   -1.696460033    0.000000000
    0.125663706   -1.696460033    0.000000000
    0.188495559   -1.696460033    0.000000000
    0.251327412   -1.696460033    0.000000000
    0.314159265   -1.696460033    0.000000000
    0.376991118   -1.696460033    0.000000000
    0.439822972   -1.696460033    0.000000000
    0.502654825   -1.696460033    0.000000000
    0.565486678   -1.696460033    0.000000000
    0.628318531   -1.696460033    0.000000000
    0.691150384   -1.696460033    0.000000000
    0.753982237   -1.696460033    0.000000000
    0.816814090   -1.696460033    0.000000000
    0.879645943   -1.696460033    0.000000000
    0.942477796   -1.696460033    0.000000000
    1.005309649   -1.696460033    0.000000000
    1.068141502   -1.696460033    0.000000000
    1.130973355   -1.696460033    0.000000000
    1.193805208   -1.696460033    0.000000000
    1.256637061   -1.696460033    0.000000000
    1.319468915   -1.696460033    0.000000000
    1.382300768   -1.696460033    0.000000000
    1.445132621   -1.696460033    0.000000000
    1.507964474   -1.696460033    0.000000000
    1.570796327   -1.696460033    0.000000000
    1.633628180   -1.696460033    0.000000000
    1.696460033   -1.696460033    0.000000000
    1.759291886   -1.696460033    0.000000000
    1.822123739   -1.696460033    0.000000000
    1.884955592   -1.696460033    0.000000000
    1.947787445   -1.696460033    0.000000000
    2.010619298   -1.696460033    0.000000000
    2.073451151   -1.696460033    0.000000000
    2.136283004   -1.696460033    0.000000000
    2.199114858   -1.696460033    0.000000000
    2.261946711   -1.696460033    0.000000000
    2.324778564   -1.696460033    0.000000000
    2.387610417   -1.696460033    0.000000000
    2.450442270   -1.696460033    0.000000000
    2.513274123   -1.696460033    0.000000000
    2.576105976   -1.696460033    0.000000000
    2.638937829   -1.696460033    0.000000000
    2.701769682   -1.696460033    0.000000000
    2.764601535   -1.696460033    0.000000000
    2.827433388   -1.696460033    0.000000000
    2.890265241   -1.696460033    0.000000000
    2.953097094   -1.696460033    0.000000000
    3.015928947   -1.696460033    0.000000000
    3.078760801   -1.696460033    0.000000000

   -3.141592654   -1.633628180    0.000000000
   -3.078760801   -1.633628180    0.000000000
   -3.015928947   -1.633628180    0.000000000
   -2.953097094   -1.633628180    0.000000000
   -2.890265241   -1.633628180    0.000000000
   -2.827433388   -1.633628180    0.000000000
   -2.764601535   -1.633628180    0.000000000
   -2.701769682   -1.633628180    0.000000000
   -2.638937829   -1.633628180    0.000000000
   -2.576105976   -1.633628180    0.000000000
   -2.513274123   -1.633628180    0.000000000
   -2.450442270   -1.633628180    0.000000000
   -2.387610417   -1.633628180    0.000000000
   -2.324778564   -1.633628180    0.000000000
   -2.261946711   -1.633628180    0.000000000
   -2.199114858   -1.633628180    0.000000000
   -2.136283004   -1.633628180    0.000000000
   -2.073451151   -1.633628180    0.000000000
   -2.010619298   -1.633628180    0.000000000
   -1.947787445   -1.633628180    0.000000000
   -1.884955592   -1.633628180    0.000000000
   -1.822123739   -1.633628180    0.000000000
   -1.759291886   -1.633628180    0.000000000
   -1.696460033   -1.633628180    0.000000000
   -1.633628180   -1.633628180    0.000000000
   -1.570796327   -1.633628180    0.000000000
   -1.507964474   -1.633628180    0.000000000
   -1.445132621   -1.633628180    0.000000000
   -1.382300768   -1.633628180    0.000000000
   -1.319468915   -1.633628180    0.000000000
   -1.256637061   -1.633628180    0.000000000
   -1.193805208   -1.633628180    0.000000000
   -1.130973355   -1.633628180    0.000000000
   -1.068141502   -1.633628180    0.000000000
   -1.005309649   -1.633628180    0.000000000
   -0.942477796   -1.633628180    0.000000000
   -0.879645943   -1.633628180    0.000000000
   -0.816814090   -1.633628180    0.000000000
   -0.753982237   -1.633628180    0.000000000
   -0.691150384   -1.633628180    0.000000000
   -0.628318531   -1.633628180    0.000000000
   -0.565486678   -1.633628180    0.000000000
   -0.502654825   -1.633628180    0.000000000
   -0.439822972   -1.633628180    0.000000000
   -0.376991118   -1.633628180    0.000000000
   -0.314159265   -1.633628180    0.000000000
   -0.251327412   -1.633628180    0.000000000
   -0.188495559   -1.633628180    0.000000000
   -0.125663706   -1.633628180    0.000000000
   -0.062831853   -1.633628180    0.000000000
    0.000000000   -1.633628180    0.000000000
    0.062831853   -1.633628180    0.000000000
    0.125663706   -1.633628180    0.000000000
    0.188495559   -1.633628180    0.000000000
    0.251327412   -1.633628180    0.000000000
    0.314159265   -1.633628180    0.000000000
    0.376991118   -1.633628180    0.000000000
    0.439822972   -1.633628180    0.000000000
    0.502654825   -1.633628180    0.000000000
    0.565486678   -1.633628180    0.000000000
    0.628318531   -1.633628180    0.000000000
    0.691150384   -1.633628180    0.000000000
    0.753982237   -1.633628180    0.000000000
    0.816814090   -1.633628180    0.000000000
    0.879645943   -1.633628180    0.000000000
    0.942477796   -1.633628180    0.000000000
    1.005309649   -1.633628180    0.000000000
    1.068141502   -1.633628180    0.000000000
    1.130973355   -1.633628180    0.000000000
    1.193805208   -1.633628180    0.000000000
    1.256637061   -1.633628180    0.000000000
    1.319468915   -1.633628180    0.000000000
    1.382300768   -1.633628180    0.000000000
    1.445132621   -1.633628180    0.000000000
    1.507964474   -1.633628180    0.000000000
    1.570796327   -1.633628180    0.000000000
    1.633628180   -1.633628180    0.000000000
    1.696460033   -1.633628180    0.000000000
    1.759291886   -1.633628180    0.000000000
    1.822123739   -1.633628180    0.000000000
    1.884955592   -1.633628180    0.000000000
    1.947787445   -1.633628180    0.000000000
    2.010619298   -1.633628180    0.000000000
    2.073451151   -1.633628180    0.000000000
    2.136283004   -1.633628180    0.000000000
    2.199114858   -1.633628180    0.000000000
    2.261946711   -1.633628180    0.000000000
    2.324778564   -1.633628180    0.000000000
    2.387610417   -1.633628180    0.000000000
    2.450442270   -1.633628180    0.000000000
    2.513274123   -1.633628180    0.000000000
    2.576105976   -1.633628180    0.000000000
    2.638937829   -1.633628180    0.000000000
    2.701769682   -1.633628180    0.000000000
    2.764601535   -1.633628180    0.000000000
    2.827433388   -1.633628180    0.000000000
    2.890265241   -1.633628180    0.000000000
    2.953097094   -1.633628180    0.000000000
    3.015928947   -1.633628180    0.000000000
    3.078760801   -1.633628180    0.000000000

   -3.141592654   -1.570796327    0.000000000
   -3.078760801   -1.570796327    0.000000000
   -3.015928947   -1.570796327    0.000000000
   -2.953097094   -1.570796327    0.000000000
   -2.890265241   -1.570796327    0.000000000
   -2.827433388   -1.570796327    0.000000000
   -2.764601535   -1.570796327    0.000000000
   -2.701769682   -1.570796327    0.000000000
   -2.638937829   -1.570796327    0.000000000
   -2.576105976   -1.570796327    0.000000000
   -2.513274123   -1.570796327    0.000000000
   -2.450442270   -1.570796327    0.000000000
   -2.387610417   -1.570796327    0.000000000
   -2.324778564   -1.570796327    0.000000000
   -2.261946711   -1.570796327    0.000000000
   -2.199114858   -1.570796327    0.000000000
   -2.136283004   -1.570796327    0.000000000
   -2.073451151   -1.570796327    0.000000000
   -2.010619298   -1.570796327    0.000000000
   -1.947787445   -1.570796327    0.000000000
   -1.884955592   -1.570796327    0.000000000
   -1.822123739   -1.570796327    0.000000000
   -1.759291886   -1.570796327    0.000000000
   -1.696460033   -1.570796327    0.000000000
   -1.633628180   -1.570796327    0.000000000
   -1.570796327   -1.570796327    0.000000000
   -1.507964474   -1.570796327    0.000000000
   -1.445132621   -1.570796327    0.000000000
   -1.382300768   -1.570796327    0.000000000
   -1.319468915   -1.570796327    0.000000000
   -1.256637061   -1.570796327    0.000000000
   -1.193805208   -1.570796327    0.000000000
   -1.130973355   -1.570796327    0.000000000
   -1.068141502   -1.570796327    0.000000000
   -1.005309649   -1.570796327    0.000000000
   -0.942477796   -1.570796327    0.000000000
   -0.879645943   -1.570796327    0.000000000
   -0.816814090   -1.570796327    0.000000000
   -0.753982237   -1.570796327    0.000000000
   -0.691150384   -1.570796327    0.000000000
   -0.628318531   -1.570796327    0.000000000
   -0.565486678   -1.570796327    0.000000000
   -0.502654825   -1.570796327    0.000000000
   -0.439822972   -1.570796327    0.000000000
   -0.376991118   -1.570796327    0.000000000
   -0.314159265   -1.570796327    0.000000000
   -0.251327412   -1.570796327    0.000000000
   -0.188495559   -1.570796327    0.000000000
   -0.125663706   -1.570796327    0.000000000
   -0.062831853   -1.570796327    0.000000000
    0.000000000   -1.570796327    0.000000000
    0.062831853   -1.570796327    0.000000000
    0.125663706   -1.570796327    0.000000000
    0.188495559   -1.570796327    0.000000000
    0.251327412   -1.570796327    0.000000000
    0.314159265   -1.570796327    0.000000000
    0.376991118   -1.570796327    0.000000000
    0.439822972   -1.570796327    0.000000000
    0.502654825   -1.570796327    0.000000000
    0.565486678   -1.570796327    0.000000000
    0.628318531   -1.570796327    0.000000000
    0.691150384   -1.570796327    0.000000000
    0.753982237   -1.570796327    0.000000000
    0.816814090   -1.570796327    0.000000000
    0.879645943   -1.570796327    0.000000000
    0.942477796   -1.570796327    0.000000000
    1.005309649   -1.570796327    0.000000000
    1.068141502   -1.570796327    0.000000000
    1.130973355   -1.570796327    0.000000000
    1.193805208   -1.570796327    0.000000000
    1.256637061   -1.570796327    0.000000000
    1.319468915   -1.570796327    0.000000000
    1.382300768   -1.570796327    0.000000000
    1.445132621   -1.570796327    0.000000000
    1.507964474   -1.570796327    0.000000000
    1.570796327   -1.570796327    0.000000000
    1.633628180   -1.570796327    0.000000000
    1.696460033   -1.570796327    0.000000000
    1.759291886   -1.570796327    0.000000000
    1.822123739   -1.570796327    0.000000000
    1.884955592   -1.570796327    0.000000000
    1.947787445   -1.570796327    0.000000000
    2.010619298   -1.570796327    0.000000000
    2.073451151   -1.570796327    0.000000000
    2.136283004   -1.570796327    0.000000000
    2.199114858   -1.570796327    0.000000000
    2.261946711   -1.570796327    0.000000000
    2.324778564   -1.570796327    0.000000000
    2.387610417   -1.570796327    0.000000000
    2.450442270   -1.570796327    0.000000000
    2.513274123   -1.570796327    0.000000000
    2.576105976   -1.570796327    0.000000000
    2.638937829   -1.570796327    0.000000000
    2.701769682   -1.570796327    0.000000000
    2.764601535   -1.570796327    0.000000000
    2.827433388   -1.570796327    0.000000000
    2.890265241   -1.570796327    0.000000000
    2.953097094   -1.570796327    0.000000000
    3.015928947   -1.570796327    0.000000000
    3.078760801   -1.570796327    0.000000000

   -3.141592654   -1.507964474    0.000000000
   -3.078760801   -1.507964474    0.000000000
   -3.015928947   -1.507964474    0.000000000
   -2.953097094   -1.507964474    0.000000000
   -2.890265241   -1.507964474    0.000000000
   -2.827433388   -1.507964474    0.000000000
   -2.764601535   -1.507964474    0.000000000
   -2.701769682   -1.507964474    0.000000000
   -2.638937829   -1.507964474    0.000000000
   -2.576105976   -1.507964474    0.000000000
   -2.513274123   -1.507964474    0.000000000
   -2.450442270   -1.507964474    0.000000000
   -2.387610417   -1.507964474    0.000000000
   -2.324778564   -1.507964474    0.000000000
   -2.261946711   -1.507964474    0.000000000
   -2.199114858   -1.507964474    0.000000000
   -2.136283004   -1.507964474    0.000000000
   -2.073451151   -1.507964474    0.000000000
   -2.010619298   -1.507964474    0.000000000
   -1.947787445   -1.507964474    0.000000000
   -1.884955592   -1.507964474    0.000000000
   -1.822123739   -1.507964474    0.000000000
   -1.759291886   -1.507964474    0.000000000
   -1.696460033   -1.507964474    0.000000000
   -1.633628180   -1.507964474    0.000000000
   -1.570796327   -1.507964474    0.000000000
   -1.507964474   -1.507964474    0.000000000
   -1.445132621   -1.507964474    0.000000000
   -1.382300768   -1.507964474    0.000000000
   -1.319468915   -1.507964474    0.000000000
   -1.256637061   -1.507964474    0.000000000
   -1.193805208   -1.507964474    0.000000000
   -1.130973355   -1.507964474    0.000000000
   -1.068141502   -1.507964474    0.000000000
   -1.005309649   -1.507964474    0.000000000
   -0.942477796   -1.507964474    0.000000000
   -0.879645943   -1.507964474    0.000000000
   -0.816814090   -1.507964474    0.000000000
   -0.753982237   -1.507964474    0.000000000
   -0.691150384   -1.507964474    0.000000000
   -0.628318531   -1.507964474    0.000000000
   -0.565486678   -1.507964474    0.000000000
   -0.502654825   -1.507964474    0.000000000
   -0.439822972   -1.507964474    0.000000000
   -0.376991118   -1.507964474    0.000000000
   -0.314159265   -1.507964474    0.000000000
   -0.251327412   -1.507964474    0.000000000
   -0.188495559   -1.507964474    0.000000000
   -0.125663706   -1.507964474    0.000000000
   -0.062831853   -1.507964474    0.000000000
    0.000000000   -1.507964474    0.000000000
    0.062831853   -1.507964474    0.000000000
    0.125663706   -1.507964474    0.000000000
    0.188495559   -1.507964474    0.000000000
    0.251327412   -1.507964474    0.000000000
    0.314159265   -1.507964474    0.000000000
    0.376991118   -1.507964474    0.000000000
    0.439822972   -1.507964474    0.000000000
    0.502654825   -1.507964474    0.000000000
    0.565486678   -1.507964474    0.000000000
    0.628318531   -1.507964474    0.000000000
    0.691150384   -1.507964474    0.000000000
    0.753982237   -1.507964474    0.000000000
    0.816814090   -1.507964474    0.000000000
    0.879645943   -1.507964474    0.000000000
    0.942477796   -1.507964474    0.000000000
    1.005309649   -1.507964474    0.000000000
    1.068141502   -1.507964474    0.000000000
    1.130973355   -1.507964474    0.000000000
    1.193805208   -1.507964474    0.000000000
    1.256637061   -1.507964474    0.000000000
    1.319468915   -1.507964474    0.000000000
    1.382300768   -1.507964474    0.000000000
    1.445132621   -1.507964474    0.000000000
    1.507964474   -1.507964474    0.000000000
    1.570796327   -1.507964474    0.000000000
    1.633628180   -1.507964474    0.000000000
    1.696460033   -1.507964474    0.000000000
    1.759291886   -1.507964474    0.000000000
    1.822123739   -1.507964474    0.000000000
    1.884955592   -1.507964474    0.000000000
    1.947787445   -1.507964474    0.000000000
    2.010619298   -1.507964474    0.000000000
    2.073451151   -1.507964474    0.000000000
    2.136283004   -1.507964474    0.000000000
    2.199114858   -1.507964474    0.000000000
    2.261946711   -1.507964474    0.000000000
    2.324778564   -1.507964474    0.000000000
    2.387610417   -1.507964474    0.000000000
    2.450442270   -1.507964474    0.000000000
    2.513274123   -1.507964474    0.000000000
    2.576105976   -1.507964474    0.000000000
    2.638937829   -1.507964474    0.000000000
    2.701769682   -1.507964474    0.000000000
    2.764601535   -1.507964474    0.000000000
    2.827433388   -1.507964474    0.000000000
    2.890265241   -1.507964474    0.000000000
    2.953097094   -1.507964474    0.000000000
    3.015928947   -1.507964474    0.000000000
    3.078760801   -1.507964474    0.000000000

   -3.141592654   -1.445132621    0.000000000
   -3.078760801   -1.445132621    0.000000000
   -3.015928947   -1.445132621    0.000000000
   -2.953097094   -1.445132621    0.000000000
   -2.890265241   -1.445132621    0.000000000
   -2.827433388   -1.445132621    0.000000000
   -2.764601535   -1.445132621    0.000000000
   -2.701769682   -1.445132621    0.000000000
   -2.638937829   -1.445132621    0.000000000
   -2.576105976   -1.445132621    0.000000000
   -2.513274123   -1.445132621    0.000000000
   -2.450442270   -1.445132621    0.000000000
   -2.387610417   -1.445132621    0.000000000
   -2.324778564   -1.445132621    0.000000000
   -2.261946711   -1.445132621    0.000000000
   -2.199114858   -1.445132621    0.000000000
   -2.136283004   -1.445132621    0.000000000
   -2.073451151   -1.445132621    0.000000000
   -2.010619298   -1.445132621    0.000000000
   -1.947787445   -1.445132621    0.000000000
   -1.884955592   -1.445132621    0.000000000
   -1.822123739   -1.445132621    0.000000000
   -1.759291886   -1.445132621    0.000000000
   -1.696460033   -1.445132621    0.000000000
   -1.633628180   -1.445132621    0.000000000
   -1.570796327   -1.445132621    0.000000000
   -1.507964474   -1.445132621    0.000000000
   -1.445132621   -1.445132621    0.000000000
   -1.382300768   -1.445132621    0.000000000
   -1.319468915   -1.445132621    0.000000000
   -1.256637061   -1.445132621    0.000000000
   -1.193805208   -1.445132621    0.000000000
   -1.130973355   -1.445132621    0.000000000
   -1.068141502   -1.445132621    0.000000000
   -1.005309649   -1.445132621    0.000000000
   -0.942477796   -1.445132621    0.000000000
   -0.879645943   -1.445132621    0.000000000
   -0.816814090   -1.445132621    0.000000000
   -0.753982237   -1.445132621    0.000000000
   -0.691150384   -1.445132621    0.000000000
   -0.628318531   -1.445132621    0.000000000
   -0.565486678   -1.445132621    0.000000000
   -0.502654825   -1.445132621    0.000000000
   -0.439822972   -1.445132621    0.000000000
   -0.376991118   -1.445132621    0.000000000
   -0.314159265   -1.445132621    0.000000000
   -0.251327412   -1.445132621    0.000000000
   -0.188495559   -1.445132621    0.000000000
   -0.125663706   -1.445132621    0.000000000
   -0.062831853   -1.445132621    0.000000000
    0.000000000   -1.445132621    0.000000000
    0.062831853   -1.445132621    0.000000000
    0.125663706   -1.445132621    0.000000000
    0.188495559   -1.445132621    0.000000000
    0.251327412   -1.445132621    0.000000000
    0.314159265   -1.445132621    0.000000000
    0.376991118   -1.445132621    0.000000000
    0.439822972   -1.445132621    0.000000000
    0.502654825   -1.445132621    0.000000000
    0.565486678   -1.445132621    0.000000000
    0.628318531   -1.445132621    0.000000000
    0.691150384   -1.445132621    0.000000000
    0.753982237   -1.445132621    0.000000000
    0.816814090   -1.445132621    0.000000000
    0.879645943   -1.445132621    0.000000000
    0.942477796   -1.445132621    0.000000000
    1.005309649   -1.445132621    0.000000000
    1.068141502   -1.445132621    0.000000000
    1.130973355   -1.445132621    0.000000000
    1.193805208   -1.445132621    0.000000000
    1.256637061   -1.445132621    0.000000000
    1.319468915   -1.445132621    0.000000000
    1.382300768   -1.445132621    0.000000000
    1.445132621   -1.445132621    0.000000000
    1.507964474   -1.445132621    0.000000000
    1.570796327   -1.445132621    0.000000000
    1.633628180   -1.445132621    0.000000000
    1.696460033   -1.445132621    0.000000000
    1.759291886   -1.445132621    0.000000000
    1.822123739   -1.445132621    0.000000000
    1.884955592   -1.445132621    0.000000000
    1.947787445   -1.445132621    0.000000000
    2.010619298   -1.445132621    0.000000000
    2.073451151   -1.445132621    0.000000000
    2.136283004   -1.445132621    0.000000000
    2.199114858   -1.445132621    0.000000000
    2.261946711   -1.445132621    0.000000000
    2.324778564   -1.445132621    0.000000000
    2.387610417   -1.445132621    0.000000000
    2.450442270   -1.445132621    0.000000000
    2.513274123   -1.445132621    0.000000000
    2.576105976   -1.445132621    0.000000000
    2.638937829   -1.445132621    0.000000000
    2.701769682   -1.445132621    0.000000000
    2.764601535   -1.445132621    0.000000000
    2.827433388   -1.445132621    0.000000000
    2.890265241   -1.445132621    0.000000000
    2.953097094   -1.445132621    0.000000000
    3.015928947   -1.445132621    0.000000000
    3.078760801   -1.445132621    0.000000000

   -3.141592654   -1.382300768    0.000000000
   -3.078760801   -1.382300768    0.000000000
   -3.015928947   -1.382300768    0.000000000
   -2.953097094   -1.382300768    0.000000000
   -2.890265241   -1.382300768    0.000000000
   -2.827433388   -1.382300768    0.000000000
   -2.764601535   -1.382300768    0.000000000
   -2.701769682   -1.382300768    0.000000000
   -2.638937829   -1.382300768    0.000000000
   -2.576105976   -1.382300768    0.000000000
   -2.513274123   -1.382300768    0.000000000
   -2.450442270   -1.382300768    0.000000000
   -2.387610417   -1.382300768    0.000000000
   -2.324778564   -1.382300768    0.000000000
   -2.261946711   -1.382300768    0.000000000
   -2.199114858   -1.382300768    0.000000000
   -2.136283004   -1.382300768    0.000000000
   -2.073451151   -1.382300768    0.000000000
   -2.010619298   -1.382300768    0.000000000
   -1.947787445   -1.382300768    0.000000000
   -1.884955592   -1.382300768    0.000000000
   -1.822123739   -1.382300768    0.000000000
   -1.759291886   -1.382300768    0.000000000
   -1.696460033   -1.382300768    0.000000000
   -1.633628180   -1.382300768    0.000000000
   -1.570796327   -1.382300768    0.000000000
   -1.507964474   -1.382300768    0.000000000
   -1.445132621   -1.382300768    0.000000000
   -1.382300768   -1.382300768    0.000000000
   -1.319468915   -1.382300768    0.000000000
   -1.256637061   -1.382300768    0.000000000
   -1.193805208   -1.382300768    0.000000000
   -1.130973355   -1.382300768    0.000000000
   -1.068141502   -1.382300768    0.000000000
   -1.005309649   -1.382300768    0.000000000
   -0.942477796   -1.382300768    0.000000000
   -0.879645943   -1.382300768    0.000000000
   -0.816814090   -1.382300768    0.000000000
   -0.753982237   -1.382300768    0.000000000
   -0.691150384   -1.382300768    0.000000000
   -0.628318531   -1.382300768    0.000000000
   -0.565486678   -1.382300768    0.000000000
   -0.502654825   -1.382300768    0.000000000
   -0.439822972   -1.382300768    0.000000000
   -0.376991118   -1.382300768    0.000000000
   -0.314159265   -1.382300768    0.000000000
   -0.251327412   -1.382300768    0.000000000
   -0.188495559   -1.382300768    0.000000000
   -0.125663706   -1.382300768    0.000000000
   -0.062831853   -1.382300768    0.000000000
    0.000000000   -1.382300768    0.000000000
    0.062831853   -1.382300768    0.000000000
    0.125663706   -1.382300768    0.000000000
    0.188495559   -1.382300768    0.000000000
    0.251327412   -1.382300768    0.000000000
    0.314159265   -1.382300768    0.000000000
    0.376991118   -1.382300768    0.000000000
    0.439822972   -1.382300768    0.000000000
    0.502654825   -1.382300768    0.000000000
    0.565486678   -1.382300768    0.000000000
    0.628318531   -1.382300768    0.000000000
    0.691150384   -1.382300768    0.000000000
    0.753982237   -1.382300768    0.000000000
    0.816814090   -1.382300768    0.000000000
    0.879645943   -1.382300768    0.000000000
    0.942477796   -1.382300768    0.000000000
    1.005309649   -1.382300768    0.000000000
    1.068141502   -1.382300768    0.000000000
    1.130973355   -1.382300768    0.000000000
    1.193805208   -1.382300768    0.000000000
    1.256637061   -1.382300768    0.000000000
    1.319468915   -1.382300768    0.000000000
    1.382300768   -1.382300768    0.000000000
    1.445132621   -1.382300768    0.000000000
    1.507964474   -1.382300768    0.000000000
    1.570796327   -1.382300768    0.000000000
    1.633628180   -1.382300768    0.000000000
    1.696460033   -1.382300768    0.000000000
    1.759291886   -1.382300768    0.000000000
    1.822123739   -1.382300768    0.000000000
    1.884955592   -1.382300768    0.000000000
    1.947787445   -1.382300768    0.000000000
    2.010619298   -1.382300768    0.000000000
    2.073451151   -1.382300768    0.000000000
    2.136283004   -1.382300768    0.000000000
    2.199114858   -1.382300768    0.000000000
    2.261946711   -1.382300768    0.000000000
    2.324778564   -1.382300768    0.000000000
    2.387610417   -1.382300768    0.000000000
    2.450442270   -1.382300768    0.000000000
    2.513274123   -1.382300768    0.000000000
    2.576105976   -1.382300768    0.000000000
    2.638937829   -1.382300768    0.000000000
    2.701769682   -1.382300768    0.000000000
    2.764601535   -1.382300768    0.000000000
    2.827433388   -1.382300768    0.000000000
    2.890265241   -1.382300768    0.000000000
    2.953097094   -1.382300768    0.000000000
    3.015928947   -1.382300768    0.000000000
    3.078760801   -1.382300768    0.000000000

   -3.141592654   -1.319468915    0.000000000
   -3.078760801   -1.319468915    0.000000000
   -3.015928947   -1.319468915    0.000000000
   -2.953097094   -1.319468915    0.000000000
   -2.890265241   -1.319468915    0.000000000
   -2.827433388   -1.319468915    0.000000000
   -2.764601535   -1.319468915    0.000000000
   -2.701769682   -1.319468915    0.000000000
   -2.638937829   -1.319468915    0.000000000
   -2.576105976   -1.319468915    0.000000000
   -2.513274123   -1.319468915    0.000000000
   -2.450442270   -1.319468915    0.000000000
   -2.387610417   -1.319468915    0.000000000
   -2.324778564   -1.319468915    0.000000000
   -2.261946711   -1.319468915    0.000000000
   -2.199114858   -1.319468915    0.000000000
   -2.136283004   -1.319468915    0.000000000
   -2.073451151   -1.319468915    0.000000000
   -2.010619298   -1.319468915    0.000000000
   -1.947787445   -1.319468915    0.000000000
   -1.884955592   -1.319468915    0.000000000
   -1.822123739   -1.319468915    0.000000000
   -1.759291886   -1.319468915    0.000000000
   -1.696460033   -1.319468915    0.000000000
   -1.633628180   -1.319468915    0.000000000
   -1.570796327   -1.319468915    0.000000000
   -1.507964474   -1.319468915    0.000000000
   -1.445132621   -1.319468915    0.000000000
   -1.382300768   -1.319468915    0.000000000
   -1.319468915   -1.319468915    0.000000000
   -1.256637061   -1.319468915    0.000000000
   -1.193805208   -1.319468915    0.000000000
   -1.130973355   -1.319468915    0.000000000
   -1.068141502   -1.319468915    0.000000000
   -1.005309649   -1.319468915    0.000000000
   -0.942477796   -1.319468915    0.000000000
   -0.879645943   -1.319468915    0.000000000
   -0.816814090   -1.319468915    0.000000000
   -0.753982237   -1.319468915    0.000000000
   -0.691150384   -1.319468915    0.000000000
   -0.628318531   -1.319468915    0.000000000
   -0.565486678   -1.319468915    0.000000000
   -0.502654825   -1.319468915    0.000000000
   -0.439822972   -1.319468915    0.000000000
   -0.376991118   -1.319468915    0.000000000
   -0.314159265   -1.319468915    0.000000000
   -0.251327412   -1.319468915    0.000000000
   -0.188495559   -1.319468915    0.000000000
   -0.125663706   -1.319468915    0.000000000
   -0.062831853   -1.319468915    0.000000000
    0.000000000   -1.319468915    0.000000000
    0.062831853   -1.319468915    0.000000000
    0.125663706   -1.319468915    0.000000000
    0.188495559   -1.319468915    0.000000000
    0.251327412   -1.319468915    0.000000000
    0.314159265   -1.319468915    0.000000000
    0.376991118   -1.319468915    0.000000000
    0.439822972   -1.319468915    0.000000000
    0.502654825   -1.319468915    0.000000000
    0.565486678   -1.319468915    0.000000000
    0.628318531   -1.319468915    0.000000000
    0.691150384   -1.319468915    0.000000000
    0.753982237   -1.319468915    0.000000000
    0.816814090   -1.319468915    0.000000000
    0.879645943   -1.319468915    0.000000000
    0.942477796   -1.319468915    0.000000000
    1.005309649   -1.319468915    0.000000000
    1.068141502   -1.319468915    0.000000000
    1.130973355   -1.319468915    0.000000000
    1.193805208   -1.319468915    0.000000000
    1.256637061   -1.319468915    0.000000000
    1.319468915   -1.319468915    0.000000000
    1.382300768   -1.319468915    0.000000000
    1.445132621   -1.319468915    0.000000000
    1.507964474   -1.319468915    0.000000000
    1.570796327   -1.319468915    0.000000000
    1.633628180   -1.319468915    0.000000000
    1.696460033   -1.319468915    0.000000000
    1.759291886   -1.319468915    0.000000000
    1.822123739   -1.319468915    0.000000000
    1.884955592   -1.319468915    0.000000000
    1.947787445   -1.319468915    0.000000000
    2.010619298   -1.319468915    0.000000000
    2.073451151   -1.319468915    0.000000000
    2.136283004   -1.319468915    0.000000000
    2.199114858   -1.319468915    0.000000000
    2.261946711   -1.319468915    0.000000000
    2.324778564   -1.319468915    0.000000000
    2.387610417   -1.319468915    0.000000000
    2.450442270   -1.319468915    0.000000000
    2.513274123   -1.319468915    0.000000000
    2.576105976   -1.319468915    0.000000000
    2.638937829   -1.319468915    0.000000000
    2.701769682   -1.319468915    0.000000000
    2.764601535   -1.319468915    0.000000000
    2.827433388   -1.319468915    0.000000000
    2.890265241   -1.319468915    0.000000000
    2.953097094   -1.319468915    0.000000000
    3.015928947   -1.319468915    0.000000000
    3.078760801   -1.319468915    0.000000000

   -3.141592654   -1.256637061    0.000000000
   -3.078760801   -1.256637061    0.000000000
   -3.015928947   -1.256637061    0.000000000
   -2.953097094   -1.256637061    0.000000000
   -2.890265241   -1.256637061    0.000000000
   -2.827433388   -1.256637061    0.000000000
   -2.764601535   -1.256637061    0.000000000
   -2.701769682   -1.256637061    0.000000000
   -2.638937829   -1.256637061    0.000000000
   -2.576105976   -1.256637061    0.000000000
   -2.513274123   -1.256637061    0.000000000
   -2.450442270   -1.256637061    0.000000000
   -2.387610417   -1.256637061    0.000000000
   -2.324778564   -1.256637061    0.000000000
   -2.261946711   -1.256637061    0.000000000
   -2.199114858   -1.256637061    0.000000000
   -2.136283004   -1.256637061    0.000000000
   -2.073451151   -1.256637061    0.000000000
   -2.010619298   -1.256637061    0.000000000
   -1.947787445   -1.256637061    0.000000000
   -1.884955592   -1.256637061    0.000000000
   -1.822123739   -1.256637061    0.000000000
   -1.759291886   -1.256637061    0.000000000
   -1.696460033   -1.256637061    0.000000000
   -1.633628180   -1.256637061    0.000000000
   -1.570796327   -1.256637061    0.000000000
   -1.507964474   -1.256637061    0.000000000
   -1.445132621   -1.256637061    0.000000000
   -1.382300768   -1.256637061    0.000000000
   -1.319468915   -1.256637061    0.000000000
   -1.256637061   -1.256637061    0.000000000
   -1.193805208   -1.256637061    0.000000000
   -1.130973355   -1.256637061    0.000000000
   -1.068141502   -1.256637061    0.000000000
   -1.005309649   -1.256637061    0.000000000
   -0.942477796   -1.256637061    0.000000000
   -0.879645943   -1.256637061    0.000000000
   -0.816814090   -1.256637061    0.000000000
   -0.753982237   -1.256637061    0.000000000
   -0.691150384   -1.256637061    0.000000000
   -0.628318531   -1.256637061    0.000000000
   -0.565486678   -1.256637061    0.000000000
   -0.502654825   -1.256637061    0.000000000
   -0.439822972   -1.256637061    0.000000000
   -0.376991118   -1.256637061    0.000000000
   -0.314159265   -1.256637061    0.000000000
   -0.251327412   -1.256637061    0.000000000
   -0.188495559   -1.256637061    0.000000000
   -0.125663706   -1.256637061    0.000000000
   -0.062831853   -1.256637061    0.000000000
    0.000000000   -1.256637061    0.000000000
    0.062831853   -1.256637061    0.000000000
    0.125663706   -1.256637061    0.000000000
    0.188495559   -1.256637061    0.000000000
    0.251327412   -1.256637061    0.000000000
    0.314159265   -1.256637061    0.000000000
    0.376991118   -1.256637061    0.000000000
    0.439822972   -1.256637061    0.000000000
    0.502654825   -1.256637061    0.000000000
    0.565486678   -1.256637061    0.000000000
    0.628318531   -1.256637061    0.000000000
    0.691150384   -1.256637061    0.000000000
    0.753982237   -1.256637061    0.000000000
    0.816814090   -1.256637061    0.000000000
    0.879645943   -1.256637061    0.000000000
    0.942477796   -1.256637061    0.000000000
    1.005309649   -1.256637061    0.000000000
    1.068141502   -1.256637061    0.000000000
    1.130973355   -1.256637061    0.000000000
    1.193805208   -1.256637061    0.000000000
    1.256637061   -1.256637061    0.000000000
    1.319468915   -1.256637061    0.000000000
    1.382300768   -1.256637061    0.000000000
    1.445132621   -1.256637061    0.000000000
    1.507964474   -1.256637061    0.000000000
    1.570796327   -1.256637061    0.000000000
    1.633628180   -1.256637061    0.000000000
    1.696460033   -1.256637061    0.000000000
    1.759291886   -1.256637061    0.000000000
    1.822123739   -1.256637061    0.000000000
    1.884955592   -1.256637061    0.000000000
    1.947787445   -1.256637061    0.000000000
    2.010619298   -1.256637061    0.000000000
    2.073451151   -1.256637061    0.000000000
    2.136283004   -1.256637061    0.000000000
    2.199114858   -1.256637061    0.000000000
    2.261946711   -1.256637061    0.000000000
    2.324778564   -1.256637061    0.000000000
    2.387610417   -1.256637061    0.000000000
    2.450442270   -1.256637061    0.000000000
    2.513274123   -1.256637061    0.000000000
    2.576105976   -1.256637061    0.000000000
    2.638937829   -1.256637061    0.000000000
    2.701769682   -1.256637061    0.000000000
    2.764601535   -1.256637061    0.000000000
    2.827433388   -1.256637061    0.000000000
    2.890265241   -1.256637061    0.000000000
    2.953097094   -1.256637061    0.000000000
    3.015928947   -1.256637061    0.000000000
    3.078760801   -1.256637061    0.000000000

   -3.141592654   -1.193805208    0.000000000
   -3.078760801   -1.193805208    0.000000000
   -3.015928947   -1.193805208    0.000000000
   -2.953097094   -1.193805208    0.000000000
   -2.890265241   -1.193805208    0.000000000
   -2.827433388   -1.193805208    0.000000000
   -2.764601535   -1.193805208    0.000000000
   -2.701769682   -1.193805208    0.000000000
   -2.638937829   -1.193805208    0.000000000
   -2.576105976   -1.193805208    0.000000000
   -2.513274123   -1.193805208    0.000000000
   -2.450442270   -1.193805208    0.000000000
   -2.387610417   -1.193805208    0.000000000
   -2.324778564   -1.193805208    0.000000000
   -2.261946711   -1.193805208    0.000000000
   -2.199114858   -1.193805208    0.000000000
   -2.136283004   -1.193805208    0.000000000
   -2.073451151   -1.193805208    0.000000000
   -2.010619298   -1.193805208    0.000000000
   -1.947787445   -1.193805208    0.000000000
   -1.884955592   -1.193805208    0.000000000
   -1.822123739   -1.193805208    0.000000000
   -1.759291886   -1.193805208    0.000000000
   -1.696460033   -1.193805208    0.000000000
   -1.633628180   -1.193805208    0.000000000
   -1.570796327   -1.193805208    0.000000000
   -1.507964474   -1.193805208    0.000000000
   -1.445132621   -1.193805208    0.000000000
   -1.382300768   -1.193805208    0.000000000
   -1.319468915   -1.193805208    0.000000000
   -1.256637061   -1.193805208    0.000000000
   -1.193805208   -1.193805208    0.000000000
   -1.130973355   -1.193805208    0.000000000
   -1.068141502   -1.193805208    0.000000000
   -1.005309649   -1.193805208    0.000000000
   -0.942477796   -1.193805208    0.000000000
   -0.879645943   -1.193805208    0.000000000
   -0.816814090   -1.193805208    0.000000000
   -0.753982237   -1.193805208    0.000000000
   -0.691150384   -1.193805208    0.000000000
   -0.628318531   -1.193805208    0.000000000
   -0.565486678   -1.193805208    0.000000000
   -0.502654825   -1.193805208    0.000000000
   -0.439822972   -1.193805208    0.000000000
   -0.376991118   -1.193805208    0.000000000
   -0.314159265   -1.193805208    0.000000000
   -0.251327412   -1.193805208    0.000000000
   -0.188495559   -1.193805208    0.000000000
   -0.125663706   -1.193805208    0.000000000
   -0.062831853   -1.193805208    0.000000000
    0.000000000   -1.193805208    0.000000000
    0.062831853   -1.193805208    0.000000000
    0.125663706   -1.193805208    0.000000000
    0.188495559   -1.193805208    0.000000000
    0.251327412   -1.193805208    0.000000000
    0.314159265   -1.193805208    0.000000000
    0.376991118   -1.193805208    0.000000000
    0.439822972   -1.193805208    0.000000000
    0.502654825   -1.193805208    0.000000000
    0.565486678   -1.193805208    0.000000000
    0.628318531   -1.193805208    0.000000000
    0.691150384   -1.193805208    0.000000000
    0.753982237   -1.193805208    0.000000000
    0.816814090   -1.193805208    0.000000000
    0.879645943   -1.193805208    0.000000000
    0.942477796   -1.193805208    0.000000000
    1.005309649   -1.193805208    0.000000000
    1.068141502   -1.193805208    0.000000000
    1.130973355   -1.193805208    0.000000000
    1.193805208   -1.193805208    0.000000000
    1.256637061   -1.193805208    0.000000000
    1.319468915   -1.193805208    0.000000000
    1.382300768   -1.193805208    0.000000000
    1.445132621   -1.193805208    0.000000000
    1.507964474   -1.193805208    0.000000000
    1.570796327   -1.193805208    0.000000000
    1.633628180   -1.193805208    0.000000000
    1.696460033   -1.193805208    0.000000000
    1.759291886   -1.193805208    0.000000000
    1.822123739   -1.193805208    0.000000000
    1.884955592   -1.193805208    0.000000000
    1.947787445   -1.193805208    0.000000000
    2.010619298   -1.193805208    0.000000000
    2.073451151   -1.193805208    0.000000000
    2.136283004   -1.193805208    0.000000000
    2.199114858   -1.193805208    0.000000000
    2.261946711   -1.193805208    0.000000000
    2.324778564   -1.193805208    0.000000000
    2.387610417   -1.193805208    0.000000000
    2.450442270   -1.193805208    0.000000000
    2.513274123   -1.193805208    0.000000000
    2.576105976   -1.193805208    0.000000000
    2.638937829   -1.193805208    0.000000000
    2.701769682   -1.193805208    0.000000000
    2.764601535   -1.193805208    0.000000000
    2.827433388   -1.193805208    0.000000000
    2.890265241   -1.193805208    0.000000000
    2.953097094   -1.193805208    0.000000000
    3.015928947   -1.193805208    0.000000000
    3.078760801   -1.193805208    0.000000000

   -3.141592654   -1.130973355    0.000000000
   -3.078760801   -1.130973355    0.000000000
   -3.015928947   -1.130973355    0.000000000
   -2.953097094   -1.130973355    0.000000000
   -2.890265241   -1.130973355    0.000000000
   -2.827433388   -1.130973355    0.000000000
   -2.764601535   -1.130973355    0.000000000
   -2.701769682   -1.130973355    0.000000000
   -2.638937829   -1.130973355    0.000000000
   -2.576105976   -1.130973355    0.000000000
   -2.513274123   -1.130973355    0.000000000
   -2.450442270   -1.130973355    0.000000000
   -2.387610417   -1.130973355    0.000000000
   -2.324778564   -1.130973355    0.000000000
   -2.261946711   -1.130973355    0.000000000
   -2.199114858   -1.130973355    0.000000000
   -2.136283004   -1.130973355    0.000000000
   -2.073451151   -1.130973355    0.000000000
   -2.010619298   -1.130973355    0.000000000
   -1.947787445   -1.130973355    0.000000000
   -1.884955592   -1.130973355    0.000000000
   -1.822123739   -1.130973355    0.000000000
   -1.759291886   -1.130973355    0.000000000
   -1.696460033   -1.130973355    0.000000000
   -1.633628180   -1.130973355    0.000000000
   -1.570796327   -1.130973355    0.000000000
   -1.507964474   -1.130973355    0.000000000
   -1.445132621   -1.130973355    0.000000000
   -1.382300768   -1.130973355    0.000000000
   -1.319468915   -1.130973355    0.000000000
   -1.256637061   -1.130973355    0.000000000
   -1.193805208   -1.130973355    0.000000000
   -1.130973355   -1.130973355    0.000000000
   -1.068141502   -1.130973355    0.000000000
   -1.005309649   -1.130973355    0.000000000
   -0.942477796   -1.130973355    0.000000000
   -0.879645943   -1.130973355    0.000000000
   -0.816814090   -1.130973355    0.000000000
   -0.753982237   -1.130973355    0.000000000
   -0.691150384   -1.130973355    0.000000000
   -0.628318531   -1.130973355    0.000000000
   -0.565486678   -1.130973355    0.000000000
   -0.502654825   -1.130973355    0.000000000
   -0.439822972   -1.130973355    0.000000000
   -0.376991118   -1.130973355    0.000000000
   -0.314159265   -1.130973355    0.000000000
   -0.251327412   -1.130973355    0.000000000
   -0.188495559   -1.130973355    0.000000000
   -0.125663706   -1.130973355    0.000000000
   -0.062831853   -1.130973355    0.000000000
    0.000000000   -1.130973355    0.000000000
    0.062831853   -1.130973355    0.000000000
    0.125663706   -1.130973355    0.000000000
    0.188495559   -1.130973355    0.000000000
    0.251327412   -1.130973355    0.000000000
    0.314159265   -1.130973355    0.000000000
    0.376991118   -1.130973355    0.000000000
    0.439822972   -1.130973355    0.000000000
    0.502654825   -1.130973355    0.000000000
    0.565486678   -1.130973355    0.000000000
    0.628318531   -1.130973355    0.000000000
    0.691150384   -1.130973355    0.000000000
    0.753982237   -1.130973355    0.000000000
    0.816814090   -1.130973355    0.000000000
    0.879645943   -1.130973355    0.000000000
    0.942477796   -1.130973355    0.000000000
    1.005309649   -1.130973355    0.000000000
    1.068141502   -1.130973355    0.000000000
    1.130973355   -1.130973355    0.000000000
    1.193805208   -1.130973355    0.000000000
    1.256637061   -1.130973355    0.000000000
    1.319468915   -1.130973355    0.000000000
    1.382300768   -1.130973355    0.000000000
    1.445132621   -1.130973355    0.000000000
    1.507964474   -1.130973355    0.000000000
    1.570796327   -1.130973355    0.000000000
    1.633628180   -1.130973355    0.000000000
    1.696460033   -1.130973355    0.000000000
    1.759291886   -1.130973355    0.000000000
    1.822123739   -1.130973355    0.000000000
    1.884955592   -1.130973355    0.000000000
    1.947787445   -1.130973355    0.000000000
    2.010619298   -1.130973355    0.000000000
    2.073451151   -1.130973355    0.000000000
    2.136283004   -1.130973355    0.000000000
    2.199114858   -1.130973355    0.000000000
    2.261946711   -1.130973355    0.000000000
    2.324778564   -1.130973355    0.000000000
    2.387610417   -1.130973355    0.000000000
    2.450442270   -1.130973355    0.000000000
    2.513274123   -1.130973355    0.000000000
    2.576105976   -1.130973355    0.000000000
    2.638937829   -1.130973355    0.000000000
    2.701769682   -1.130973355    0.000000000
    2.764601535   -1.130973355    0.000000000
    2.827433388   -1.130973355    0.000000000
    2.890265241   -1.130973355    0.000000000
    2.953097094   -1.130973355    0.000000000
    3.015928947   -1.130973355    0.000000000
    3.078760801   -1.130973355    0.000000000

   -3.141592654   -1.068141502    0.000000000
   -3.078760801   -1.068141502    0.000000000
   -3.015928947   -1.068141502    0.000000000
   -2.953097094   -1.068141502    0.000000000
   -2.890265241   -1.068141502    0.000000000
   -2.827433388   -1.068141502    0.000000000
   -2.764601535   -1.068141502    0.000000000
   -2.701769682   -1.068141502    0.000000000
   -2.638937829   -1.068141502    0.000000000
   -2.576105976   -1.068141502    0.000000000
   -2.513274123   -1.068141502    0.000000000
   -2.450442270   -1.068141502    0.000000000
   -2.387610417   -1.068141502    0.000000000
   -2.324778564   -1.068141502    0.000000000
   -2.261946711   -1.068141502    0.000000000
   -2.199114858   -1.068141502    0.000000000
   -2.136283004   -1.068141502    0.000000000
   -2.073451151   -1.068141502    0.000000000
   -2.010619298   -1.068141502    0.000000000
   -1.947787445   -1.068141502    0.000000000
   -1.884955592   -1.068141502    0.000000000
   -1.822123739   -1.068141502    0.000000000
   -1.759291886   -1.068141502    0.000000000
   -1.696460033   -1.068141502    0.000000000
   -1.633628180   -1.068141502    0.000000000
   -1.570796327   -1.068141502    0.000000000
   -1.507964474   -1.068141502    0.000000000
   -1.445132621   -1.068141502    0.000000000
   -1.382300768   -1.068141502    0.000000000
   -1.319468915   -1.068141502    0.000000000
   -1.256637061   -1.068141502    0.000000000
   -1.193805208   -1.068141502    0.000000000
   -1.130973355   -1.068141502    0.000000000
   -1.068141502   -1.068141502    0.000000000
   -1.005309649   -1.068141502    0.000000000
   -0.942477796   -1.068141502    0.000000000
   -0.879645943   -1.068141502    0.000000000
   -0.816814090   -1.068141502    0.000000000
   -0.753982237   -1.068141502    0.000000000
   -0.691150384   -1.068141502    0.000000000
   -0.628318531   -1.068141502    0.000000000
   -0.565486678   -1.068141502    0.000000000
   -0.502654825   -1.068141502    0.000000000
   -0.439822972   -1.068141502    0.000000000
   -0.376991118   -1.068141502    0.000000000
   -0.314159265   -1.068141502    0.000000000
   -0.251327412   -1.068141502    0.000000000
   -0.188495559   -1.068141502    0.000000000
   -0.125663706   -1.068141502    0.000000000
   -0.062831853   -1.068141502    0.000000000
    0.000000000   -1.068141502    0.000000000
    0.062831853   -1.068141502    0.000000000
    0.125663706   -1.068141502    0.000000000
    0.188495559   -1.068141502    0.000000000
    0.251327412   -1.068141502    0.000000000
    0.314159265   -1.068141502    0.000000000
    0.376991118   -1.068141502    0.000000000
    0.439822972   -1.068141502    0.000000000
    0.502654825   -1.068141502    0.000000000
    0.565486678   -1.068141502    0.000000000
    0.628318531   -1.068141502    0.000000000
    0.691150384   -1.068141502    0.000000000
    0.753982237   -1.068141502    0.000000000
    0.816814090   -1.068141502    0.000000000
    0.879645943   -1.068141502    0.000000000
    0.942477796   -1.068141502    0.000000000
    1.005309649   -1.068141502    0.000000000
    1.068141502   -1.068141502    0.000000000
    1.130973355   -1.068141502    0.000000000
    1.193805208   -1.068141502    0.000000000
    1.256637061   -1.068141502    0.000000000
    1.319468915   -1.068141502    0.000000000
    1.382300768   -1.068141502    0.000000000
    1.445132621   -1.068141502    0.000000000
    1.507964474   -1.068141502    0.000000000
    1.570796327   -1.068141502    0.000000000
    1.633628180   -1.068141502    0.000000000
    1.696460033   -1.068141502    0.000000000
    1.759291886   -1.068141502    0.000000000
    1.822123739   -1.068141502    0.000000000
    1.884955592   -1.068141502    0.000000000
    1.947787445   -1.068141502    0.000000000
    2.010619298   -1.068141502    0.000000000
    2.073451151   -1.068141502    0.000000000
    2.136283004   -1.068141502    0.000000000
    2.199114858   -1.068141502    0.000000000
    2.261946711   -1.068141502    0.000000000
    2.324778564   -1.068141502    0.000000000
    2.387610417   -1.068141502    0.000000000
    2.450442270   -1.068141502    0.000000000
    2.513274123   -1.068141502    0.000000000
    2.576105976   -1.068141502    0.000000000
    2.638937829   -1.068141502    0.000000000
    2.701769682   -1.068141502    0.000000000
    2.764601535   -1.068141502    0.000000000
    2.827433388   -1.068141502    0.000000000
    2.890265241   -1.068141502    0.000000000
    2.953097094   -1.068141502    0.000000000
    3.015928947   -1.068141502    0.000000000
    3.078760801   -1.068141502    0.000000000

   -3.141592654   -1.005309649    0.000000000
   -3.078760801   -1.005309649    0.000000000
   -3.015928947   -1.005309649    0.000000000
   -2.953097094   -1.005309649    0.000000000
   -2.890265241   -1.005309649    0.000000000
   -2.827433388   -1.005309649    0.000000000
   -2.764601535   -1.005309649    0.000000000
   -2.701769682   -1.005309649    0.000000000
   -2.638937829   -1.005309649    0.000000000
   -2.576105976   -1.005309649    0.000000000
   -2.513274123   -1.005309649    0.000000000
   -2.450442270   -1.005309649    0.000000000
   -2.387610417   -1.005309649    0.000000000
   -2.324778564   -1.005309649    0.000000000
   -2.261946711   -1.005309649    0.000000000
   -2.199114858   -1.005309649    0.000000000
   -2.136283004   -1.005309649    0.000000000
   -2.073451151   -1.005309649    0.000000000
   -2.010619298   -1.005309649    0.000000000
   -1.947787445   -1.005309649    0.000000000
   -1.884955592   -1.005309649    0.000000000
   -1.822123739   -1.005309649    0.000000000
   -1.759291886   -1.005309649    0.000000000
   -1.696460033   -1.005309649    0.000000000
   -1.633628180   -1.005309649    0.000000000
   -1.570796327   -1.005309649    0.000000000
   -1.507964474   -1.005309649    0.000000000
   -1.445132621   -1.005309649    0.000000000
   -1.382300768   -1.005309649    0.000000000
   -1.319468915   -1.005309649    0.000000000
   -1.256637061   -1.005309649    0.000000000
   -1.193805208   -1.005309649    0.000000000
   -1.130973355   -1.005309649    0.000000000
   -1.068141502   -1.005309649    0.000000000
   -1.005309649   -1.005309649    0.000000000
   -0.942477796   -1.005309649    0.000000000
   -0.879645943   -1.005309649    0.000000000
   -0.816814090   -1.005309649    0.000000000
   -0.753982237   -1.005309649    0.000000000
   -0.691150384   -1.005309649    0.000000000
   -0.628318531   -1.005309649    0.000000000
   -0.565486678   -1.005309649    0.000000000
   -0.502654825   -1.005309649    0.000000000
   -0.439822972   -1.005309649    0.000000000
   -0.376991118   -1.005309649    0.000000000
   -0.314159265   -1.005309649    0.000000000
   -0.251327412   -1.005309649    0.000000000
   -0.188495559   -1.005309649    0.000000000
   -0.125663706   -1.005309649    0.000000000
   -0.062831853   -1.005309649    0.000000000
    0.000000000   -1.005309649    0.000000000
    0.062831853   -1.005309649    0.000000000
    0.125663706   -1.005309649    0.000000000
    0.188495559   -1.005309649    0.000000000
    0.251327412   -1.005309649    0.000000000
    0.314159265   -1.005309649    0.000000000
    0.376991118   -1.005309649    0.000000000
    0.439822972   -1.005309649    0.000000000
    0.502654825   -1.005309649    0.000000000
    0.565486678   -1.005309649    0.000000000
    0.628318531   -1.005309649    0.000000000
    0.691150384   -1.005309649    0.000000000
    0.753982237   -1.005309649    0.000000000
    0.816814090   -1.005309649    0.000000000
    0.879645943   -1.005309649    0.000000000
    0.942477796   -1.005309649    0.000000000
    1.005309649   -1.005309649    0.000000000
    1.068141502   -1.005309649    0.000000000
    1.130973355   -1.005309649    0.000000000
    1.193805208   -1.005309649    0.000000000
    1.256637061   -1.005309649    0.000000000
    1.319468915   -1.005309649    0.000000000
    1.382300768   -1.005309649    0.000000000
    1.445132621   -1.005309649    0.000000000
    1.507964474   -1.005309649    0.000000000
    1.570796327   -1.005309649    0.000000000
    1.633628180   -1.005309649    0.000000000
    1.696460033   -1.005309649    0.000000000
    1.759291886   -1.005309649    0.000000000
    1.822123739   -1.005309649    0.000000000
    1.884955592   -1.005309649    0.000000000
    1.947787445   -1.005309649    0.000000000
    2.010619298   -1.005309649    0.000000000
    2.073451151   -1.005309649    0.000000000
    2.136283004   -1.005309649    0.000000000
    2.199114858   -1.005309649    0.000000000
    2.261946711   -1.005309649    0.000000000
    2.324778564   -1.005309649    0.000000000
    2.387610417   -1.005309649    0.000000000
    2.450442270   -1.005309649    0.000000000
    2.513274123   -1.005309649    0.000000000
    2.576105976   -1.005309649    0.000000000
    2.638937829   -1.005309649    0.000000000
    2.701769682   -1.005309649    0.000000000
    2.764601535   -1.005309649    0.000000000
    2.827433388   -1.005309649    0.000000000
    2.890265241   -1.005309649    0.000000000
    2.953097094   -1.005309649    0.000000000
    3.015928947   -1.005309649    0.000000000
    3.078760801   -1.005309649    0.000000000

   -3.141592654   -0.942477796    0.000000000
   -3.078760801   -0.942477796    0.000000000
   -3.015928947   -0.942477796    0.000000000
   -2.953097094   -0.942477796    0.000000000
   -2.890265241   -0.942477796    0.000000000
   -2.827433388   -0.942477796    0.000000000
   -2.764601535   -0.942477796    0.000000000
   -2.701769682   -0.942477796    0.000000000
   -2.638937829   -0.942477796    0.000000000
   -2.576105976   -0.942477796    0.000000000
   -2.513274123   -0.942477796    0.000000000
   -2.450442270   -0.942477796    0.000000000
   -2.387610417   -0.942477796    0.000000000
   -2.324778564   -0.942477796    0.000000000
   -2.261946711   -0.942477796    0.000000000
   -2.199114858   -0.942477796    0.000000000
   -2.136283004   -0.942477796    0.000000000
   -2.073451151   -0.942477796    0.000000000
   -2.010619298   -0.942477796    0.000000000
   -1.947787445   -0.942477796    0.000000000
   -1.884955592   -0.942477796    0.000000000
   -1.822123739   -0.942477796    0.000000000
   -1.759291886   -0.942477796    0.000000000
   -1.696460033   -0.942477796    0.000000000
   -1.633628180   -0.942477796    0.000000000
   -1.570796327   -0.942477796    0.000000000
   -1.507964474   -0.942477796    0.000000000
   -1.445132621   -0.942477796    0.000000000
   -1.382300768   -0.942477796    0.000000000
   -1.319468915   -0.942477796    0.000000000
   -1.256637061   -0.942477796    0.000000000
   -1.193805208   -0.942477796    0.000000000
   -1.130973355   -0.942477796    0.000000000
   -1.068141502   -0.942477796    0.000000000
   -1.005309649   -0.942477796    0.000000000
   -0.942477796   -0.942477796    0.000000000
   -0.879645943   -0.942477796    0.000000000
   -0.816814090   -0.942477796    0.000000000
   -0.753982237   -0.942477796    0.000000000
   -0.691150384   -0.942477796    0.000000000
   -0.628318531   -0.942477796    0.000000000
   -0.565486678   -0.942477796    0.000000000
   -0.502654825   -0.942477796    0.000000000
   -0.439822972   -0.942477796    0.000000000
   -0.376991118   -0.942477796    0.000000000
   -0.314159265   -0.942477796    0.000000000
   -0.251327412   -0.942477796    0.000000000
   -0.188495559   -0.942477796    0.000000000
   -0.125663706   -0.942477796    0.000000000
   -0.062831853   -0.942477796    0.000000000
    0.000000000   -0.942477796    0.000000000
    0.062831853   -0.942477796    0.000000000
    0.125663706   -0.942477796    0.000000000
    0.188495559   -0.942477796    0.000000000
    0.251327412   -0.942477796    0.000000000
    0.314159265   -0.942477796    0.000000000
    0.376991118   -0.942477796    0.000000000
    0.439822972   -0.942477796    0.000000000
    0.502654825   -0.942477796    0.000000000
    0.565486678   -0.942477796    0.000000000
    0.628318531   -0.942477796    0.000000000
    0.691150384   -0.942477796    0.000000000
    0.753982237   -0.942477796    0.000000000
    0.816814090   -0.942477796    0.000000000
    0.879645943   -0.942477796    0.000000000
    0.942477796   -0.942477796    0.000000000
    1.005309649   -0.942477796    0.000000000
    1.068141502   -0.942477796    0.000000000
    1.130973355   -0.942477796    0.000000000
    1.193805208   -0.942477796    0.000000000
    1.256637061   -0.942477796    0.000000000
    1.319468915   -0.942477796    0.000000000
    1.382300768   -0.942477796    0.000000000
    1.445132621   -0.942477796    0.000000000
    1.507964474   -0.942477796    0.000000000
    1.570796327   -0.942477796    0.000000000
    1.633628180   -0.942477796    0.000000000
    1.696460033   -0.942477796    0.000000000
    1.759291886   -0.942477796    0.000000000
    1.822123739   -0.942477796    0.000000000
    1.884955592   -0.942477796    0.000000000
    1.947787445   -0.942477796    0.000000000
    2.010619298   -0.942477796    0.000000000
    2.073451151   -0.942477796    0.000000000
    2.136283004   -0.942477796    0.000000000
    2.199114858   -0.942477796    0.000000000
    2.261946711   -0.942477796    0.000000000
    2.324778564   -0.942477796    0.000000000
    2.387610417   -0.942477796    0.000000000
    2.450442270   -0.942477796    0.000000000
    2.513274123   -0.942477796    0.000000000
    2.576105976   -0.942477796    0.000000000
    2.638937829   -0.942477796    0.000000000
    2.701769682   -0.942477796    0.000000000
    2.764601535   -0.942477796    0.000000000
    2.827433388   -0.942477796    0.000000000
    2.890265241   -0.942477796    0.000000000
    2.953097094   -0.942477796    0.000000000
    3.015928947   -0.942477796    0.000000000
    3.078760801   -0.942477796    0.000000000

   -3.141592654   -0.879645943    0.000000000
   -3.078760801   -0.879645943    0.000000000
   -3.015928947   -0.879645943    0.000000000
   -2.953097094   -0.879645943    0.000000000
   -2.890265241   -0.879645943    0.000000000
   -2.827433388   -0.879645943    0.000000000
   -2.764601535   -0.879645943    0.000000000
   -2.701769682   -0.879645943    0.000000000
   -2.638937829   -0.879645943    0.000000000
   -2.576105976   -0.879645943    0.000000000
   -2.513274123   -0.879645943    0.000000000
   -2.450442270   -0.879645943    0.000000000
   -2.387610417   -0.879645943    0.000000000
   -2.324778564   -0.879645943    0.000000000
   -2.261946711   -0.879645943    0.000000000
   -2.199114858   -0.879645943    0.000000000
   -2.136283004   -0.879645943    0.000000000
   -2.073451151   -0.879645943    0.000000000
   -2.010619298   -0.879645943    0.000000000
   -1.947787445   -0.879645943    0.000000000
   -1.884955592   -0.879645943    0.000000000
   -1.822123739   -0.879645943    0.000000000
   -1.759291886   -0.879645943    0.000000000
   -1.696460033   -0.879645943    0.000000000
   -1.633628180   -0.879645943    0.000000000
   -1.570796327   -0.879645943    0.000000000
   -1.507964474   -0.879645943    0.000000000
   -1.445132621   -0.879645943    0.000000000
   -1.382300768   -0.879645943    0.000000000
   -1.319468915   -0.879645943    0.000000000
   -1.256637061   -0.879645943    0.000000000
   -1.193805208   -0.879645943    0.000000000
   -1.130973355   -0.879645943    0.000000000
   -1.068141502   -0.879645943    0.000000000
   -1.005309649   -0.879645943    0.000000000
   -0.942477796   -0.879645943    0.000000000
   -0.879645943   -0.879645943    0.000000000
   -0.816814090   -0.879645943    0.000000000
   -0.753982237   -0.879645943    0.000000000
   -0.691150384   -0.879645943    0.000000000
   -0.628318531   -0.879645943    0.000000000
   -0.565486678   -0.879645943    0.000000000
   -0.502654825   -0.879645943    0.000000000
   -0.439822972   -0.879645943    0.000000000
   -0.376991118   -0.879645943    0.000000000
   -0.314159265   -0.879645943    0.000000000
   -0.251327412   -0.879645943    0.000000000
   -0.188495559   -0.879645943    0.000000000
   -0.125663706   -0.879645943    0.000000000
   -0.062831853   -0.879645943    0.000000000
    0.000000000   -0.879645943    0.000000000
    0.062831853   -0.879645943    0.000000000
    0.125663706   -0.879645943    0.000000000
    0.188495559   -0.879645943    0.000000000
    0.251327412   -0.879645943    0.000000000
    0.314159265   -0.879645943    0.000000000
    0.376991118   -0.879645943    0.000000000
    0.439822972   -0.879645943    0.000000000
    0.502654825   -0.879645943    0.000000000
    0.565486678   -0.879645943    0.000000000
    0.628318531   -0.879645943    0.000000000
    0.691150384   -0.879645943    0.000000000
    0.753982237   -0.879645943    0.000000000
    0.816814090   -0.879645943    0.000000000
    0.879645943   -0.879645943    0.000000000
    0.942477796   -0.879645943    0.000000000
    1.005309649   -0.879645943    0.000000000
    1.068141502   -0.879645943    0.000000000
    1.130973355   -0.879645943    0.000000000
    1.193805208   -0.879645943    0.000000000
    1.256637061   -0.879645943    0.000000000
    1.319468915   -0.879645943    0.000000000
    1.382300768   -0.879645943    0.000000000
    1.445132621   -0.879645943    0.000000000
    1.507964474   -0.879645943    0.000000000
    1.570796327   -0.879645943    0.000000000
    1.633628180   -0.879645943    0.000000000
    1.696460033   -0.879645943    0.000000000
    1.759291886   -0.879645943    0.000000000
    1.822123739   -0.879645943    0.000000000
    1.884955592   -0.879645943    0.000000000
    1.947787445   -0.879645943    0.000000000
    2.010619298   -0.879645943    0.000000000
    2.073451151   -0.879645943    0.000000000
    2.136283004   -0.879645943    0.000000000
    2.199114858   -0.879645943    0.000000000
    2.261946711   -0.879645943    0.000000000
    2.324778564   -0.879645943    0.000000000
    2.387610417   -0.879645943    0.000000000
    2.450442270   -0.879645943    0.000000000
    2.513274123   -0.879645943    0.000000000
    2.576105976   -0.879645943    0.000000000
    2.638937829   -0.879645943    0.000000000
    2.701769682   -0.879645943    0.000000000
    2.764601535   -0.879645943    0.000000000
    2.827433388   -0.879645943    0.000000000
    2.890265241   -0.879645943    0.000000000
    2.953097094   -0.879645943    0.000000000
    3.015928947   -0.879645943    0.000000000
    3.078760801   -0.879645943    0.000000000

   -3.141592654   -0.816814090    0.000000000
   -3.078760801   -0.816814090    0.000000000
   -3.015928947   -0.816814090    0.000000000
   -2.953097094   -0.816814090    0.000000000
   -2.890265241   -0.816814090    0.000000000
   -2.827433388   -0.816814090    0.000000000
   -2.764601535   -0.816814090    0.000000000
   -2.701769682   -0.816814090    0.000000000
   -2.638937829   -0.816814090    0.000000000
   -2.576105976   -0.816814090    0.000000000
   -2.513274123   -0.816814090    0.000000000
   -2.450442270   -0.816814090    0.000000000
   -2.387610417   -0.816814090    0.000000000
   -2.324778564   -0.816814090    0.000000000
   -2.261946711   -0.816814090    0.000000000
   -2.199114858   -0.816814090    0.000000000
   -2.136283004   -0.816814090    0.000000000
   -2.073451151   -0.816814090    0.000000000
   -2.010619298   -0.816814090    0.000000000
   -1.947787445   -0.816814090    0.000000000
   -1.884955592   -0.816814090    0.000000000
   -1.822123739   -0.816814090    0.000000000
   -1.759291886   -0.816814090    0.000000000
   -1.696460033   -0.816814090    0.000000000
   -1.633628180   -0.816814090    0.000000000
   -1.570796327   -0.816814090    0.000000000
   -1.507964474   -0.816814090    0.000000000
   -1.445132621   -0.816814090    0.000000000
   -1.382300768   -0.816814090    0.000000000
   -1.319468915   -0.816814090    0.000000000
   -1.256637061   -0.816814090    0.000000000
   -1.193805208   -0.816814090    0.000000000
   -1.130973355   -0.816814090    0.000000000
   -1.068141502   -0.816814090    0.000000000
   -1.005309649   -0.816814090    0.000000000
   -0.942477796   -0.816814090    0.000000000
   -0.879645943   -0.816814090    0.000000000
   -0.816814090   -0.816814090    0.000000000
   -0.753982237   -0.816814090    0.000000000
   -0.691150384   -0.816814090    0.000000000
   -0.628318531   -0.816814090    0.000000000
   -0.565486678   -0.816814090    0.000000000
   -0.502654825   -0.816814090    0.000000000
   -0.439822972   -0.816814090    0.000000000
   -0.376991118   -0.816814090    0.000000000
   -0.314159265   -0.816814090    0.000000000
   -0.251327412   -0.816814090    0.000000000
   -0.188495559   -0.816814090    0.000000000
   -0.125663706   -0.816814090    0.000000000
   -0.062831853   -0.816814090    0.000000000
    0.000000000   -0.816814090    0.000000000
    0.062831853   -0.816814090    0.000000000
    0.125663706   -0.816814090    0.000000000
    0.188495559   -0.816814090    0.000000000
    0.251327412   -0.816814090    0.000000000
    0.314159265   -0.816814090    0.000000000
    0.376991118   -0.816814090    0.000000000
    0.439822972   -0.816814090    0.000000000
    0.502654825   -0.816814090    0.000000000
    0.565486678   -0.816814090    0.000000000
    0.628318531   -0.816814090    0.000000000
    0.691150384   -0.816814090    0.000000000
    0.753982237   -0.816814090    0.000000000
    0.816814090   -0.816814090    0.000000000
    0.879645943   -0.816814090    0.000000000
    0.942477796   -0.816814090    0.000000000
    1.005309649   -0.816814090    0.000000000
    1.068141502   -0.816814090    0.000000000
    1.130973355   -0.816814090    0.000000000
    1.193805208   -0.816814090    0.000000000
    1.256637061   -0.816814090    0.000000000
    1.319468915   -0.816814090    0.000000000
    1.382300768   -0.816814090    0.000000000
    1.445132621   -0.816814090    0.000000000
    1.507964474   -0.816814090    0.000000000
    1.570796327   -0.816814090    0.000000000
    1.633628180   -0.816814090    0.000000000
    1.696460033   -0.816814090    0.000000000
    1.759291886   -0.816814090    0.000000000
    1.822123739   -0.816814090    0.000000000
    1.884955592   -0.816814090    0.000000000
    1.947787445   -0.816814090    0.000000000
    2.010619298   -0.816814090    0.000000000
    2.073451151   -0.816814090    0.000000000
    2.136283004   -0.816814090    0.000000000
    2.199114858   -0.816814090    0.000000000
    2.261946711   -0.816814090    0.000000000
    2.324778564   -0.816814090    0.000000000
    2.387610417   -0.816814090    0.000000000
    2.450442270   -0.816814090    0.000000000
    2.513274123   -0.816814090    0.000000000
    2.576105976   -0.816814090    0.000000000
    2.638937829   -0.816814090    0.000000000
    2.701769682   -0.816814090    0.000000000
    2.764601535   -0.816814090    0.000000000
    2.827433388   -0.816814090    0.000000000
    2.890265241   -0.816814090    0.000000000
    2.953097094   -0.816814090    0.000000000
    3.015928947   -0.816814090    0.000000000
    3.078760801   -0.816814090    0.000000000

   -3.141592654   -0.753982237    0.000000000
   -3.078760801   -0.753982237    0.000000000
   -3.015928947   -0.753982237    0.000000000
   -2.953097094   -0.753982237    0.000000000
   -2.890265241   -0.753982237    0.000000000
   -2.827433388   -0.753982237    0.000000000
   -2.764601535   -0.753982237    0.000000000
   -2.701769682   -0.753982237    0.000000000
   -2.638937829   -0.753982237    0.000000000
   -2.576105976   -0.753982237    0.000000000
   -2.513274123   -0.753982237    0.000000000
   -2.450442270   -0.753982237    0.000000000
   -2.387610417   -0.753982237    0.000000000
   -2.324778564   -0.753982237    0.000000000
   -2.261946711   -0.753982237    0.000000000
   -2.199114858   -0.753982237    0.000000000
   -2.136283004   -0.753982237    0.000000000
   -2.073451151   -0.753982237    0.000000000
   -2.010619298   -0.753982237    0.000000000
   -1.947787445   -0.753982237    0.000000000
   -1.884955592   -0.753982237    0.000000000
   -1.822123739   -0.753982237    0.000000000
   -1.759291886   -0.753982237    0.000000000
   -1.696460033   -0.753982237    0.000000000
   -1.633628180   -0.753982237    0.000000000
   -1.570796327   -0.753982237    0.000000000
   -1.507964474   -0.753982237    0.000000000
   -1.445132621   -0.753982237    0.000000000
   -1.382300768   -0.753982237    0.000000000
   -1.319468915   -0.753982237    0.000000000
   -1.256637061   -0.753982237    0.000000000
   -1.193805208   -0.753982237    0.000000000
   -1.130973355   -0.753982237    0.000000000
   -1.068141502   -0.753982237    0.000000000
   -1.005309649   -0.753982237    0.000000000
   -0.942477796   -0.753982237    0.000000000
   -0.879645943   -0.753982237    0.000000000
   -0.816814090   -0.753982237    0.000000000
   -0.753982237   -0.753982237    0.000000000
   -0.691150384   -0.753982237    0.000000000
   -0.628318531   -0.753982237    0.000000000
   -0.565486678   -0.753982237    0.000000000
   -0.502654825   -0.753982237    0.000000000
   -0.439822972   -0.753982237    0.000000000
   -0.376991118   -0.753982237    0.000000000
   -0.314159265   -0.753982237    0.000000000
   -0.251327412   -0.753982237    0.000000000
   -0.188495559   -0.753982237    0.000000000
   -0.125663706   -0.753982237    0.000000000
   -0.062831853   -0.753982237    0.000000000
    0.000000000   -0.753982237    0.000000000
    0.062831853   -0.753982237    0.000000000
    0.125663706   -0.753982237    0.000000000
    0.188495559   -0.753982237    0.000000000
    0.251327412   -0.753982237    0.000000000
    0.314159265   -0.753982237    0.000000000
    0.376991118   -0.753982237    0.000000000
    0.439822972   -0.753982237    0.000000000
    0.502654825   -0.753982237    0.000000000
    0.565486678   -0.753982237    0.000000000
    0.628318531   -0.753982237    0.000000000
    0.691150384   -0.753982237    0.000000000
    0.753982237   -0.753982237    0.000000000
    0.816814090   -0.753982237    0.000000000
    0.879645943   -0.753982237    0.000000000
    0.942477796   -0.753982237    0.000000000
    1.005309649   -0.753982237    0.000000000
    1.068141502   -0.753982237    0.000000000
    1.130973355   -0.753982237    0.000000000
    1.193805208   -0.753982237    0.000000000
    1.256637061   -0.753982237    0.000000000
    1.319468915   -0.753982237    0.000000000
    1.382300768   -0.753982237    0.000000000
    1.445132621   -0.753982237    0.000000000
    1.507964474   -0.753982237    0.000000000
    1.570796327   -0.753982237    0.000000000
    1.633628180   -0.753982237    0.000000000
    1.696460033   -0.753982237    0.000000000
    1.759291886   -0.753982237    0.000000000
    1.822123739   -0.753982237    0.000000000
    1.884955592   -0.753982237    0.000000000
    1.947787445   -0.753982237    0.000000000
    2.010619298   -0.753982237    0.000000000
    2.073451151   -0.753982237    0.000000000
    2.136283004   -0.753982237    0.000000000
    2.199114858   -0.753982237    0.000000000
    2.261946711   -0.753982237    0.000000000
    2.324778564   -0.753982237    0.000000000
    2.387610417   -0.753982237    0.000000000
    2.450442270   -0.753982237    0.000000000
    2.513274123   -0.753982237    0.000000000
    2.576105976   -0.753982237    0.000000000
    2.638937829   -0.753982237    0.000000000
    2.701769682   -0.753982237    0.000000000
    2.764601535   -0.753982237    0.000000000
    2.827433388   -0.753982237    0.000000000
    2.890265241   -0.753982237    0.000000000
    2.953097094   -0.753982237    0.000000000
    3.015928947   -0.753982237    0.000000000
    3.078760801   -0.753982237    0.000000000

   -3.141592654   -0.691150384    0.000000000
   -3.078760801   -0.691150384    0.000000000
   -3.015928947   -0.691150384    0.000000000
   -2.953097094   -0.691150384    0.000000000
   -2.890265241   -0.691150384    0.000000000
   -2.827433388   -0.691150384    0.000000000
   -2.764601535   -0.691150384    0.000000000
   -2.701769682   -0.691150384    0.000000000
   -2.638937829   -0.691150384    0.000000000
   -2.576105976   -0.691150384    0.000000000
   -2.513274123   -0.691150384    0.000000000
   -2.450442270   -0.691150384    0.000000000
   -2.387610417   -0.691150384    0.000000000
   -2.324778564   -0.691150384    0.000000000
   -2.261946711   -0.691150384    0.000000000
   -2.199114858   -0.691150384    0.000000000
   -2.136283004   -0.691150384    0.000000000
   -2.073451151   -0.691150384    0.000000000
   -2.010619298   -0.691150384    0.000000000
   -1.947787445   -0.691150384    0.000000000
   -1.884955592   -0.691150384    0.000000000
   -1.822123739   -0.691150384    0.000000000
   -1.759291886   -0.691150384    0.000000000
   -1.696460033   -0.691150384    0.000000000
   -1.633628180   -0.691150384    0.000000000
   -1.570796327   -0.691150384    0.000000000
   -1.507964474   -0.691150384    0.000000000
   -1.445132621   -0.691150384    0.000000000
   -1.382300768   -0.691150384    0.000000000
   -1.319468915   -0.691150384    0.000000000
   -1.256637061   -0.691150384    0.000000000
   -1.193805208   -0.691150384    0.000000000
   -1.130973355   -0.691150384    0.000000000
   -1.068141502   -0.691150384    0.000000000
   -1.005309649   -0.691150384    0.000000000
   -0.942477796   -0.691150384    0.000000000
   -0.879645943   -0.691150384    0.000000000
   -0.816814090   -0.691150384    0.000000000
   -0.753982237   -0.691150384    0.000000000
   -0.691150384   -0.691150384    0.000000000
   -0.628318531   -0.691150384    0.000000000
   -0.565486678   -0.691150384    0.000000000
   -0.502654825   -0.691150384    0.000000000
   -0.439822972   -0.691150384    0.000000000
   -0.376991118   -0.691150384    0.000000000
   -0.314159265   -0.691150384    0.000000000
   -0.251327412   -0.691150384    0.000000000
   -0.188495559   -0.691150384    0.000000000
   -0.125663706   -0.691150384    0.000000000
   -0.062831853   -0.691150384    0.000000000
    0.000000000   -0.691150384    0.000000000
    0.062831853   -0.691150384    0.000000000
    0.125663706   -0.691150384    0.000000000
    0.188495559   -0.691150384    0.000000000
    0.251327412   -0.691150384    0.000000000
    0.314159265   -0.691150384    0.000000000
    0.376991118   -0.691150384    0.000000000
    0.439822972   -0.691150384    0.000000000
    0.502654825   -0.691150384    0.000000000
    0.565486678   -0.691150384    0.000000000
    0.628318531   -0.691150384    0.000000000
    0.691150384   -0.691150384    0.000000000
    0.753982237   -0.691150384    0.000000000
    0.816814090   -0.691150384    0.000000000
    0.879645943   -0.691150384    0.000000000
    0.942477796   -0.691150384    0.000000000
    1.005309649   -0.691150384    0.000000000
    1.068141502   -0.691150384    0.000000000
    1.130973355   -0.691150384    0.000000000
    1.193805208   -0.691150384    0.000000000
    1.256637061   -0.691150384    0.000000000
    1.319468915   -0.691150384    0.000000000
    1.382300768   -0.691150384    0.000000000
    1.445132621   -0.691150384    0.000000000
    1.507964474   -0.691150384    0.000000000
    1.570796327   -0.691150384    0.000000000
    1.633628180   -0.691150384    0.000000000
    1.696460033   -0.691150384    0.000000000
    1.759291886   -0.691150384    0.000000000
    1.822123739   -0.691150384    0.000000000
    1.884955592   -0.691150384    0.000000000
    1.947787445   -0.691150384    0.000000000
    2.010619298   -0.691150384    0.000000000
    2.073451151   -0.691150384    0.000000000
    2.136283004   -0.691150384    0.000000000
    2.199114858   -0.691150384    0.000000000
    2.261946711   -0.691150384    0.000000000
    2.324778564   -0.691150384    0.000000000
    2.387610417   -0.691150384    0.000000000
    2.450442270   -0.691150384    0.000000000
    2.513274123   -0.691150384    0.000000000
    2.576105976   -0.691150384    0.000000000
    2.638937829   -0.691150384    0.000000000
    2.701769682   -0.691150384    0.000000000
    2.764601535   -0.691150384    0.000000000
    2.827433388   -0.691150384    0.000000000
    2.890265241   -0.691150384    0.000000000
    2.953097094   -0.691150384    0.000000000
    3.015928947   -0.691150384    0.000000000
    3.078760801   -0.691150384    0.000000000

   -3.141592654   -0.628318531    0.000000000
   -3.078760801   -0.628318531    0.000000000
   -3.015928947   -0.628318531    0.000000000
   -2.953097094   -0.628318531    0.000000000
   -2.890265241   -0.628318531    0.000000000
   -2.827433388   -0.628318531    0.000000000
   -2.764601535   -0.628318531    0.000000000
   -2.701769682   -0.628318531    0.000000000
   -2.638937829   -0.628318531    0.000000000
   -2.576105976   -0.628318531    0.000000000
   -2.513274123   -0.628318531    0.000000000
   -2.450442270   -0.628318531    0.000000000
   -2.387610417   -0.628318531    0.000000000
   -2.324778564   -0.628318531    0.000000000
   -2.261946711   -0.628318531    0.000000000
   -2.199114858   -0.628318531    0.000000000
   -2.136283004   -0.628318531    0.000000000
   -2.073451151   -0.628318531    0.000000000
   -2.010619298   -0.628318531    0.000000000
   -1.947787445   -0.628318531    0.000000000
   -1.884955592   -0.628318531    0.000000000
   -1.822123739   -0.628318531    0.000000000
   -1.759291886   -0.628318531    0.000000000
   -1.696460033   -0.628318531    0.000000000
   -1.633628180   -0.628318531    0.000000000
   -1.570796327   -0.628318531    0.000000000
   -1.507964474   -0.628318531    0.000000000
   -1.445132621   -0.628318531    0.000000000
   -1.382300768   -0.628318531    0.000000000
   -1.319468915   -0.628318531    0.000000000
   -1.256637061   -0.628318531    0.000000000
   -1.193805208   -0.628318531    0.000000000
   -1.130973355   -0.628318531    0.000000000
   -1.068141502   -0.628318531    0.000000000
   -1.005309649   -0.628318531    0.000000000
   -0.942477796   -0.628318531    0.000000000
   -0.879645943   -0.628318531    0.000000000
   -0.816814090   -0.628318531    0.000000000
   -0.753982237   -0.628318531    0.000000000
   -0.691150384   -0.628318531    0.000000000
   -0.628318531   -0.628318531    0.000000000
   -0.565486678   -0.628318531    0.000000000
   -0.502654825   -0.628318531    0.000000000
   -0.439822972   -0.628318531    0.000000000
   -0.376991118   -0.628318531    0.000000000
   -0.314159265   -0.628318531    0.000000000
   -0.251327412   -0.628318531    0.000000000
   -0.188495559   -0.628318531    0.000000000
   -0.125663706   -0.628318531    0.000000000
   -0.062831853   -0.628318531    0.000000000
    0.000000000   -0.628318531    0.000000000
    0.062831853   -0.628318531    0.000000000
    0.125663706   -0.628318531    0.000000000
    0.188495559   -0.628318531    0.000000000
    0.251327412   -0.628318531    0.000000000
    0.314159265   -0.628318531    0.000000000
    0.376991118   -0.628318531    0.000000000
    0.439822972   -0.628318531    0.000000000
    0.502654825   -0.628318531    0.000000000
    0.565486678   -0.628318531    0.000000000
    0.628318531   -0.628318531    0.000000000
    0.691150384   -0.628318531    0.000000000
    0.753982237   -0.628318531    0.000000000
    0.816814090   -0.628318531    0.000000000
    0.879645943   -0.628318531    0.000000000
    0.942477796   -0.628318531    0.000000000
    1.005309649   -0.628318531    0.000000000
    1.068141502   -0.628318531    0.000000000
    1.130973355   -0.628318531    0.000000000
    1.193805208   -0.628318531    0.000000000
    1.256637061   -0.628318531    0.000000000
    1.319468915   -0.628318531    0.000000000
    1.382300768   -0.628318531    0.000000000
    1.445132621   -0.628318531    0.000000000
    1.507964474   -0.628318531    0.000000000
    1.570796327   -0.628318531    0.000000000
    1.633628180   -0.628318531    0.000000000
    1.696460033   -0.628318531    0.000000000
    1.759291886   -0.628318531    0.000000000
    1.822123739   -0.628318531    0.000000000
    1.884955592   -0.628318531    0.000000000
    1.947787445   -0.628318531    0.000000000
    2.010619298   -0.628318531    0.000000000
    2.073451151   -0.628318531    0.000000000
    2.136283004   -0.628318531    0.000000000
    2.199114858   -0.628318531    0.000000000
    2.261946711   -0.628318531    0.000000000
    2.324778564   -0.628318531    0.000000000
    2.387610417   -0.628318531    0.000000000
    2.450442270   -0.628318531    0.000000000
    2.513274123   -0.628318531    0.000000000
    2.576105976   -0.628318531    0.000000000
    2.638937829   -0.628318531    0.000000000
    2.701769682   -0.628318531    0.000000000
    2.764601535   -0.628318531    0.000000000
    2.827433388   -0.628318531    0.000000000
    2.890265241   -0.628318531    0.000000000
    2.953097094   -0.628318531    0.000000000
    3.015928947   -0.628318531    0.000000000
    3.078760801   -0.628318531    0.000000000

   -3.141592654   -0.565486678    0.000000000
   -3.078760801   -0.565486678    0.000000000
   -3.015928947   -0.565486678    0.000000000
   -2.953097094   -0.565486678    0.000000000
   -2.890265241   -0.565486678    0.000000000
   -2.827433388   -0.565486678    0.000000000
   -2.764601535   -0.565486678    0.000000000
   -2.701769682   -0.565486678    0.000000000
   -2.638937829   -0.565486678    0.000000000
   -2.576105976   -0.565486678    0.000000000
   -2.513274123   -0.565486678    0.000000000
   -2.450442270   -0.565486678    0.000000000
   -2.387610417   -0.565486678    0.000000000
   -2.324778564   -0.565486678    0.000000000
   -2.261946711   -0.565486678    0.000000000
   -2.199114858   -0.565486678    0.000000000
   -2.136283004   -0.565486678    0.000000000
   -2.073451151   -0.565486678    0.000000000
   -2.010619298   -0.565486678    0.000000000
   -1.947787445   -0.565486678    0.000000000
   -1.884955592   -0.565486678    0.000000000
   -1.822123739   -0.565486678    0.000000000
   -1.759291886   -0.565486678    0.000000000
   -1.696460033   -0.565486678    0.000000000
   -1.633628180   -0.565486678    0.000000000
   -1.570796327   -0.565486678    0.000000000
   -1.507964474   -0.565486678    0.000000000
   -1.445132621   -0.565486678    0.000000000
   -1.382300768   -0.565486678    0.000000000
   -1.319468915   -0.565486678    0.000000000
   -1.256637061   -0.565486678    0.000000000
   -1.193805208   -0.565486678    0.000000000
   -1.130973355   -0.565486678    0.000000000
   -1.068141502   -0.565486678    0.000000000
   -1.005309649   -0.565486678    0.000000000
   -0.942477796   -0.565486678    0.000000000
   -0.879645943   -0.565486678    0.000000000
   -0.816814090   -0.565486678    0.000000000
   -0.753982237   -0.565486678    0.000000000
   -0.691150384   -0.565486678    0.000000000
   -0.628318531   -0.565486678    0.000000000
   -0.565486678   -0.565486678    0.000000000
   -0.502654825   -0.565486678    0.000000000
   -0.439822972   -0.565486678    0.000000000
   -0.376991118   -0.565486678    0.000000000
   -0.314159265   -0.565486678    0.000000000
   -0.251327412   -0.565486678    0.000000000
   -0.188495559   -0.565486678    0.000000000
   -0.125663706   -0.565486678    0.000000000
   -0.062831853   -0.565486678    0.000000000
    0.000000000   -0.565486678    0.000000000
    0.062831853   -0.565486678    0.000000000
    0.125663706   -0.565486678    0.000000000
    0.188495559   -0.565486678    0.000000000
    0.251327412   -0.565486678    0.000000000
    0.314159265   -0.565486678    0.000000000
    0.376991118   -0.565486678    0.000000000
    0.439822972   -0.565486678    0.000000000
    0.502654825   -0.565486678    0.000000000
    0.565486678   -0.565486678    0.000000000
    0.628318531   -0.565486678    0.000000000
    0.691150384   -0.565486678    0.000000000
    0.753982237   -0.565486678    0.000000000
    0.816814090   -0.565486678    0.000000000
    0.879645943   -0.565486678    0.000000000
    0.942477796   -0.565486678    0.000000000
    1.005309649   -0.565486678    0.000000000
    1.068141502   -0.565486678    0.000000000
    1.130973355   -0.565486678    0.000000000
    1.193805208   -0.565486678    0.000000000
    1.256637061   -0.565486678    0.000000000
    1.319468915   -0.565486678    0.000000000
    1.382300768   -0.565486678    0.000000000
    1.445132621   -0.565486678    0.000000000
    1.507964474   -0.565486678    0.000000000
    1.570796327   -0.565486678    0.000000000
    1.633628180   -0.565486678    0.000000000
    1.696460033   -0.565486678    0.000000000
    1.759291886   -0.565486678    0.000000000
    1.822123739   -0.565486678    0.000000000
    1.884955592   -0.565486678    0.000000000
    1.947787445   -0.565486678    0.000000000
    2.010619298   -0.565486678    0.000000000
    2.073451151   -0.565486678    0.000000000
    2.136283004   -0.565486678    0.000000000
    2.199114858   -0.565486678    0.000000000
    2.261946711   -0.565486678    0.000000000
    2.324778564   -0.565486678    0.000000000
    2.387610417   -0.565486678    0.000000000
    2.450442270   -0.565486678    0.000000000
    2.513274123   -0.565486678    0.000000000
    2.576105976   -0.565486678    0.000000000
    2.638937829   -0.565486678    0.000000000
    2.701769682   -0.565486678    0.000000000
    2.764601535   -0.565486678    0.000000000
    2.827433388   -0.565486678    0.000000000
    2.890265241   -0.565486678    0.000000000
    2.953097094   -0.565486678    0.000000000
    3.015928947   -0.565486678    0.000000000
    3.078760801   -0.565486678    0.000000000

   -3.141592654   -0.502654825    0.000000000
   -3.078760801   -0.502654825    0.000000000
   -3.015928947   -0.502654825    0.000000000
   -2.953097094   -0.502654825    0.000000000
   -2.890265241   -0.502654825    0.000000000
   -2.827433388   -0.502654825    0.000000000
   -2.764601535   -0.502654825    0.000000000
   -2.701769682   -0.502654825    0.000000000
   -2.638937829   -0.502654825    0.000000000
   -2.576105976   -0.502654825    0.000000000
   -2.513274123   -0.502654825    0.000000000
   -2.450442270   -0.502654825    0.000000000
   -2.387610417   -0.502654825    0.000000000
   -2.324778564   -0.502654825    0.000000000
   -2.261946711   -0.502654825    0.000000000
   -2.199114858   -0.502654825    0.000000000
   -2.136283004   -0.502654825    0.000000000
   -2.073451151   -0.502654825    0.000000000
   -2.010619298   -0.502654825    0.000000000
   -1.947787445   -0.502654825    0.000000000
   -1.884955592   -0.502654825    0.000000000
   -1.822123739   -0.502654825    0.000000000
   -1.759291886   -0.502654825    0.000000000
   -1.696460033   -0.502654825    0.000000000
   -1.633628180   -0.502654825    0.000000000
   -1.570796327   -0.502654825    0.000000000
   -1.507964474   -0.502654825    0.000000000
   -1.445132621   -0.502654825    0.000000000
   -1.382300768   -0.502654825    0.000000000
   -1.319468915   -0.502654825    0.000000000
   -1.256637061   -0.502654825    0.000000000
   -1.193805208   -0.502654825    0.000000000
   -1.130973355   -0.502654825    0.000000000
   -1.068141502   -0.502654825    0.000000000
   -1.005309649   -0.502654825    0.000000000
   -0.942477796   -0.502654825    0.000000000
   -0.879645943   -0.502654825    0.000000000
   -0.816814090   -0.502654825    0.000000000
   -0.753982237   -0.502654825    0.000000000
   -0.691150384   -0.502654825    0.000000000
   -0.628318531   -0.502654825    0.000000000
   -0.565486678   -0.502654825    0.000000000
   -0.502654825   -0.502654825    0.000000000
   -0.439822972   -0.502654825    0.000000000
   -0.376991118   -0.502654825    0.000000000
   -0.314159265   -0.502654825    0.000000000
   -0.251327412   -0.502654825    0.000000000
   -0.188495559   -0.502654825    0.000000000
   -0.125663706   -0.502654825    0.000000000
   -0.062831853   -0.502654825    0.000000000
    0.000000000   -0.502654825    0.000000000
    0.062831853   -0.502654825    0.000000000
    0.125663706   -0.502654825    0.000000000
    0.188495559   -0.502654825    0.000000000
    0.251327412   -0.502654825    0.000000000
    0.314159265   -0.502654825    0.000000000
    0.376991118   -0.502654825    0.000000000
    0.439822972   -0.502654825    0.000000000
    0.502654825   -0.502654825    0.000000000
    0.565486678   -0.502654825    0.000000000
    0.628318531   -0.502654825    0.000000000
    0.691150384   -0.502654825    0.000000000
    0.753982237   -0.502654825    0.000000000
    0.816814090   -0.502654825    0.000000000
    0.879645943   -0.502654825    0.000000000
    0.942477796   -0.502654825    0.000000000
    1.005309649   -0.502654825    0.000000000
    1.068141502   -0.502654825    0.000000000
    1.130973355   -0.502654825    0.000000000
    1.193805208   -0.502654825    0.000000000
    1.256637061   -0.502654825    0.000000000
    1.319468915   -0.502654825    0.000000000
    1.382300768   -0.502654825    0.000000000
    1.445132621   -0.502654825    0.000000000
    1.507964474   -0.502654825    0.000000000
    1.570796327   -0.502654825    0.000000000
    1.633628180   -0.502654825    0.000000000
    1.696460033   -0.502654825    0.000000000
    1.759291886   -0.502654825    0.000000000
    1.822123739   -0.502654825    0.000000000
    1.884955592   -0.502654825    0.000000000
    1.947787445   -0.502654825    0.000000000
    2.010619298   -0.502654825    0.000000000
    2.073451151   -0.502654825    0.000000000
    2.136283004   -0.502654825    0.000000000
    2.199114858   -0.502654825    0.000000000
    2.261946711   -0.502654825    0.000000000
    2.324778564   -0.502654825    0.000000000
    2.387610417   -0.502654825    0.000000000
    2.450442270   -0.502654825    0.000000000
    2.513274123   -0.502654825    0.000000000
    2.576105976   -0.502654825    0.000000000
    2.638937829   -0.502654825    0.000000000
    2.701769682   -0.502654825    0.000000000
    2.764601535   -0.502654825    0.000000000
    2.827433388   -0.502654825    0.000000000
    2.890265241   -0.502654825    0.000000000
    2.953097094   -0.502654825    0.000000000
    3.015928947   -0.502654825    0.000000000
    3.078760801   -0.502654825    0.000000000

   -3.141592654   -0.439822972    0.000000000
   -3.078760801   -0.439822972    0.000000000
   -3.015928947   -0.439822972    0.000000000
   -2.953097094   -0.439822972    0.000000000
   -2.890265241   -0.439822972    0.000000000
   -2.827433388   -0.439822972    0.000000000
   -2.764601535   -0.439822972    0.000000000
   -2.701769682   -0.439822972    0.000000000
   -2.638937829   -0.439822972    0.000000000
   -2.576105976   -0.439822972    0.000000000
   -2.513274123   -0.439822972    0.000000000
   -2.450442270   -0.439822972    0.000000000
   -2.387610417   -0.439822972    0.000000000
   -2.324778564   -0.439822972    0.000000000
   -2.261946711   -0.439822972    0.000000000
   -2.199114858   -0.439822972    0.000000000
   -2.136283004   -0.439822972    0.000000000
   -2.073451151   -0.439822972    0.000000000
   -2.010619298   -0.439822972    0.000000000
   -1.947787445   -0.439822972    0.000000000
   -1.884955592   -0.439822972    0.000000000
   -1.822123739   -0.439822972    0.000000000
   -1.759291886   -0.439822972    0.000000000
   -1.696460033   -0.439822972    0.000000000
   -1.633628180   -0.439822972    0.000000000
   -1.570796327   -0.439822972    0.000000000
   -1.507964474   -0.439822972    0.000000000
   -1.445132621   -0.439822972    0.000000000
   -1.382300768   -0.439822972    0.000000000
   -1.319468915   -0.439822972    0.000000000
   -1.256637061   -0.439822972    0.000000000
   -1.193805208   -0.439822972    0.000000000
   -1.130973355   -0.439822972    0.000000000
   -1.068141502   -0.439822972    0.000000000
   -1.005309649   -0.439822972    0.000000000
   -0.942477796   -0.439822972    0.000000000
   -0.879645943   -0.439822972    0.000000000
   -0.816814090   -0.439822972    0.000000000
   -0.753982237   -0.439822972    0.000000000
   -0.691150384   -0.439822972    0.000000000
   -0.628318531   -0.439822972    0.000000000
   -0.565486678   -0.439822972    0.000000000
   -0.502654825   -0.439822972    0.000000000
   -0.439822972   -0.439822972    0.000000000
   -0.376991118   -0.439822972    0.000000000
   -0.314159265   -0.439822972    0.000000000
   -0.251327412   -0.439822972    0.000000000
   -0.188495559   -0.439822972    0.000000000
   -0.125663706   -0.439822972    0.000000000
   -0.062831853   -0.439822972    0.000000000
    0.000000000   -0.439822972    0.000000000
    0.062831853   -0.439822972    0.000000000
    0.125663706   -0.439822972    0.000000000
    0.188495559   -0.439822972    0.000000000
    0.251327412   -0.439822972    0.000000000
    0.314159265   -0.439822972    0.000000000
    0.376991118   -0.439822972    0.000000000
    0.439822972   -0.439822972    0.000000000
    0.502654825   -0.439822972    0.000000000
    0.565486678   -0.439822972    0.000000000
    0.628318531   -0.439822972    0.000000000
    0.691150384   -0.439822972    0.000000000
    0.753982237   -0.439822972    0.000000000
    0.816814090   -0.439822972    0.000000000
    0.879645943   -0.439822972    0.000000000
    0.942477796   -0.439822972    0.000000000
    1.005309649   -0.439822972    0.000000000
    1.068141502   -0.439822972    0.000000000
    1.130973355   -0.439822972    0.000000000
    1.193805208   -0.439822972    0.000000000
    1.256637061   -0.439822972    0.000000000
    1.319468915   -0.439822972    0.000000000
    1.382300768   -0.439822972    0.000000000
    1.445132621   -0.439822972    0.000000000
    1.507964474   -0.439822972    0.000000000
    1.570796327   -0.439822972    0.000000000
    1.633628180   -0.439822972    0.000000000
    1.696460033   -0.439822972    0.000000000
    1.759291886   -0.439822972    0.000000000
    1.822123739   -0.439822972    0.000000000
    1.884955592   -0.439822972    0.000000000
    1.947787445   -0.439822972    0.000000000
    2.010619298   -0.439822972    0.000000000
    2.073451151   -0.439822972    0.000000000
    2.136283004   -0.439822972    0.000000000
    2.199114858   -0.439822972    0.000000000
    2.261946711   -0.439822972    0.000000000
    2.324778564   -0.439822972    0.000000000
    2.387610417   -0.439822972    0.000000000
    2.450442270   -0.439822972    0.000000000
    2.513274123   -0.439822972    0.000000000
    2.576105976   -0.439822972    0.000000000
    2.638937829   -0.439822972    0.000000000
    2.701769682   -0.439822972    0.000000000
    2.764601535   -0.439822972    0.000000000
    2.827433388   -0.439822972    0.000000000
    2.890265241   -0.439822972    0.000000000
    2.953097094   -0.439822972    0.000000000
    3.015928947   -0.439822972    0.000000000
    3.078760801   -0.439822972    0.000000000

   -3.141592654   -0.376991118    0.000000000
   -3.078760801   -0.376991118    0.000000000
   -3.015928947   -0.376991118    0.000000000
   -2.953097094   -0.376991118    0.000000000
   -2.890265241   -0.376991118    0.000000000
   -2.827433388   -0.376991118    0.000000000
   -2.764601535   -0.376991118    0.000000000
   -2.701769682   -0.376991118    0.000000000
   -2.638937829   -0.376991118    0.000000000
   -2.576105976   -0.376991118    0.000000000
   -2.513274123   -0.376991118    0.000000000
   -2.450442270   -0.376991118    0.000000000
   -2.387610417   -0.376991118    0.000000000
   -2.324778564   -0.376991118    0.000000000
   -2.261946711   -0.376991118    0.000000000
   -2.199114858   -0.376991118    0.000000000
   -2.136283004   -0.376991118    0.000000000
   -2.073451151   -0.376991118    0.000000000
   -2.010619298   -0.376991118    0.000000000
   -1.947787445   -0.376991118    0.000000000
   -1.884955592   -0.376991118    0.000000000
   -1.822123739   -0.376991118    0.000000000
   -1.759291886   -0.376991118    0.000000000
   -1.696460033   -0.376991118    0.000000000
   -1.633628180   -0.376991118    0.000000000
   -1.570796327   -0.376991118    0.000000000
   -1.507964474   -0.376991118    0.000000000
   -1.445132621   -0.376991118    0.000000000
   -1.382300768   -0.376991118    0.000000000
   -1.319468915   -0.376991118    0.000000000
   -1.256637061   -0.376991118    0.000000000
   -1.193805208   -0.376991118    0.000000000
   -1.130973355   -0.376991118    0.000000000
   -1.068141502   -0.376991118    0.000000000
   -1.005309649   -0.376991118    0.000000000
   -0.942477796   -0.376991118    0.000000000
   -0.879645943   -0.376991118    0.000000000
   -0.816814090   -0.376991118    0.000000000
   -0.753982237   -0.376991118    0.000000000
   -0.691150384   -0.376991118    0.000000000
   -0.628318531   -0.376991118    0.000000000
   -0.565486678   -0.376991118    0.000000000
   -0.502654825   -0.376991118    0.000000000
   -0.439822972   -0.376991118    0.000000000
   -0.376991118   -0.376991118    0.000000000
   -0.314159265   -0.376991118    0.000000000
   -0.251327412   -0.376991118    0.000000000
   -0.188495559   -0.376991118    0.000000000
   -0.125663706   -0.376991118    0.000000000
   -0.062831853   -0.376991118    0.000000000
    0.000000000   -0.376991118    0.000000000
    0.062831853   -0.376991118    0.000000000
    0.125663706   -0.376991118    0.000000000
    0.188495559   -0.376991118    0.000000000
    0.251327412   -0.376991118    0.000000000
    0.314159265   -0.376991118    0.000000000
    0.376991118   -0.376991118    0.000000000
    0.439822972   -0.376991118    0.000000000
    0.502654825   -0.376991118    0.000000000
    0.565486678   -0.376991118    0.000000000
    0.628318531   -0.376991118    0.000000000
    0.691150384   -0.376991118    0.000000000
    0.753982237   -0.376991118    0.000000000
    0.816814090   -0.376991118    0.000000000
    0.879645943   -0.376991118    0.000000000
    0.942477796   -0.376991118    0.000000000
    1.005309649   -0.376991118    0.000000000
    1.068141502   -0.376991118    0.000000000
    1.130973355   -0.376991118    0.000000000
    1.193805208   -0.376991118    0.000000000
    1.256637061   -0.376991118    0.000000000
    1.319468915   -0.376991118    0.000000000
    1.382300768   -0.376991118    0.000000000
    1.445132621   -0.376991118    0.000000000
    1.507964474   -0.376991118    0.000000000
    1.570796327   -0.376991118    0.000000000
    1.633628180   -0.376991118    0.000000000
    1.696460033   -0.376991118    0.000000000
    1.759291886   -0.376991118    0.000000000
    1.822123739   -0.376991118    0.000000000
    1.884955592   -0.376991118    0.000000000
    1.947787445   -0.376991118    0.000000000
    2.010619298   -0.376991118    0.000000000
    2.073451151   -0.376991118    0.000000000
    2.136283004   -0.376991118    0.000000000
    2.199114858   -0.376991118    0.000000000
    2.261946711   -0.376991118    0.000000000
    2.324778564   -0.376991118    0.000000000
    2.387610417   -0.376991118    0.000000000
    2.450442270   -0.376991118    0.000000000
    2.513274123   -0.376991118    0.000000000
    2.576105976   -0.376991118    0.000000000
    2.638937829   -0.376991118    0.000000000
    2.701769682   -0.376991118    0.000000000
    2.764601535   -0.376991118    0.000000000
    2.827433388   -0.376991118    0.000000000
    2.890265241   -0.376991118    0.000000000
    2.953097094   -0.376991118    0.000000000
    3.015928947   -0.376991118    0.000000000
    3.078760801   -0.376991118    0.000000000

   -3.141592654   -0.314159265    0.000000000
   -3.078760801   -0.314159265    0.000000000
   -3.015928947   -0.314159265    0.000000000
   -2.953097094   -0.314159265    0.000000000
   -2.890265241   -0.314159265    0.000000000
   -2.827433388   -0.314159265    0.000000000
   -2.764601535   -0.314159265    0.000000000
   -2.701769682   -0.314159265    0.000000000
   -2.638937829   -0.314159265    0.000000000
   -2.576105976   -0.314159265    0.000000000
   -2.513274123   -0.314159265    0.000000000
   -2.450442270   -0.314159265    0.000000000
   -2.387610417   -0.314159265    0.000000000
   -2.324778564   -0.314159265    0.000000000
   -2.261946711   -0.314159265    0.000000000
   -2.199114858   -0.314159265    0.000000000
   -2.136283004   -0.314159265    0.000000000
   -2.073451151   -0.314159265    0.000000000
   -2.010619298   -0.314159265    0.000000000
   -1.947787445   -0.314159265    0.000000000
   -1.884955592   -0.314159265    0.000000000
   -1.822123739   -0.314159265    0.000000000
   -1.759291886   -0.314159265    0.000000000
   -1.696460033   -0.314159265    0.000000000
   -1.633628180   -0.314159265    0.000000000
   -1.570796327   -0.314159265    0.000000000
   -1.507964474   -0.314159265    0.000000000
   -1.445132621   -0.314159265    0.000000000
   -1.382300768   -0.314159265    0.000000000
   -1.319468915   -0.314159265    0.000000000
   -1.256637061   -0.314159265    0.000000000
   -1.193805208   -0.314159265    0.000000000
   -1.130973355   -0.314159265    0.000000000
   -1.068141502   -0.314159265    0.000000000
   -1.005309649   -0.314159265    0.000000000
   -0.942477796   -0.314159265    0.000000000
   -0.879645943   -0.314159265    0.000000000
   -0.816814090   -0.314159265    0.000000000
   -0.753982237   -0.314159265    0.000000000
   -0.691150384   -0.314159265    0.000000000
   -0.628318531   -0.314159265    0.000000000
   -0.565486678   -0.314159265    0.000000000
   -0.502654825   -0.314159265    0.000000000
   -0.439822972   -0.314159265    0.000000000
   -0.376991118   -0.314159265    0.000000000
   -0.314159265   -0.314159265    0.000000000
   -0.251327412   -0.314159265    0.000000000
   -0.188495559   -0.314159265    0.000000000
   -0.125663706   -0.314159265    0.000000000
   -0.062831853   -0.314159265    0.000000000
    0.000000000   -0.314159265    0.000000000
    0.062831853   -0.314159265    0.000000000
    0.125663706   -0.314159265    0.000000000
    0.188495559   -0.314159265    0.000000000
    0.251327412   -0.314159265    0.000000000
    0.314159265   -0.314159265    0.000000000
    0.376991118   -0.314159265    0.000000000
    0.439822972   -0.314159265    0.000000000
    0.502654825   -0.314159265    0.000000000
    0.565486678   -0.314159265    0.000000000
    0.628318531   -0.314159265    0.000000000
    0.691150384   -0.314159265    0.000000000
    0.753982237   -0.314159265    0.000000000
    0.816814090   -0.314159265    0.000000000
    0.879645943   -0.314159265    0.000000000
    0.942477796   -0.314159265    0.000000000
    1.005309649   -0.314159265    0.000000000
    1.068141502   -0.314159265    0.000000000
    1.130973355   -0.314159265    0.000000000
    1.193805208   -0.314159265    0.000000000
    1.256637061   -0.314159265    0.000000000
    1.319468915   -0.314159265    0.000000000
    1.382300768   -0.314159265    0.000000000
    1.445132621   -0.314159265    0.000000000
    1.507964474   -0.314159265    0.000000000
    1.570796327   -0.314159265    0.000000000
    1.633628180   -0.314159265    0.000000000
    1.696460033   -0.314159265    0.000000000
    1.759291886   -0.314159265    0.000000000
    1.822123739   -0.314159265    0.000000000
    1.884955592   -0.314159265    0.000000000
    1.947787445   -0.314159265    0.000000000
    2.010619298   -0.314159265    0.000000000
    2.073451151   -0.314159265    0.000000000
    2.136283004   -0.314159265    0.000000000
    2.199114858   -0.314159265    0.000000000
    2.261946711   -0.314159265    0.000000000
    2.324778564   -0.314159265    0.000000000
    2.387610417   -0.314159265    0.000000000
    2.450442270   -0.314159265    0.000000000
    2.513274123   -0.314159265    0.000000000
    2.576105976   -0.314159265    0.000000000
    2.638937829   -0.314159265    0.000000000
    2.701769682   -0.314159265    0.000000000
    2.764601535   -0.314159265    0.000000000
    2.827433388   -0.314159265    0.000000000
    2.890265241   -0.314159265    0.000000000
    2.953097094   -0.314159265    0.000000000
    3.015928947   -0.314159265    0.000000000
    3.078760801   -0.314159265    0.000000000

   -3.141592654   -0.251327412    0.000000000
   -3.078760801   -0.251327412    0.000000000
   -3.015928947   -0.251327412    0.000000000
   -2.953097094   -0.251327412    0.000000000
   -2.890265241   -0.251327412    0.000000000
   -2.827433388   -0.251327412    0.000000000
   -2.764601535   -0.251327412    0.000000000
   -2.701769682   -0.251327412    0.000000000
   -2.638937829   -0.251327412    0.000000000
   -2.576105976   -0.251327412    0.000000000
   -2.513274123   -0.251327412    0.000000000
   -2.450442270   -0.251327412    0.000000000
   -2.387610417   -0.251327412    0.000000000
   -2.324778564   -0.251327412    0.000000000
   -2.261946711   -0.251327412    0.000000000
   -2.199114858   -0.251327412    0.000000000
   -2.136283004   -0.251327412    0.000000000
   -2.073451151   -0.251327412    0.000000000
   -2.010619298   -0.251327412    0.000000000
   -1.947787445   -0.251327412    0.000000000
   -1.884955592   -0.251327412    0.000000000
   -1.822123739   -0.251327412    0.000000000
   -1.759291886   -0.251327412    0.000000000
   -1.696460033   -0.251327412    0.000000000
   -1.633628180   -0.251327412    0.000000000
   -1.570796327   -0.251327412    0.000000000
   -1.507964474   -0.251327412    0.000000000
   -1.445132621   -0.251327412    0.000000000
   -1.382300768   -0.251327412    0.000000000
   -1.319468915   -0.251327412    0.000000000
   -1.256637061   -0.251327412    0.000000000
   -1.193805208   -0.251327412    0.000000000
   -1.130973355   -0.251327412    0.000000000
   -1.068141502   -0.251327412    0.000000000
   -1.005309649   -0.251327412    0.000000000
   -0.942477796   -0.251327412    0.000000000
   -0.879645943   -0.251327412    0.000000000
   -0.816814090   -0.251327412    0.000000000
   -0.753982237   -0.251327412    0.000000000
   -0.691150384   -0.251327412    0.000000000
   -0.628318531   -0.251327412    0.000000000
   -0.565486678   -0.251327412    0.000000000
   -0.502654825   -0.251327412    0.000000000
   -0.439822972   -0.251327412    0.000000000
   -0.376991118   -0.251327412    0.000000000
   -0.314159265   -0.251327412    0.000000000
   -0.251327412   -0.251327412    0.000000000
   -0.188495559   -0.251327412    0.000000000
   -0.125663706   -0.251327412    0.000000000
   -0.062831853   -0.251327412    0.000000000
    0.000000000   -0.251327412    0.000000000
    0.062831853   -0.251327412    0.000000000
    0.125663706   -0.251327412    0.000000000
    0.188495559   -0.251327412    0.000000000
    0.251327412   -0.251327412    0.000000000
    0.314159265   -0.251327412    0.000000000
    0.376991118   -0.251327412    0.000000000
    0.439822972   -0.251327412    0.000000000
    0.502654825   -0.251327412    0.000000000
    0.565486678   -0.251327412    0.000000000
    0.628318531   -0.251327412    0.000000000
    0.691150384   -0.251327412    0.000000000
    0.753982237   -0.251327412    0.000000000
    0.816814090   -0.251327412    0.000000000
    0.879645943   -0.251327412    0.000000000
    0.942477796   -0.251327412    0.000000000
    1.005309649   -0.251327412    0.000000000
    1.068141502   -0.251327412    0.000000000
    1.130973355   -0.251327412    0.000000000
    1.193805208   -0.251327412    0.000000000
    1.256637061   -0.251327412    0.000000000
    1.319468915   -0.251327412    0.000000000
    1.382300768   -0.251327412    0.000000000
    1.445132621   -0.251327412    0.000000000
    1.507964474   -0.251327412    0.000000000
    1.570796327   -0.251327412    0.000000000
    1.633628180   -0.251327412    0.000000000
    1.696460033   -0.251327412    0.000000000
    1.759291886   -0.251327412    0.000000000
    1.822123739   -0.251327412    0.000000000
    1.884955592   -0.251327412    0.000000000
    1.947787445   -0.251327412    0.000000000
    2.010619298   -0.251327412    0.000000000
    2.073451151   -0.251327412    0.000000000
    2.136283004   -0.251327412    0.000000000
    2.199114858   -0.251327412    0.000000000
    2.261946711   -0.251327412    0.000000000
    2.324778564   -0.251327412    0.000000000
    2.387610417   -0.251327412    0.000000000
    2.450442270   -0.251327412    0.000000000
    2.513274123   -0.251327412    0.000000000
    2.576105976   -0.251327412    0.000000000
    2.638937829   -0.251327412    0.000000000
    2.701769682   -0.251327412    0.000000000
    2.764601535   -0.251327412    0.000000000
    2.827433388   -0.251327412    0.000000000
    2.890265241   -0.251327412    0.000000000
    2.953097094   -0.251327412    0.000000000
    3.015928947   -0.251327412    0.000000000
    3.078760801   -0.251327412    0.000000000

   -3.141592654   -0.188495559    0.000000000
   -3.078760801   -0.188495559    0.000000000
   -3.015928947   -0.188495559    0.000000000
   -2.953097094   -0.188495559    0.000000000
   -2.890265241   -0.188495559    0.000000000
   -2.827433388   -0.188495559    0.000000000
   -2.764601535   -0.188495559    0.000000000
   -2.701769682   -0.188495559    0.000000000
   -2.638937829   -0.188495559    0.000000000
   -2.576105976   -0.188495559    0.000000000
   -2.513274123   -0.188495559    0.000000000
   -2.450442270   -0.188495559    0.000000000
   -2.387610417   -0.188495559    0.000000000
   -2.324778564   -0.188495559    0.000000000
   -2.261946711   -0.188495559    0.000000000
   -2.199114858   -0.188495559    0.000000000
   -2.136283004   -0.188495559    0.000000000
   -2.073451151   -0.188495559    0.000000000
   -2.010619298   -0.188495559    0.000000000
   -1.947787445   -0.188495559    0.000000000
   -1.884955592   -0.188495559    0.000000000
   -1.822123739   -0.188495559    0.000000000
   -1.759291886   -0.188495559    0.000000000
   -1.696460033   -0.188495559    0.000000000
   -1.633628180   -0.188495559    0.000000000
   -1.570796327   -0.188495559    0.000000000
   -1.507964474   -0.188495559    0.000000000
   -1.445132621   -0.188495559    0.000000000
   -1.382300768   -0.188495559    0.000000000
   -1.319468915   -0.188495559    0.000000000
   -1.256637061   -0.188495559    0.000000000
   -1.193805208   -0.188495559    0.000000000
   -1.130973355   -0.188495559    0.000000000
   -1.068141502   -0.188495559    0.000000000
   -1.005309649   -0.188495559    0.000000000
   -0.942477796   -0.188495559    0.000000000
   -0.879645943   -0.188495559    0.000000000
   -0.816814090   -0.188495559    0.000000000
   -0.753982237   -0.188495559    0.000000000
   -0.691150384   -0.188495559    0.000000000
   -0.628318531   -0.188495559    0.000000000
   -0.565486678   -0.188495559    0.000000000
   -0.502654825   -0.188495559    0.000000000
   -0.439822972   -0.188495559    0.000000000
   -0.376991118   -0.188495559    0.000000000
   -0.314159265   -0.188495559    0.000000000
   -0.251327412   -0.188495559    0.000000000
   -0.188495559   -0.188495559    0.000000000
   -0.125663706   -0.188495559    0.000000000
   -0.062831853   -0.188495559    0.000000000
    0.000000000   -0.188495559    0.000000000
    0.062831853   -0.188495559    0.000000000
    0.125663706   -0.188495559    0.000000000
    0.188495559   -0.188495559    0.000000000
    0.251327412   -0.188495559    0.000000000
    0.314159265   -0.188495559    0.000000000
    0.376991118   -0.188495559    0.000000000
    0.439822972   -0.188495559    0.000000000
    0.502654825   -0.188495559    0.000000000
    0.565486678   -0.188495559    0.000000000
    0.628318531   -0.188495559    0.000000000
    0.691150384   -0.188495559    0.000000000
    0.753982237   -0.188495559    0.000000000
    0.816814090   -0.188495559    0.000000000
    0.879645943   -0.188495559    0.000000000
    0.942477796   -0.188495559    0.000000000
    1.005309649   -0.188495559    0.000000000
    1.068141502   -0.188495559    0.000000000
    1.130973355   -0.188495559    0.000000000
    1.193805208   -0.188495559    0.000000000
    1.256637061   -0.188495559    0.000000000
    1.319468915   -0.188495559    0.000000000
    1.382300768   -0.188495559    0.000000000
    1.445132621   -0.188495559    0.000000000
    1.507964474   -0.188495559    0.000000000
    1.570796327   -0.188495559    0.000000000
    1.633628180   -0.188495559    0.000000000
    1.696460033   -0.188495559    0.000000000
    1.759291886   -0.188495559    0.000000000
    1.822123739   -0.188495559    0.000000000
    1.884955592   -0.188495559    0.000000000
    1.947787445   -0.188495559    0.000000000
    2.010619298   -0.188495559    0.000000000
    2.073451151   -0.188495559    0.000000000
    2.136283004   -0.188495559    0.000000000
    2.199114858   -0.188495559    0.000000000
    2.261946711   -0.188495559    0.000000000
    2.324778564   -0.188495559    0.000000000
    2.387610417   -0.188495559    0.000000000
    2.450442270   -0.188495559    0.000000000
    2.513274123   -0.188495559    0.000000000
    2.576105976   -0.188495559    0.000000000
    2.638937829   -0.188495559    0.000000000
    2.701769682   -0.188495559    0.000000000
    2.764601535   -0.188495559    0.000000000
    2.827433388   -0.188495559    0.000000000
    2.890265241   -0.188495559    0.000000000
    2.953097094   -0.188495559    0.000000000
    3.015928947   -0.188495559    0.000000000
    3.078760801   -0.188495559    0.000000000

   -3.141592654   -0.125663706    0.000000000
   -3.078760801   -0.125663706    0.000000000
   -3.015928947   -0.125663706    0.000000000
   -2.953097094   -0.125663706    0.000000000
   -2.890265241   -0.125663706    0.000000000
   -2.827433388   -0.125663706    0.000000000
   -2.764601535   -0.125663706    0.000000000
   -2.701769682   -0.125663706    0.000000000
   -2.638937829   -0.125663706    0.000000000
   -2.576105976   -0.125663706    0.000000000
   -2.513274123   -0.125663706    0.000000000
   -2.450442270   -0.125663706    0.000000000
   -2.387610417   -0.125663706    0.000000000
   -2.324778564   -0.125663706    0.000000000
   -2.261946711   -0.125663706    0.000000000
   -2.199114858   -0.125663706    0.000000000
   -2.136283004   -0.125663706    0.000000000
   -2.073451151   -0.125663706    0.000000000
   -2.010619298   -0.125663706    0.000000000
   -1.947787445   -0.125663706    0.000000000
   -1.884955592   -0.125663706    0.000000000
   -1.822123739   -0.125663706    0.000000000
   -1.759291886   -0.125663706    0.000000000
   -1.696460033   -0.125663706    0.000000000
   -1.633628180   -0.125663706    0.000000000
   -1.570796327   -0.125663706    0.000000000
   -1.507964474   -0.125663706    0.000000000
   -1.445132621   -0.125663706    0.000000000
   -1.382300768   -0.125663706    0.000000000
   -1.319468915   -0.125663706    0.000000000
   -1.256637061   -0.125663706    0.000000000
   -1.193805208   -0.125663706    0.000000000
   -1.130973355   -0.125663706    0.000000000
   -1.068141502   -0.125663706    0.000000000
   -1.005309649   -0.125663706    0.000000000
   -0.942477796   -0.125663706    0.000000000
   -0.879645943   -0.125663706    0.000000000
   -0.816814090   -0.125663706    0.000000000
   -0.753982237   -0.125663706    0.000000000
   -0.691150384   -0.125663706    0.000000000
   -0.628318531   -0.125663706    0.000000000
   -0.565486678   -0.125663706    0.000000000
   -0.502654825   -0.125663706    0.000000000
   -0.439822972   -0.125663706    0.000000000
   -0.376991118   -0.125663706    0.000000000
   -0.314159265   -0.125663706    0.000000000
   -0.251327412   -0.125663706    0.000000000
   -0.188495559   -0.125663706    0.000000000
   -0.125663706   -0.125663706    0.000000000
   -0.062831853   -0.125663706    0.000000000
    0.000000000   -0.125663706    0.000000000
    0.062831853   -0.125663706    0.000000000
    0.125663706   -0.125663706    0.000000000
    0.188495559   -0.125663706    0.000000000
    0.251327412   -0.125663706    0.000000000
    0.314159265   -0.125663706    0.000000000
    0.376991118   -0.125663706    0.000000000
    0.439822972   -0.125663706    0.000000000
    0.502654825   -0.125663706    0.000000000
    0.565486678   -0.125663706    0.000000000
    0.628318531   -0.125663706    0.000000000
    0.691150384   -0.125663706    0.000000000
    0.753982237   -0.125663706    0.000000000
    0.816814090   -0.125663706    0.000000000
    0.879645943   -0.125663706    0.000000000
    0.942477796   -0.125663706    0.000000000
    1.005309649   -0.125663706    0.000000000
    1.068141502   -0.125663706    0.000000000
    1.130973355   -0.125663706    0.000000000
    1.193805208   -0.125663706    0.000000000
    1.256637061   -0.125663706    0.000000000
    1.319468915   -0.125663706    0.000000000
    1.382300768   -0.125663706    0.000000000
    1.445132621   -0.125663706    0.000000000
    1.507964474   -0.125663706    0.000000000
    1.570796327   -0.125663706    0.000000000
    1.633628180   -0.125663706    0.000000000
    1.696460033   -0.125663706    0.000000000
    1.759291886   -0.125663706    0.000000000
    1.822123739   -0.125663706    0.000000000
    1.884955592   -0.125663706    0.000000000
    1.947787445   -0.125663706    0.000000000
    2.010619298   -0.125663706    0.000000000
    2.073451151   -0.125663706    0.000000000
    2.136283004   -0.125663706    0.000000000
    2.199114858   -0.125663706    0.000000000
    2.261946711   -0.125663706    0.000000000
    2.324778564   -0.125663706    0.000000000
    2.387610417   -0.125663706    0.000000000
    2.450442270   -0.125663706    0.000000000
    2.513274123   -0.125663706    0.000000000
    2.576105976   -0.125663706    0.000000000
    2.638937829   -0.125663706    0.000000000
    2.701769682   -0.125663706    0.000000000
    2.764601535   -0.125663706    0.000000000
    2.827433388   -0.125663706    0.000000000
    2.890265241   -0.125663706    0.000000000
    2.953097094   -0.125663706    0.000000000
    3.015928947   -0.125663706    0.000000000
    3.078760801   -0.125663706    0.000000000

   -3.141592654   -0.062831853    0.000000000
   -3.078760801   -0.062831853    0.000000000
   -3.015928947   -0.062831853    0.000000000
   -2.953097094   -0.062831853    0.000000000
   -2.890265241   -0.062831853    0.000000000
   -2.827433388   -0.062831853    0.000000000
   -2.764601535   -0.062831853    0.000000000
   -2.701769682   -0.062831853    0.000000000
   -2.638937829   -0.062831853    0.000000000
   -2.576105976   -0.062831853    0.000000000
   -2.513274123   -0.062831853    0.000000000
   -2.450442270   -0.062831853    0.000000000
   -2.387610417   -0.062831853    0.000000000
   -2.324778564   -0.062831853    0.000000000
   -2.261946711   -0.062831853    0.000000000
   -2.199114858   -0.062831853    0.000000000
   -2.136283004   -0.062831853    0.000000000
   -2.073451151   -0.062831853    0.000000000
   -2.010619298   -0.062831853    0.000000000
   -1.947787445   -0.062831853    0.000000000
   -1.884955592   -0.062831853    0.000000000
   -1.822123739   -0.062831853    0.000000000
   -1.759291886   -0.062831853    0.000000000
   -1.696460033   -0.062831853    0.000000000
   -1.633628180   -0.062831853    0.000000000
   -1.570796327   -0.062831853    0.000000000
   -1.507964474   -0.062831853    0.000000000
   -1.445132621   -0.062831853    0.000000000
   -1.382300768   -0.062831853    0.000000000
   -1.319468915   -0.062831853    0.000000000
   -1.256637061   -0.062831853    0.000000000
   -1.193805208   -0.062831853    0.000000000
   -1.130973355   -0.062831853    0.000000000
   -1.068141502   -0.062831853    0.000000000
   -1.005309649   -0.062831853    0.000000000
   -0.942477796   -0.062831853    0.000000000
   -0.879645943   -0.062831853    0.000000000
   -0.816814090   -0.062831853    0.000000000
   -0.753982237   -0.062831853    0.000000000
   -0.691150384   -0.062831853    0.000000000
   -0.628318531   -0.062831853    0.000000000
   -0.565486678   -0.062831853    0.000000000
   -0.502654825   -0.062831853    0.000000000
   -0.439822972   -0.062831853    0.000000000
   -0.376991118   -0.062831853    0.000000000
   -0.314159265   -0.062831853    0.000000000
   -0.251327412   -0.062831853    0.000000000
   -0.188495559   -0.062831853    0.000000000
   -0.125663706   -0.062831853    0.000000000
   -0.062831853   -0.062831853    0.000000000
    0.000000000   -0.062831853    0.000000000
    0.062831853   -0.062831853    0.000000000
    0.125663706   -0.062831853    0.000000000
    0.188495559   -0.062831853    0.000000000
    0.251327412   -0.062831853    0.000000000
    0.314159265   -0.062831853    0.000000000
    0.376991118   -0.062831853    0.000000000
    0.439822972   -0.062831853    0.000000000
    0.502654825   -0.062831853    0.000000000
    0.565486678   -0.062831853    0.000000000
    0.628318531   -0.062831853    0.000000000
    0.691150384   -0.062831853    0.000000000
    0.753982237   -0.062831853    0.000000000
    0.816814090   -0.062831853    0.000000000
    0.879645943   -0.062831853    0.000000000
    0.942477796   -0.062831853    0.000000000
    1.005309649   -0.062831853    0.000000000
    1.068141502   -0.062831853    0.000000000
    1.130973355   -0.062831853    0.000000000
    1.193805208   -0.062831853    0.000000000
    1.256637061   -0.062831853    0.000000000
    1.319468915   -0.062831853    0.000000000
    1.382300768   -0.062831853    0.000000000
    1.445132621   -0.062831853    0.000000000
    1.507964474   -0.062831853    0.000000000
    1.570796327   -0.062831853    0.000000000
    1.633628180   -0.062831853    0.000000000
    1.696460033   -0.062831853    0.000000000
    1.759291886   -0.062831853    0.000000000
    1.822123739   -0.062831853    0.000000000
    1.884955592   -0.062831853    0.000000000
    1.947787445   -0.062831853    0.000000000
    2.010619298   -0.062831853    0.000000000
    2.073451151   -0.062831853    0.000000000
    2.136283004   -0.062831853    0.000000000
    2.199114858   -0.062831853    0.000000000
    2.261946711   -0.062831853    0.000000000
    2.324778564   -0.062831853    0.000000000
    2.387610417   -0.062831853    0.000000000
    2.450442270   -0.062831853    0.000000000
    2.513274123   -0.062831853    0.000000000
    2.576105976   -0.062831853    0.000000000
    2.638937829   -0.062831853    0.000000000
    2.701769682   -0.062831853    0.000000000
    2.764601535   -0.062831853    0.000000000
    2.827433388   -0.062831853    0.000000000
    2.890265241   -0.062831853    0.000000000
    2.953097094   -0.062831853    0.000000000
    3.015928947   -0.062831853    0.000000000
    3.078760801   -0.062831853    0.000000000

   -3.141592654    0.000000000    0.000000000
   -3.078760801    0.000000000    0.000000000
   -3.015928947    0.000000000    0.000000000
   -2.953097094    0.000000000    0.000000000
   -2.890265241    0.000000000    0.000000000
   -2.827433388    0.000000000    0.000000000
   -2.764601535    0.000000000    0.000000000
   -2.701769682    0.000000000    0.000000000
   -2.638937829    0.000000000    0.000000000
   -2.576105976    0.000000000    0.000000000
   -2.513274123    0.000000000    0.000000000
   -2.450442270    0.000000000    0.000000000
   -2.387610417    0.000000000    0.000000000
   -2.324778564    0.000000000    0.000000000
   -2.261946711    0.000000000    0.000000000
   -2.199114858    0.000000000    0.000000000
   -2.136283004    0.000000000    0.000000000
   -2.073451151    0.000000000    0.000000000
   -2.010619298    0.000000000    0.000000000
   -1.947787445    0.000000000    0.000000000
   -1.884955592    0.000000000    0.000000000
   -1.822123739    0.000000000    0.000000000
   -1.759291886    0.000000000    0.000000000
   -1.696460033    0.000000000    0.000000000
   -1.633628180    0.000000000    0.000000000
   -1.570796327    0.000000000    0.000000000
   -1.507964474    0.000000000    0.000000000
   -1.445132621    0.000000000    0.000000000
   -1.382300768    0.000000000    0.000000000
   -1.319468915    0.000000000    0.000000000
   -1.256637061    0.000000000    0.000000000
   -1.193805208    0.000000000    0.000000000
   -1.130973355    0.000000000    0.000000000
   -1.068141502    0.000000000    0.000000000
   -1.005309649    0.000000000    0.000000000
   -0.942477796    0.000000000    0.000000000
   -0.879645943    0.000000000    0.000000000
   -0.816814090    0.000000000    0.000000000
   -0.753982237    0.000000000    0.000000000
   -0.691150384    0.000000000    0.000000000
   -0.628318531    0.000000000    0.000000000
   -0.565486678    0.000000000    0.000000000
   -0.502654825    0.000000000    0.000000000
   -0.439822972    0.000000000    0.000000000
   -0.376991118    0.000000000    0.000000000
   -0.314159265    0.000000000    0.000000000
   -0.251327412    0.000000000    0.000000000
   -0.188495559    0.000000000    0.000000000
   -0.125663706    0.000000000    0.000000000
   -0.062831853    0.000000000    0.000000000
    0.000000000    0.000000000    0.000000000
    0.062831853    0.000000000    0.000000000
    0.125663706    0.000000000    0.000000000
    0.188495559    0.000000000    0.000000000
    0.251327412    0.000000000    0.000000000
    0.314159265    0.000000000    0.000000000
    0.376991118    0.000000000    0.000000000
    0.439822972    0.000000000    0.000000000
    0.502654825    0.000000000    0.000000000
    0.565486678    0.000000000    0.000000000
    0.628318531    0.000000000    0.000000000
    0.691150384    0.000000000    0.000000000
    0.753982237    0.000000000    0.000000000
    0.816814090    0.000000000    0.000000000
    0.879645943    0.000000000    0.000000000
    0.942477796    0.000000000    0.000000000
    1.005309649    0.000000000    0.000000000
    1.068141502    0.000000000    0.000000000
    1.130973355    0.000000000    0.000000000
    1.193805208    0.000000000    0.000000000
    1.256637061    0.000000000    0.000000000
    1.319468915    0.000000000    0.000000000
    1.382300768    0.000000000    0.000000000
    1.445132621    0.000000000    0.000000000
    1.507964474    0.000000000    0.000000000
    1.570796327    0.000000000    0.000000000
    1.633628180    0.000000000    0.000000000
    1.696460033    0.000000000    0.000000000
    1.759291886    0.000000000    0.000000000
    1.822123739    0.000000000    0.000000000
    1.884955592    0.000000000    0.000000000
    1.947787445    0.000000000    0.000000000
    2.010619298    0.000000000    0.000000000
    2.073451151    0.000000000    0.000000000
    2.136283004    0.000000000    0.000000000
    2.199114858    0.000000000    0.000000000
    2.261946711    0.000000000    0.000000000
    2.324778564    0.000000000    0.000000000
    2.387610417    0.000000000    0.000000000
    2.450442270    0.000000000    0.000000000
    2.513274123    0.000000000    0.000000000
    2.576105976    0.000000000    0.000000000
    2.638937829    0.000000000    0.000000000
    2.701769682    0.000000000    0.000000000
    2.764601535    0.000000000    0.000000000
    2.827433388    0.000000000    0.000000000
    2.890265241    0.000000000    0.000000000
    2.953097094    0.000000000    0.000000000
    3.015928947    0.000000000    0.000000000
    3.078760801    0.000000000    0.000000000

   -3.141592654    0.062831853    0.000000000
   -3.078760801    0.062831853    0.000000000
   -3.015928947    0.062831853    0.000000000
   -2.953097094    0.062831853    0.000000000
   -2.890265241    0.062831853    0.000000000
   -2.827433388    0.062831853    0.000000000
   -2.764601535    0.062831853    0.000000000
   -2.701769682    0.062831853    0.000000000
   -2.638937829    0.062831853    0.000000000
   -2.576105976    0.062831853    0.000000000
   -2.513274123    0.062831853    0.000000000
   -2.450442270    0.062831853    0.000000000
   -2.387610417    0.062831853    0.000000000
   -2.324778564    0.062831853    0.000000000
   -2.261946711    0.062831853    0.000000000
   -2.199114858    0.062831853    0.000000000
   -2.136283004    0.062831853    0.000000000
   -2.073451151    0.062831853    0.000000000
   -2.010619298    0.062831853    0.000000000
   -1.947787445    0.062831853    0.000000000
   -1.884955592    0.062831853    0.000000000
   -1.822123739    0.062831853    0.000000000
   -1.759291886    0.062831853    0.000000000
   -1.696460033    0.062831853    0.000000000
   -1.633628180    0.062831853    0.000000000
   -1.570796327    0.062831853    0.000000000
   -1.507964474    0.062831853    0.000000000
   -1.445132621    0.062831853    0.000000000
   -1.382300768    0.062831853    0.000000000
   -1.319468915    0.062831853    0.000000000
   -1.256637061    0.062831853    0.000000000
   -1.193805208    0.062831853    0.000000000
   -1.130973355    0.062831853    0.000000000
   -1.068141502    0.062831853    0.000000000
   -1.005309649    0.062831853    0.000000000
   -0.942477796    0.062831853    0.000000000
   -0.879645943    0.062831853    0.000000000
   -0.816814090    0.062831853    0.000000000
   -0.753982237    0.062831853    0.000000000
   -0.691150384    0.062831853    0.000000000
   -0.628318531    0.062831853    0.000000000
   -0.565486678    0.062831853    0.000000000
   -0.502654825    0.062831853    0.000000000
   -0.439822972    0.062831853    0.000000000
   -0.376991118    0.062831853    0.000000000
   -0.314159265    0.062831853    0.000000000
   -0.251327412    0.062831853    0.000000000
   -0.188495559    0.062831853    0.000000000
   -0.125663706    0.062831853    0.000000000
   -0.062831853    0.062831853    0.000000000
    0.000000000    0.062831853    0.000000000
    0.062831853    0.062831853    0.000000000
    0.125663706    0.062831853    0.000000000
    0.188495559    0.062831853    0.000000000
    0.251327412    0.062831853    0.000000000
    0.314159265    0.062831853    0.000000000
    0.376991118    0.062831853    0.000000000
    0.439822972    0.062831853    0.000000000
    0.502654825    0.062831853    0.000000000
    0.565486678    0.062831853    0.000000000
    0.628318531    0.062831853    0.000000000
    0.691150384    0.062831853    0.000000000
    0.753982237    0.062831853    0.000000000
    0.816814090    0.062831853    0.000000000
    0.879645943    0.062831853    0.000000000
    0.942477796    0.062831853    0.000000000
    1.005309649    0.062831853    0.000000000
    1.068141502    0.062831853    0.000000000
    1.130973355    0.062831853    0.000000000
    1.193805208    0.062831853    0.000000000
    1.256637061    0.062831853    0.000000000
    1.319468915    0.062831853    0.000000000
    1.382300768    0.062831853    0.000000000
    1.445132621    0.062831853    0.000000000
    1.507964474    0.062831853    0.000000000
    1.570796327    0.062831853    0.000000000
    1.633628180    0.062831853    0.000000000
    1.696460033    0.062831853    0.000000000
    1.759291886    0.062831853    0.000000000
    1.822123739    0.062831853    0.000000000
    1.884955592    0.062831853    0.000000000
    1.947787445    0.062831853    0.000000000
    2.010619298    0.062831853    0.000000000
    2.073451151    0.062831853    0.000000000
    2.136283004    0.062831853    0.000000000
    2.199114858    0.062831853    0.000000000
    2.261946711    0.062831853    0.000000000
    2.324778564    0.062831853    0.000000000
    2.387610417    0.062831853    0.000000000
    2.450442270    0.062831853    0.000000000
    2.513274123    0.062831853    0.000000000
    2.576105976    0.062831853    0.000000000
    2.638937829    0.062831853    0.000000000
    2.701769682    0.062831853    0.000000000
    2.764601535    0.062831853    0.000000000
    2.827433388    0.062831853    0.000000000
    2.890265241    0.062831853    0.000000000
    2.953097094    0.062831853    0.000000000
    3.015928947    0.062831853    0.000000000
    3.078760801    0.062831853    0.000000000

   -3.141592654    0.125663706    0.000000000
   -3.078760801    0.125663706    0.000000000
   -3.015928947    0.125663706    0.000000000
   -2.953097094    0.125663706    0.000000000
   -2.890265241    0.125663706    0.000000000
   -2.827433388    0.125663706    0.000000000
   -2.764601535    0.125663706    0.000000000
   -2.701769682    0.125663706    0.000000000
   -2.638937829    0.125663706    0.000000000
   -2.576105976    0.125663706    0.000000000
   -2.513274123    0.125663706    0.000000000
   -2.450442270    0.125663706    0.000000000
   -2.387610417    0.125663706    0.000000000
   -2.324778564    0.125663706    0.000000000
   -2.261946711    0.125663706    0.000000000
   -2.199114858    0.125663706    0.000000000
   -2.136283004    0.125663706    0.000000000
   -2.073451151    0.125663706    0.000000000
   -2.010619298    0.125663706    0.000000000
   -1.947787445    0.125663706    0.000000000
   -1.884955592    0.125663706    0.000000000
   -1.822123739    0.125663706    0.000000000
   -1.759291886    0.125663706    0.000000000
   -1.696460033    0.125663706    0.000000000
   -1.633628180    0.125663706    0.000000000
   -1.570796327    0.125663706    0.000000000
   -1.507964474    0.125663706    0.000000000
   -1.445132621    0.125663706    0.000000000
   -1.382300768    0.125663706    0.000000000
   -1.319468915    0.125663706    0.000000000
   -1.256637061    0.125663706    0.000000000
   -1.193805208    0.125663706    0.000000000
   -1.130973355    0.125663706    0.000000000
   -1.068141502    0.125663706    0.000000000
   -1.005309649    0.125663706    0.000000000
   -0.942477796    0.125663706    0.000000000
   -0.879645943    0.125663706    0.000000000
   -0.816814090    0.125663706    0.000000000
   -0.753982237    0.125663706    0.000000000
   -0.691150384    0.125663706    0.000000000
   -0.628318531    0.125663706    0.000000000
   -0.565486678    0.125663706    0.000000000
   -0.502654825    0.125663706    0.000000000
   -0.439822972    0.125663706    0.000000000
   -0.376991118    0.125663706    0.000000000
   -0.314159265    0.125663706    0.000000000
   -0.251327412    0.125663706    0.000000000
   -0.188495559    0.125663706    0.000000000
   -0.125663706    0.125663706    0.000000000
   -0.062831853    0.125663706    0.000000000
    0.000000000    0.125663706    0.000000000
    0.062831853    0.125663706    0.000000000
    0.125663706    0.125663706    0.000000000
    0.188495559    0.125663706    0.000000000
    0.251327412    0.125663706    0.000000000
    0.314159265    0.125663706    0.000000000
    0.376991118    0.125663706    0.000000000
    0.439822972    0.125663706    0.000000000
    0.502654825    0.125663706    0.000000000
    0.565486678    0.125663706    0.000000000
    0.628318531    0.125663706    0.000000000
    0.691150384    0.125663706    0.000000000
    0.753982237    0.125663706    0.000000000
    0.816814090    0.125663706    0.000000000
    0.879645943    0.125663706    0.000000000
    0.942477796    0.125663706    0.000000000
    1.005309649    0.125663706    0.000000000
    1.068141502    0.125663706    0.000000000
    1.130973355    0.125663706    0.000000000
    1.193805208    0.125663706    0.000000000
    1.256637061    0.125663706    0.000000000
    1.319468915    0.125663706    0.000000000
    1.382300768    0.125663706    0.000000000
    1.445132621    0.125663706    0.000000000
    1.507964474    0.125663706    0.000000000
    1.570796327    0.125663706    0.000000000
    1.633628180    0.125663706    0.000000000
    1.696460033    0.125663706    0.000000000
    1.759291886    0.125663706    0.000000000
    1.822123739    0.125663706    0.000000000
    1.884955592    0.125663706    0.000000000
    1.947787445    0.125663706    0.000000000
    2.010619298    0.125663706    0.000000000
    2.073451151    0.125663706    0.000000000
    2.136283004    0.125663706    0.000000000
    2.199114858    0.125663706    0.000000000
    2.261946711    0.125663706    0.000000000
    2.324778564    0.125663706    0.000000000
    2.387610417    0.125663706    0.000000000
    2.450442270    0.125663706    0.000000000
    2.513274123    0.125663706    0.000000000
    2.576105976    0.125663706    0.000000000
    2.638937829    0.125663706    0.000000000
    2.701769682    0.125663706    0.000000000
    2.764601535    0.125663706    0.000000000
    2.827433388    0.125663706    0.000000000
    2.890265241    0.125663706    0.000000000
    2.953097094    0.125663706    0.000000000
    3.015928947    0.125663706    0.000000000
    3.078760801    0.125663706    0.000000000

   -3.141592654    0.188495559    0.000000000
   -3.078760801    0.188495559    0.000000000
   -3.015928947    0.188495559    0.000000000
   -2.953097094    0.188495559    0.000000000
   -2.890265241    0.188495559    0.000000000
   -2.827433388    0.188495559    0.000000000
   -2.764601535    0.188495559    0.000000000
   -2.701769682    0.188495559    0.000000000
   -2.638937829    0.188495559    0.000000000
   -2.576105976    0.188495559    0.000000000
   -2.513274123    0.188495559    0.000000000
   -2.450442270    0.188495559    0.000000000
   -2.387610417    0.188495559    0.000000000
   -2.324778564    0.188495559    0.000000000
   -2.261946711    0.188495559    0.000000000
   -2.199114858    0.188495559    0.000000000
   -2.136283004    0.188495559    0.000000000
   -2.073451151    0.188495559    0.000000000
   -2.010619298    0.188495559    0.000000000
   -1.947787445    0.188495559    0.000000000
   -1.884955592    0.188495559    0.000000000
   -1.822123739    0.188495559    0.000000000
   -1.759291886    0.188495559    0.000000000
   -1.696460033    0.188495559    0.000000000
   -1.633628180    0.188495559    0.000000000
   -1.570796327    0.188495559    0.000000000
   -1.507964474    0.188495559    0.000000000
   -1.445132621    0.188495559    0.000000000
   -1.382300768    0.188495559    0.000000000
   -1.319468915    0.188495559    0.000000000
   -1.256637061    0.188495559    0.000000000
   -1.193805208    0.188495559    0.000000000
   -1.130973355    0.188495559    0.000000000
   -1.068141502    0.188495559    0.000000000
   -1.005309649    0.188495559    0.000000000
   -0.942477796    0.188495559    0.000000000
   -0.879645943    0.188495559    0.000000000
   -0.816814090    0.188495559    0.000000000
   -0.753982237    0.188495559    0.000000000
   -0.691150384    0.188495559    0.000000000
   -0.628318531    0.188495559    0.000000000
   -0.565486678    0.188495559    0.000000000
   -0.502654825    0.188495559    0.000000000
   -0.439822972    0.188495559    0.000000000
   -0.376991118    0.188495559    0.000000000
   -0.314159265    0.188495559    0.000000000
   -0.251327412    0.188495559    0.000000000
   -0.188495559    0.188495559    0.000000000
   -0.125663706    0.188495559    0.000000000
   -0.062831853    0.188495559    0.000000000
    0.000000000    0.188495559    0.000000000
    0.062831853    0.188495559    0.000000000
    0.125663706    0.188495559    0.000000000
    0.188495559    0.188495559    0.000000000
    0.251327412    0.188495559    0.000000000
    0.314159265    0.188495559    0.000000000
    0.376991118    0.188495559    0.000000000
    0.439822972    0.188495559    0.000000000
    0.502654825    0.188495559    0.000000000
    0.565486678    0.188495559    0.000000000
    0.628318531    0.188495559    0.000000000
    0.691150384    0.188495559    0.000000000
    0.753982237    0.188495559    0.000000000
    0.816814090    0.188495559    0.000000000
    0.879645943    0.188495559    0.000000000
    0.942477796    0.188495559    0.000000000
    1.005309649    0.188495559    0.000000000
    1.068141502    0.188495559    0.000000000
    1.130973355    0.188495559    0.000000000
    1.193805208    0.188495559    0.000000000
    1.256637061    0.188495559    0.000000000
    1.319468915    0.188495559    0.000000000
    1.382300768    0.188495559    0.000000000
    1.445132621    0.188495559    0.000000000
    1.507964474    0.188495559    0.000000000
    1.570796327    0.188495559    0.000000000
    1.633628180    0.188495559    0.000000000
    1.696460033    0.188495559    0.000000000
    1.759291886    0.188495559    0.000000000
    1.822123739    0.188495559    0.000000000
    1.884955592    0.188495559    0.000000000
    1.947787445    0.188495559    0.000000000
    2.010619298    0.188495559    0.000000000
    2.073451151    0.188495559    0.000000000
    2.136283004    0.188495559    0.000000000
    2.199114858    0.188495559    0.000000000
    2.261946711    0.188495559    0.000000000
    2.324778564    0.188495559    0.000000000
    2.387610417    0.188495559    0.000000000
    2.450442270    0.188495559    0.000000000
    2.513274123    0.188495559    0.000000000
    2.576105976    0.188495559    0.000000000
    2.638937829    0.188495559    0.000000000
    2.701769682    0.188495559    0.000000000
    2.764601535    0.188495559    0.000000000
    2.827433388    0.188495559    0.000000000
    2.890265241    0.188495559    0.000000000
    2.953097094    0.188495559    0.000000000
    3.015928947    0.188495559    0.000000000
    3.078760801    0.188495559    0.000000000

   -3.141592654    0.251327412    0.000000000
   -3.078760801    0.251327412    0.000000000
   -3.015928947    0.251327412    0.000000000
   -2.953097094    0.251327412    0.000000000
   -2.890265241    0.251327412    0.000000000
   -2.827433388    0.251327412    0.000000000
   -2.764601535    0.251327412    0.000000000
   -2.701769682    0.251327412    0.000000000
   -2.638937829    0.251327412    0.000000000
   -2.576105976    0.251327412    0.000000000
   -2.513274123    0.251327412    0.000000000
   -2.450442270    0.251327412    0.000000000
   -2.387610417    0.251327412    0.000000000
   -2.324778564    0.251327412    0.000000000
   -2.261946711    0.251327412    0.000000000
   -2.199114858    0.251327412    0.000000000
   -2.136283004    0.251327412    0.000000000
   -2.073451151    0.251327412    0.000000000
   -2.010619298    0.251327412    0.000000000
   -1.947787445    0.251327412    0.000000000
   -1.884955592    0.251327412    0.000000000
   -1.822123739    0.251327412    0.000000000
   -1.759291886    0.251327412    0.000000000
   -1.696460033    0.251327412    0.000000000
   -1.633628180    0.251327412    0.000000000
   -1.570796327    0.251327412    0.000000000
   -1.507964474    0.251327412    0.000000000
   -1.445132621    0.251327412    0.000000000
   -1.382300768    0.251327412    0.000000000
   -1.319468915    0.251327412    0.000000000
   -1.256637061    0.251327412    0.000000000
   -1.193805208    0.251327412    0.000000000
   -1.130973355    0.251327412    0.000000000
   -1.068141502    0.251327412    0.000000000
   -1.005309649    0.251327412    0.000000000
   -0.942477796    0.251327412    0.000000000
   -0.879645943    0.251327412    0.000000000
   -0.816814090    0.251327412    0.000000000
   -0.753982237    0.251327412    0.000000000
   -0.691150384    0.251327412    0.000000000
   -0.628318531    0.251327412    0.000000000
   -0.565486678    0.251327412    0.000000000
   -0.502654825    0.251327412    0.000000000
   -0.439822972    0.251327412    0.000000000
   -0.376991118    0.251327412    0.000000000
   -0.314159265    0.251327412    0.000000000
   -0.251327412    0.251327412    0.000000000
   -0.188495559    0.251327412    0.000000000
   -0.125663706    0.251327412    0.000000000
   -0.062831853    0.251327412    0.000000000
    0.000000000    0.251327412    0.000000000
    0.062831853    0.251327412    0.000000000
    0.125663706    0.251327412    0.000000000
    0.188495559    0.251327412    0.000000000
    0.251327412    0.251327412    0.000000000
    0.314159265    0.251327412    0.000000000
    0.376991118    0.251327412    0.000000000
    0.439822972    0.251327412    0.000000000
    0.502654825    0.251327412    0.000000000
    0.565486678    0.251327412    0.000000000
    0.628318531    0.251327412    0.000000000
    0.691150384    0.251327412    0.000000000
    0.753982237    0.251327412    0.000000000
    0.816814090    0.251327412    0.000000000
    0.879645943    0.251327412    0.000000000
    0.942477796    0.251327412    0.000000000
    1.005309649    0.251327412    0.000000000
    1.068141502    0.251327412    0.000000000
    1.130973355    0.251327412    0.000000000
    1.193805208    0.251327412    0.000000000
    1.256637061    0.251327412    0.000000000
    1.319468915    0.251327412    0.000000000
    1.382300768    0.251327412    0.000000000
    1.445132621    0.251327412    0.000000000
    1.507964474    0.251327412    0.000000000
    1.570796327    0.251327412    0.000000000
    1.633628180    0.251327412    0.000000000
    1.696460033    0.251327412    0.000000000
    1.759291886    0.251327412    0.000000000
    1.822123739    0.251327412    0.000000000
    1.884955592    0.251327412    0.000000000
    1.947787445    0.251327412    0.000000000
    2.010619298    0.251327412    0.000000000
    2.073451151    0.251327412    0.000000000
    2.136283004    0.251327412    0.000000000
    2.199114858    0.251327412    0.000000000
    2.261946711    0.251327412    0.000000000
    2.324778564    0.251327412    0.000000000
    2.387610417    0.251327412    0.000000000
    2.450442270    0.251327412    0.000000000
    2.513274123    0.251327412    0.000000000
    2.576105976    0.251327412    0.000000000
    2.638937829    0.251327412    0.000000000
    2.701769682    0.251327412    0.000000000
    2.764601535    0.251327412    0.000000000
    2.827433388    0.251327412    0.000000000
    2.890265241    0.251327412    0.000000000
    2.953097094    0.251327412    0.000000000
    3.015928947    0.251327412    0.000000000
    3.078760801    0.251327412    0.000000000

   -3.141592654    0.314159265    0.000000000
   -3.078760801    0.314159265    0.000000000
   -3.015928947    0.314159265    0.000000000
   -2.953097094    0.314159265    0.000000000
   -2.890265241    0.314159265    0.000000000
   -2.827433388    0.314159265    0.000000000
   -2.764601535    0.314159265    0.000000000
   -2.701769682    0.314159265    0.000000000
   -2.638937829    0.314159265    0.000000000
   -2.576105976    0.314159265    0.000000000
   -2.513274123    0.314159265    0.000000000
   -2.450442270    0.314159265    0.000000000
   -2.387610417    0.314159265    0.000000000
   -2.324778564    0.314159265    0.000000000
   -2.261946711    0.314159265    0.000000000
   -2.199114858    0.314159265    0.000000000
   -2.136283004    0.314159265    0.000000000
   -2.073451151    0.314159265    0.000000000
   -2.010619298    0.314159265    0.000000000
   -1.947787445    0.314159265    0.000000000
   -1.884955592    0.314159265    0.000000000
   -1.822123739    0.314159265    0.000000000
   -1.759291886    0.314159265    0.000000000
   -1.696460033    0.314159265    0.000000000
   -1.633628180    0.314159265    0.000000000
   -1.570796327    0.314159265    0.000000000
   -1.507964474    0.314159265    0.000000000
   -1.445132621    0.314159265    0.000000000
   -1.382300768    0.314159265    0.000000000
   -1.319468915    0.314159265    0.000000000
   -1.256637061    0.314159265    0.000000000
   -1.193805208    0.314159265    0.000000000
   -1.130973355    0.314159265    0.000000000
   -1.068141502    0.314159265    0.000000000
   -1.005309649    0.314159265    0.000000000
   -0.942477796    0.314159265    0.000000000
   -0.879645943    0.314159265    0.000000000
   -0.816814090    0.314159265    0.000000000
   -0.753982237    0.314159265    0.000000000
   -0.691150384    0.314159265    0.000000000
   -0.628318531    0.314159265    0.000000000
   -0.565486678    0.314159265    0.000000000
   -0.502654825    0.314159265    0.000000000
   -0.439822972    0.314159265    0.000000000
   -0.376991118    0.314159265    0.000000000
   -0.314159265    0.314159265    0.000000000
   -0.251327412    0.314159265    0.000000000
   -0.188495559    0.314159265    0.000000000
   -0.125663706    0.314159265    0.000000000
   -0.062831853    0.314159265    0.000000000
    0.000000000    0.314159265    0.000000000
    0.062831853    0.314159265    0.000000000
    0.125663706    0.314159265    0.000000000
    0.188495559    0.314159265    0.000000000
    0.251327412    0.314159265    0.000000000
    0.314159265    0.314159265    0.000000000
    0.376991118    0.314159265    0.000000000
    0.439822972    0.314159265    0.000000000
    0.502654825    0.314159265    0.000000000
    0.565486678    0.314159265    0.000000000
    0.628318531    0.314159265    0.000000000
    0.691150384    0.314159265    0.000000000
    0.753982237    0.314159265    0.000000000
    0.816814090    0.314159265    0.000000000
    0.879645943    0.314159265    0.000000000
    0.942477796    0.314159265    0.000000000
    1.005309649    0.314159265    0.000000000
    1.068141502    0.314159265    0.000000000
    1.130973355    0.314159265    0.000000000
    1.193805208    0.314159265    0.000000000
    1.256637061    0.314159265    0.000000000
    1.319468915    0.314159265    0.000000000
    1.382300768    0.314159265    0.000000000
    1.445132621    0.314159265    0.000000000
    1.507964474    0.314159265    0.000000000
    1.570796327    0.314159265    0.000000000
    1.633628180    0.314159265    0.000000000
    1.696460033    0.314159265    0.000000000
    1.759291886    0.314159265    0.000000000
    1.822123739    0.314159265    0.000000000
    1.884955592    0.314159265    0.000000000
    1.947787445    0.314159265    0.000000000
    2.010619298    0.314159265    0.000000000
    2.073451151    0.314159265    0.000000000
    2.136283004    0.314159265    0.000000000
    2.199114858    0.314159265    0.000000000
    2.261946711    0.314159265    0.000000000
    2.324778564    0.314159265    0.000000000
    2.387610417    0.314159265    0.000000000
    2.450442270    0.314159265    0.000000000
    2.513274123    0.314159265    0.000000000
    2.576105976    0.314159265    0.000000000
    2.638937829    0.314159265    0.000000000
    2.701769682    0.314159265    0.000000000
    2.764601535    0.314159265    0.000000000
    2.827433388    0.314159265    0.000000000
    2.890265241    0.314159265    0.000000000
    2.953097094    0.314159265    0.000000000
    3.015928947    0.314159265    0.000000000
    3.078760801    0.314159265    0.000000000

   -3.141592654    0.376991118    0.000000000
   -3.078760801    0.376991118    0.000000000
   -3.015928947    0.376991118    0.000000000
   -2.953097094    0.376991118    0.000000000
   -2.890265241    0.376991118    0.000000000
   -2.827433388    0.376991118    0.000000000
   -2.764601535    0.376991118    0.000000000
   -2.701769682    0.376991118    0.000000000
   -2.638937829    0.376991118    0.000000000
   -2.576105976    0.376991118    0.000000000
   -2.513274123    0.376991118    0.000000000
   -2.450442270    0.376991118    0.000000000
   -2.387610417    0.376991118    0.000000000
   -2.324778564    0.376991118    0.000000000
   -2.261946711    0.376991118    0.000000000
   -2.199114858    0.376991118    0.000000000
   -2.136283004    0.376991118    0.000000000
   -2.073451151    0.376991118    0.000000000
   -2.010619298    0.376991118    0.000000000
   -1.947787445    0.376991118    0.000000000
   -1.884955592    0.376991118    0.000000000
   -1.822123739    0.376991118    0.000000000
   -1.759291886    0.376991118    0.000000000
   -1.696460033    0.376991118    0.000000000
   -1.633628180    0.376991118    0.000000000
   -1.570796327    0.376991118    0.000000000
   -1.507964474    0.376991118    0.000000000
   -1.445132621    0.376991118    0.000000000
   -1.382300768    0.376991118    0.000000000
   -1.319468915    0.376991118    0.000000000
   -1.256637061    0.376991118    0.000000000
   -1.193805208    0.376991118    0.000000000
   -1.130973355    0.376991118    0.000000000
   -1.068141502    0.376991118    0.000000000
   -1.005309649    0.376991118    0.000000000
   -0.942477796    0.376991118    0.000000000
   -0.879645943    0.376991118    0.000000000
   -0.816814090    0.376991118    0.000000000
   -0.753982237    0.376991118    0.000000000
   -0.691150384    0.376991118    0.000000000
   -0.628318531    0.376991118    0.000000000
   -0.565486678    0.376991118    0.000000000
   -0.502654825    0.376991118    0.000000000
   -0.439822972    0.376991118    0.000000000
   -0.376991118    0.376991118    0.000000000
   -0.314159265    0.376991118    0.000000000
   -0.251327412    0.376991118    0.000000000
   -0.188495559    0.376991118    0.000000000
   -0.125663706    0.376991118    0.000000000
   -0.062831853    0.376991118    0.000000000
    0.000000000    0.376991118    0.000000000
    0.062831853    0.376991118    0.000000000
    0.125663706    0.376991118    0.000000000
    0.188495559    0.376991118    0.000000000
    0.251327412    0.376991118    0.000000000
    0.314159265    0.376991118    0.000000000
    0.376991118    0.376991118    0.000000000
    0.439822972    0.376991118    0.000000000
    0.502654825    0.376991118    0.000000000
    0.565486678    0.376991118    0.000000000
    0.628318531    0.376991118    0.000000000
    0.691150384    0.376991118    0.000000000
    0.753982237    0.376991118    0.000000000
    0.816814090    0.376991118    0.000000000
    0.879645943    0.376991118    0.000000000
    0.942477796    0.376991118    0.000000000
    1.005309649    0.376991118    0.000000000
    1.068141502    0.376991118    0.000000000
    1.130973355    0.376991118    0.000000000
    1.193805208    0.376991118    0.000000000
    1.256637061    0.376991118    0.000000000
    1.319468915    0.376991118    0.000000000
    1.382300768    0.376991118    0.000000000
    1.445132621    0.376991118    0.000000000
    1.507964474    0.376991118    0.000000000
    1.570796327    0.376991118    0.000000000
    1.633628180    0.376991118    0.000000000
    1.696460033    0.376991118    0.000000000
    1.759291886    0.376991118    0.000000000
    1.822123739    0.376991118    0.000000000
    1.884955592    0.376991118    0.000000000
    1.947787445    0.376991118    0.000000000
    2.010619298    0.376991118    0.000000000
    2.073451151    0.376991118    0.000000000
    2.136283004    0.376991118    0.000000000
    2.199114858    0.376991118    0.000000000
    2.261946711    0.376991118    0.000000000
    2.324778564    0.376991118    0.000000000
    2.387610417    0.376991118    0.000000000
    2.450442270    0.376991118    0.000000000
    2.513274123    0.376991118    0.000000000
    2.576105976    0.376991118    0.000000000
    2.638937829    0.376991118    0.000000000
    2.701769682    0.376991118    0.000000000
    2.764601535    0.376991118    0.000000000
    2.827433388    0.376991118    0.000000000
    2.890265241    0.376991118    0.000000000
    2.953097094    0.376991118    0.000000000
    3.015928947    0.376991118    0.000000000
    3.078760801    0.376991118    0.000000000

   -3.141592654    0.439822972    0.000000000
   -3.078760801    0.439822972    0.000000000
   -3.015928947    0.439822972    0.000000000
   -2.953097094    0.439822972    0.000000000
   -2.890265241    0.439822972    0.000000000
   -2.827433388    0.439822972    0.000000000
   -2.764601535    0.439822972    0.000000000
   -2.701769682    0.439822972    0.000000000
   -2.638937829    0.439822972    0.000000000
   -2.576105976    0.439822972    0.000000000
   -2.513274123    0.439822972    0.000000000
   -2.450442270    0.439822972    0.000000000
   -2.387610417    0.439822972    0.000000000
   -2.324778564    0.439822972    0.000000000
   -2.261946711    0.439822972    0.000000000
   -2.199114858    0.439822972    0.000000000
   -2.136283004    0.439822972    0.000000000
   -2.073451151    0.439822972    0.000000000
   -2.010619298    0.439822972    0.000000000
   -1.947787445    0.439822972    0.000000000
   -1.884955592    0.439822972    0.000000000
   -1.822123739    0.439822972    0.000000000
   -1.759291886    0.439822972    0.000000000
   -1.696460033    0.439822972    0.000000000
   -1.633628180    0.439822972    0.000000000
   -1.570796327    0.439822972    0.000000000
   -1.507964474    0.439822972    0.000000000
   -1.445132621    0.439822972    0.000000000
   -1.382300768    0.439822972    0.000000000
   -1.319468915    0.439822972    0.000000000
   -1.256637061    0.439822972    0.000000000
   -1.193805208    0.439822972    0.000000000
   -1.130973355    0.439822972    0.000000000
   -1.068141502    0.439822972    0.000000000
   -1.005309649    0.439822972    0.000000000
   -0.942477796    0.439822972    0.000000000
   -0.879645943    0.439822972    0.000000000
   -0.816814090    0.439822972    0.000000000
   -0.753982237    0.439822972    0.000000000
   -0.691150384    0.439822972    0.000000000
   -0.628318531    0.439822972    0.000000000
   -0.565486678    0.439822972    0.000000000
   -0.502654825    0.439822972    0.000000000
   -0.439822972    0.439822972    0.000000000
   -0.376991118    0.439822972    0.000000000
   -0.314159265    0.439822972    0.000000000
   -0.251327412    0.439822972    0.000000000
   -0.188495559    0.439822972    0.000000000
   -0.125663706    0.439822972    0.000000000
   -0.062831853    0.439822972    0.000000000
    0.000000000    0.439822972    0.000000000
    0.062831853    0.439822972    0.000000000
    0.125663706    0.439822972    0.000000000
    0.188495559    0.439822972    0.000000000
    0.251327412    0.439822972    0.000000000
    0.314159265    0.439822972    0.000000000
    0.376991118    0.439822972    0.000000000
    0.439822972    0.439822972    0.000000000
    0.502654825    0.439822972    0.000000000
    0.565486678    0.439822972    0.000000000
    0.628318531    0.439822972    0.000000000
    0.691150384    0.439822972    0.000000000
    0.753982237    0.439822972    0.000000000
    0.816814090    0.439822972    0.000000000
    0.879645943    0.439822972    0.000000000
    0.942477796    0.439822972    0.000000000
    1.005309649    0.439822972    0.000000000
    1.068141502    0.439822972    0.000000000
    1.130973355    0.439822972    0.000000000
    1.193805208    0.439822972    0.000000000
    1.256637061    0.439822972    0.000000000
    1.319468915    0.439822972    0.000000000
    1.382300768    0.439822972    0.000000000
    1.445132621    0.439822972    0.000000000
    1.507964474    0.439822972    0.000000000
    1.570796327    0.439822972    0.000000000
    1.633628180    0.439822972    0.000000000
    1.696460033    0.439822972    0.000000000
    1.759291886    0.439822972    0.000000000
    1.822123739    0.439822972    0.000000000
    1.884955592    0.439822972    0.000000000
    1.947787445    0.439822972    0.000000000
    2.010619298    0.439822972    0.000000000
    2.073451151    0.439822972    0.000000000
    2.136283004    0.439822972    0.000000000
    2.199114858    0.439822972    0.000000000
    2.261946711    0.439822972    0.000000000
    2.324778564    0.439822972    0.000000000
    2.387610417    0.439822972    0.000000000
    2.450442270    0.439822972    0.000000000
    2.513274123    0.439822972    0.000000000
    2.576105976    0.439822972    0.000000000
    2.638937829    0.439822972    0.000000000
    2.701769682    0.439822972    0.000000000
    2.764601535    0.439822972    0.000000000
    2.827433388    0.439822972    0.000000000
    2.890265241    0.439822972    0.000000000
    2.953097094    0.439822972    0.000000000
    3.015928947    0.439822972    0.000000000
    3.078760801    0.439822972    0.000000000

   -3.141592654    0.502654825    0.000000000
   -3.078760801    0.502654825    0.000000000
   -3.015928947    0.502654825    0.000000000
   -2.953097094    0.502654825    0.000000000
   -2.890265241    0.502654825    0.000000000
   -2.827433388    0.502654825    0.000000000
   -2.764601535    0.502654825    0.000000000
   -2.701769682    0.502654825    0.000000000
   -2.638937829    0.502654825    0.000000000
   -2.576105976    0.502654825    0.000000000
   -2.513274123    0.502654825    0.000000000
   -2.450442270    0.502654825    0.000000000
   -2.387610417    0.502654825    0.000000000
   -2.324778564    0.502654825    0.000000000
   -2.261946711    0.502654825    0.000000000
   -2.199114858    0.502654825    0.000000000
   -2.136283004    0.502654825    0.000000000
   -2.073451151    0.502654825    0.000000000
   -2.010619298    0.502654825    0.000000000
   -1.947787445    0.502654825    0.000000000
   -1.884955592    0.502654825    0.000000000
   -1.822123739    0.502654825    0.000000000
   -1.759291886    0.502654825    0.000000000
   -1.696460033    0.502654825    0.000000000
   -1.633628180    0.502654825    0.000000000
   -1.570796327    0.502654825    0.000000000
   -1.507964474    0.502654825    0.000000000
   -1.445132621    0.502654825    0.000000000
   -1.382300768    0.502654825    0.000000000
   -1.319468915    0.502654825    0.000000000
   -1.256637061    0.502654825    0.000000000
   -1.193805208    0.502654825    0.000000000
   -1.130973355    0.502654825    0.000000000
   -1.068141502    0.502654825    0.000000000
   -1.005309649    0.502654825    0.000000000
   -0.942477796    0.502654825    0.000000000
   -0.879645943    0.502654825    0.000000000
   -0.816814090    0.502654825    0.000000000
   -0.753982237    0.502654825    0.000000000
   -0.691150384    0.502654825    0.000000000
   -0.628318531    0.502654825    0.000000000
   -0.565486678    0.502654825    0.000000000
   -0.502654825    0.502654825    0.000000000
   -0.439822972    0.502654825    0.000000000
   -0.376991118    0.502654825    0.000000000
   -0.314159265    0.502654825    0.000000000
   -0.251327412    0.502654825    0.000000000
   -0.188495559    0.502654825    0.000000000
   -0.125663706    0.502654825    0.000000000
   -0.062831853    0.502654825    0.000000000
    0.000000000    0.502654825    0.000000000
    0.062831853    0.502654825    0.000000000
    0.125663706    0.502654825    0.000000000
    0.188495559    0.502654825    0.000000000
    0.251327412    0.502654825    0.000000000
    0.314159265    0.502654825    0.000000000
    0.376991118    0.502654825    0.000000000
    0.439822972    0.502654825    0.000000000
    0.502654825    0.502654825    0.000000000
    0.565486678    0.502654825    0.000000000
    0.628318531    0.502654825    0.000000000
    0.691150384    0.502654825    0.000000000
    0.753982237    0.502654825    0.000000000
    0.816814090    0.502654825    0.000000000
    0.879645943    0.502654825    0.000000000
    0.942477796    0.502654825    0.000000000
    1.005309649    0.502654825    0.000000000
    1.068141502    0.502654825    0.000000000
    1.130973355    0.502654825    0.000000000
    1.193805208    0.502654825    0.000000000
    1.256637061    0.502654825    0.000000000
    1.319468915    0.502654825    0.000000000
    1.382300768    0.502654825    0.000000000
    1.445132621    0.502654825    0.000000000
    1.507964474    0.502654825    0.000000000
    1.570796327    0.502654825    0.000000000
    1.633628180    0.502654825    0.000000000
    1.696460033    0.502654825    0.000000000
    1.759291886    0.502654825    0.000000000
    1.822123739    0.502654825    0.000000000
    1.884955592    0.502654825    0.000000000
    1.947787445    0.502654825    0.000000000
    2.010619298    0.502654825    0.000000000
    2.073451151    0.502654825    0.000000000
    2.136283004    0.502654825    0.000000000
    2.199114858    0.502654825    0.000000000
    2.261946711    0.502654825    0.000000000
    2.324778564    0.502654825    0.000000000
    2.387610417    0.502654825    0.000000000
    2.450442270    0.502654825    0.000000000
    2.513274123    0.502654825    0.000000000
    2.576105976    0.502654825    0.000000000
    2.638937829    0.502654825    0.000000000
    2.701769682    0.502654825    0.000000000
    2.764601535    0.502654825    0.000000000
    2.827433388    0.502654825    0.000000000
    2.890265241    0.502654825    0.000000000
    2.953097094    0.502654825    0.000000000
    3.015928947    0.502654825    0.000000000
    3.078760801    0.502654825    0.000000000

   -3.141592654    0.565486678    0.000000000
   -3.078760801    0.565486678    0.000000000
   -3.015928947    0.565486678    0.000000000
   -2.953097094    0.565486678    0.000000000
   -2.890265241    0.565486678    0.000000000
   -2.827433388    0.565486678    0.000000000
   -2.764601535    0.565486678    0.000000000
   -2.701769682    0.565486678    0.000000000
   -2.638937829    0.565486678    0.000000000
   -2.576105976    0.565486678    0.000000000
   -2.513274123    0.565486678    0.000000000
   -2.450442270    0.565486678    0.000000000
   -2.387610417    0.565486678    0.000000000
   -2.324778564    0.565486678    0.000000000
   -2.261946711    0.565486678    0.000000000
   -2.199114858    0.565486678    0.000000000
   -2.136283004    0.565486678    0.000000000
   -2.073451151    0.565486678    0.000000000
   -2.010619298    0.565486678    0.000000000
   -1.947787445    0.565486678    0.000000000
   -1.884955592    0.565486678    0.000000000
   -1.822123739    0.565486678    0.000000000
   -1.759291886    0.565486678    0.000000000
   -1.696460033    0.565486678    0.000000000
   -1.633628180    0.565486678    0.000000000
   -1.570796327    0.565486678    0.000000000
   -1.507964474    0.565486678    0.000000000
   -1.445132621    0.565486678    0.000000000
   -1.382300768    0.565486678    0.000000000
   -1.319468915    0.565486678    0.000000000
   -1.256637061    0.565486678    0.000000000
   -1.193805208    0.565486678    0.000000000
   -1.130973355    0.565486678    0.000000000
   -1.068141502    0.565486678    0.000000000
   -1.005309649    0.565486678    0.000000000
   -0.942477796    0.565486678    0.000000000
   -0.879645943    0.565486678    0.000000000
   -0.816814090    0.565486678    0.000000000
   -0.753982237    0.565486678    0.000000000
   -0.691150384    0.565486678    0.000000000
   -0.628318531    0.565486678    0.000000000
   -0.565486678    0.565486678    0.000000000
   -0.502654825    0.565486678    0.000000000
   -0.439822972    0.565486678    0.000000000
   -0.376991118    0.565486678    0.000000000
   -0.314159265    0.565486678    0.000000000
   -0.251327412    0.565486678    0.000000000
   -0.188495559    0.565486678    0.000000000
   -0.125663706    0.565486678    0.000000000
   -0.062831853    0.565486678    0.000000000
    0.000000000    0.565486678    0.000000000
    0.062831853    0.565486678    0.000000000
    0.125663706    0.565486678    0.000000000
    0.188495559    0.565486678    0.000000000
    0.251327412    0.565486678    0.000000000
    0.314159265    0.565486678    0.000000000
    0.376991118    0.565486678    0.000000000
    0.439822972    0.565486678    0.000000000
    0.502654825    0.565486678    0.000000000
    0.565486678    0.565486678    0.000000000
    0.628318531    0.565486678    0.000000000
    0.691150384    0.565486678    0.000000000
    0.753982237    0.565486678    0.000000000
    0.816814090    0.565486678    0.000000000
    0.879645943    0.565486678    0.000000000
    0.942477796    0.565486678    0.000000000
    1.005309649    0.565486678    0.000000000
    1.068141502    0.565486678    0.000000000
    1.130973355    0.565486678    0.000000000
    1.193805208    0.565486678    0.000000000
    1.256637061    0.565486678    0.000000000
    1.319468915    0.565486678    0.000000000
    1.382300768    0.565486678    0.000000000
    1.445132621    0.565486678    0.000000000
    1.507964474    0.565486678    0.000000000
    1.570796327    0.565486678    0.000000000
    1.633628180    0.565486678    0.000000000
    1.696460033    0.565486678    0.000000000
    1.759291886    0.565486678    0.000000000
    1.822123739    0.565486678    0.000000000
    1.884955592    0.565486678    0.000000000
    1.947787445    0.565486678    0.000000000
    2.010619298    0.565486678    0.000000000
    2.073451151    0.565486678    0.000000000
    2.136283004    0.565486678    0.000000000
    2.199114858    0.565486678    0.000000000
    2.261946711    0.565486678    0.000000000
    2.324778564    0.565486678    0.000000000
    2.387610417    0.565486678    0.000000000
    2.450442270    0.565486678    0.000000000
    2.513274123    0.565486678    0.000000000
    2.576105976    0.565486678    0.000000000
    2.638937829    0.565486678    0.000000000
    2.701769682    0.565486678    0.000000000
    2.764601535    0.565486678    0.000000000
    2.827433388    0.565486678    0.000000000
    2.890265241    0.565486678    0.000000000
    2.953097094    0.565486678    0.000000000
    3.015928947    0.565486678    0.000000000
    3.078760801    0.565486678    0.000000000

   -3.141592654    0.628318531    0.000000000
   -3.078760801    0.628318531    0.000000000
   -3.015928947    0.628318531    0.000000000
   -2.953097094    0.628318531    0.000000000
   -2.890265241    0.628318531    0.000000000
   -2.827433388    0.628318531    0.000000000
   -2.764601535    0.628318531    0.000000000
   -2.701769682    0.628318531    0.000000000
   -2.638937829    0.628318531    0.000000000
   -2.576105976    0.628318531    0.000000000
   -2.513274123    0.628318531    0.000000000
   -2.450442270    0.628318531    0.000000000
   -2.387610417    0.628318531    0.000000000
   -2.324778564    0.628318531    0.000000000
   -2.261946711    0.628318531    0.000000000
   -2.199114858    0.628318531    0.000000000
   -2.136283004    0.628318531    0.000000000
   -2.073451151    0.628318531    0.000000000
   -2.010619298    0.628318531    0.000000000
   -1.947787445    0.628318531    0.000000000
   -1.884955592    0.628318531    0.000000000
   -1.822123739    0.628318531    0.000000000
   -1.759291886    0.628318531    0.000000000
   -1.696460033    0.628318531    0.000000000
   -1.633628180    0.628318531    0.000000000
   -1.570796327    0.628318531    0.000000000
   -1.507964474    0.628318531    0.000000000
   -1.445132621    0.628318531    0.000000000
   -1.382300768    0.628318531    0.000000000
   -1.319468915    0.628318531    0.000000000
   -1.256637061    0.628318531    0.000000000
   -1.193805208    0.628318531    0.000000000
   -1.130973355    0.628318531    0.000000000
   -1.068141502    0.628318531    0.000000000
   -1.005309649    0.628318531    0.000000000
   -0.942477796    0.628318531    0.000000000
   -0.879645943    0.628318531    0.000000000
   -0.816814090    0.628318531    0.000000000
   -0.753982237    0.628318531    0.000000000
   -0.691150384    0.628318531    0.000000000
   -0.628318531    0.628318531    0.000000000
   -0.565486678    0.628318531    0.000000000
   -0.502654825    0.628318531    0.000000000
   -0.439822972    0.628318531    0.000000000
   -0.376991118    0.628318531    0.000000000
   -0.314159265    0.628318531    0.000000000
   -0.251327412    0.628318531    0.000000000
   -0.188495559    0.628318531    0.000000000
   -0.125663706    0.628318531    0.000000000
   -0.062831853    0.628318531    0.000000000
    0.000000000    0.628318531    0.000000000
    0.062831853    0.628318531    0.000000000
    0.125663706    0.628318531    0.000000000
    0.188495559    0.628318531    0.000000000
    0.251327412    0.628318531    0.000000000
    0.314159265    0.628318531    0.000000000
    0.376991118    0.628318531    0.000000000
    0.439822972    0.628318531    0.000000000
    0.502654825    0.628318531    0.000000000
    0.565486678    0.628318531    0.000000000
    0.628318531    0.628318531    0.000000000
    0.691150384    0.628318531    0.000000000
    0.753982237    0.628318531    0.000000000
    0.816814090    0.628318531    0.000000000
    0.879645943    0.628318531    0.000000000
    0.942477796    0.628318531    0.000000000
    1.005309649    0.628318531    0.000000000
    1.068141502    0.628318531    0.000000000
    1.130973355    0.628318531    0.000000000
    1.193805208    0.628318531    0.000000000
    1.256637061    0.628318531    0.000000000
    1.319468915    0.628318531    0.000000000
    1.382300768    0.628318531    0.000000000
    1.445132621    0.628318531    0.000000000
    1.507964474    0.628318531    0.000000000
    1.570796327    0.628318531    0.000000000
    1.633628180    0.628318531    0.000000000
    1.696460033    0.628318531    0.000000000
    1.759291886    0.628318531    0.000000000
    1.822123739    0.628318531    0.000000000
    1.884955592    0.628318531    0.000000000
    1.947787445    0.628318531    0.000000000
    2.010619298    0.628318531    0.000000000
    2.073451151    0.628318531    0.000000000
    2.136283004    0.628318531    0.000000000
    2.199114858    0.628318531    0.000000000
    2.261946711    0.628318531    0.000000000
    2.324778564    0.628318531    0.000000000
    2.387610417    0.628318531    0.000000000
    2.450442270    0.628318531    0.000000000
    2.513274123    0.628318531    0.000000000
    2.576105976    0.628318531    0.000000000
    2.638937829    0.628318531    0.000000000
    2.701769682    0.628318531    0.000000000
    2.764601535    0.628318531    0.000000000
    2.827433388    0.628318531    0.000000000
    2.890265241    0.628318531    0.000000000
    2.953097094    0.628318531    0.000000000
    3.015928947    0.628318531    0.000000000
    3.078760801    0.628318531    0.000000000

   -3.141592654    0.691150384    0.000000000
   -3.078760801    0.691150384    0.000000000
   -3.015928947    0.691150384    0.000000000
   -2.953097094    0.691150384    0.000000000
   -2.890265241    0.691150384    0.000000000
   -2.827433388    0.691150384    0.000000000
   -2.764601535    0.691150384    0.000000000
   -2.701769682    0.691150384    0.000000000
   -2.638937829    0.691150384    0.000000000
   -2.576105976    0.691150384    0.000000000
   -2.513274123    0.691150384    0.000000000
   -2.450442270    0.691150384    0.000000000
   -2.387610417    0.691150384    0.000000000
   -2.324778564    0.691150384    0.000000000
   -2.261946711    0.691150384    0.000000000
   -2.199114858    0.691150384    0.000000000
   -2.136283004    0.691150384    0.000000000
   -2.073451151    0.691150384    0.000000000
   -2.010619298    0.691150384    0.000000000
   -1.947787445    0.691150384    0.000000000
   -1.884955592    0.691150384    0.000000000
   -1.822123739    0.691150384    0.000000000
   -1.759291886    0.691150384    0.000000000
   -1.696460033    0.691150384    0.000000000
   -1.633628180    0.691150384    0.000000000
   -1.570796327    0.691150384    0.000000000
   -1.507964474    0.691150384    0.000000000
   -1.445132621    0.691150384    0.000000000
   -1.382300768    0.691150384    0.000000000
   -1.319468915    0.691150384    0.000000000
   -1.256637061    0.691150384    0.000000000
   -1.193805208    0.691150384    0.000000000
   -1.130973355    0.691150384    0.000000000
   -1.068141502    0.691150384    0.000000000
   -1.005309649    0.691150384    0.000000000
   -0.942477796    0.691150384    0.000000000
   -0.879645943    0.691150384    0.000000000
   -0.816814090    0.691150384    0.000000000
   -0.753982237    0.691150384    0.000000000
   -0.691150384    0.691150384    0.000000000
   -0.628318531    0.691150384    0.000000000
   -0.565486678    0.691150384    0.000000000
   -0.502654825    0.691150384    0.000000000
   -0.439822972    0.691150384    0.000000000
   -0.376991118    0.691150384    0.000000000
   -0.314159265    0.691150384    0.000000000
   -0.251327412    0.691150384    0.000000000
   -0.188495559    0.691150384    0.000000000
   -0.125663706    0.691150384    0.000000000
   -0.062831853    0.691150384    0.000000000
    0.000000000    0.691150384    0.000000000
    0.062831853    0.691150384    0.000000000
    0.125663706    0.691150384    0.000000000
    0.188495559    0.691150384    0.000000000
    0.251327412    0.691150384    0.000000000
    0.314159265    0.691150384    0.000000000
    0.376991118    0.691150384    0.000000000
    0.439822972    0.691150384    0.000000000
    0.502654825    0.691150384    0.000000000
    0.565486678    0.691150384    0.000000000
    0.628318531    0.691150384    0.000000000
    0.691150384    0.691150384    0.000000000
    0.753982237    0.691150384    0.000000000
    0.816814090    0.691150384    0.000000000
    0.879645943    0.691150384    0.000000000
    0.942477796    0.691150384    0.000000000
    1.005309649    0.691150384    0.000000000
    1.068141502    0.691150384    0.000000000
    1.130973355    0.691150384    0.000000000
    1.193805208    0.691150384    0.000000000
    1.256637061    0.691150384    0.000000000
    1.319468915    0.691150384    0.000000000
    1.382300768    0.691150384    0.000000000
    1.445132621    0.691150384    0.000000000
    1.507964474    0.691150384    0.000000000
    1.570796327    0.691150384    0.000000000
    1.633628180    0.691150384    0.000000000
    1.696460033    0.691150384    0.000000000
    1.759291886    0.691150384    0.000000000
    1.822123739    0.691150384    0.000000000
    1.884955592    0.691150384    0.000000000
    1.947787445    0.691150384    0.000000000
    2.010619298    0.691150384    0.000000000
    2.073451151    0.691150384    0.000000000
    2.136283004    0.691150384    0.000000000
    2.199114858    0.691150384    0.000000000
    2.261946711    0.691150384    0.000000000
    2.324778564    0.691150384    0.000000000
    2.387610417    0.691150384    0.000000000
    2.450442270    0.691150384    0.000000000
    2.513274123    0.691150384    0.000000000
    2.576105976    0.691150384    0.000000000
    2.638937829    0.691150384    0.000000000
    2.701769682    0.691150384    0.000000000
    2.764601535    0.691150384    0.000000000
    2.827433388    0.691150384    0.000000000
    2.890265241    0.691150384    0.000000000
    2.953097094    0.691150384    0.000000000
    3.015928947    0.691150384    0.000000000
    3.078760801    0.691150384    0.000000000

   -3.141592654    0.753982237    0.000000000
   -3.078760801    0.753982237    0.000000000
   -3.015928947    0.753982237    0.000000000
   -2.953097094    0.753982237    0.000000000
   -2.890265241    0.753982237    0.000000000
   -2.827433388    0.753982237    0.000000000
   -2.764601535    0.753982237    0.000000000
   -2.701769682    0.753982237    0.000000000
   -2.638937829    0.753982237    0.000000000
   -2.576105976    0.753982237    0.000000000
   -2.513274123    0.753982237    0.000000000
   -2.450442270    0.753982237    0.000000000
   -2.387610417    0.753982237    0.000000000
   -2.324778564    0.753982237    0.000000000
   -2.261946711    0.753982237    0.000000000
   -2.199114858    0.753982237    0.000000000
   -2.136283004    0.753982237    0.000000000
   -2.073451151    0.753982237    0.000000000
   -2.010619298    0.753982237    0.000000000
   -1.947787445    0.753982237    0.000000000
   -1.884955592    0.753982237    0.000000000
   -1.822123739    0.753982237    0.000000000
   -1.759291886    0.753982237    0.000000000
   -1.696460033    0.753982237    0.000000000
   -1.633628180    0.753982237    0.000000000
   -1.570796327    0.753982237    0.000000000
   -1.507964474    0.753982237    0.000000000
   -1.445132621    0.753982237    0.000000000
   -1.382300768    0.753982237    0.000000000
   -1.319468915    0.753982237    0.000000000
   -1.256637061    0.753982237    0.000000000
   -1.193805208    0.753982237    0.000000000
   -1.130973355    0.753982237    0.000000000
   -1.068141502    0.753982237    0.000000000
   -1.005309649    0.753982237    0.000000000
   -0.942477796    0.753982237    0.000000000
   -0.879645943    0.753982237    0.000000000
   -0.816814090    0.753982237    0.000000000
   -0.753982237    0.753982237    0.000000000
   -0.691150384    0.753982237    0.000000000
   -0.628318531    0.753982237    0.000000000
   -0.565486678    0.753982237    0.000000000
   -0.502654825    0.753982237    0.000000000
   -0.439822972    0.753982237    0.000000000
   -0.376991118    0.753982237    0.000000000
   -0.314159265    0.753982237    0.000000000
   -0.251327412    0.753982237    0.000000000
   -0.188495559    0.753982237    0.000000000
   -0.125663706    0.753982237    0.000000000
   -0.062831853    0.753982237    0.000000000
    0.000000000    0.753982237    0.000000000
    0.062831853    0.753982237    0.000000000
    0.125663706    0.753982237    0.000000000
    0.188495559    0.753982237    0.000000000
    0.251327412    0.753982237    0.000000000
    0.314159265    0.753982237    0.000000000
    0.376991118    0.753982237    0.000000000
    0.439822972    0.753982237    0.000000000
    0.502654825    0.753982237    0.000000000
    0.565486678    0.753982237    0.000000000
    0.628318531    0.753982237    0.000000000
    0.691150384    0.753982237    0.000000000
    0.753982237    0.753982237    0.000000000
    0.816814090    0.753982237    0.000000000
    0.879645943    0.753982237    0.000000000
    0.942477796    0.753982237    0.000000000
    1.005309649    0.753982237    0.000000000
    1.068141502    0.753982237    0.000000000
    1.130973355    0.753982237    0.000000000
    1.193805208    0.753982237    0.000000000
    1.256637061    0.753982237    0.000000000
    1.319468915    0.753982237    0.000000000
    1.382300768    0.753982237    0.000000000
    1.445132621    0.753982237    0.000000000
    1.507964474    0.753982237    0.000000000
    1.570796327    0.753982237    0.000000000
    1.633628180    0.753982237    0.000000000
    1.696460033    0.753982237    0.000000000
    1.759291886    0.753982237    0.000000000
    1.822123739    0.753982237    0.000000000
    1.884955592    0.753982237    0.000000000
    1.947787445    0.753982237    0.000000000
    2.010619298    0.753982237    0.000000000
    2.073451151    0.753982237    0.000000000
    2.136283004    0.753982237    0.000000000
    2.199114858    0.753982237    0.000000000
    2.261946711    0.753982237    0.000000000
    2.324778564    0.753982237    0.000000000
    2.387610417    0.753982237    0.000000000
    2.450442270    0.753982237    0.000000000
    2.513274123    0.753982237    0.000000000
    2.576105976    0.753982237    0.000000000
    2.638937829    0.753982237    0.000000000
    2.701769682    0.753982237    0.000000000
    2.764601535    0.753982237    0.000000000
    2.827433388    0.753982237    0.000000000
    2.890265241    0.753982237    0.000000000
    2.953097094    0.753982237    0.000000000
    3.015928947    0.753982237    0.000000000
    3.078760801    0.753982237    0.000000000

   -3.141592654    0.816814090    0.000000000
   -3.078760801    0.816814090    0.000000000
   -3.015928947    0.816814090    0.000000000
   -2.953097094    0.816814090    0.000000000
   -2.890265241    0.816814090    0.000000000
   -2.827433388    0.816814090    0.000000000
   -2.764601535    0.816814090    0.000000000
   -2.701769682    0.816814090    0.000000000
   -2.638937829    0.816814090    0.000000000
   -2.576105976    0.816814090    0.000000000
   -2.513274123    0.816814090    0.000000000
   -2.450442270    0.816814090    0.000000000
   -2.387610417    0.816814090    0.000000000
   -2.324778564    0.816814090    0.000000000
   -2.261946711    0.816814090    0.000000000
   -2.199114858    0.816814090    0.000000000
   -2.136283004    0.816814090    0.000000000
   -2.073451151    0.816814090    0.000000000
   -2.010619298    0.816814090    0.000000000
   -1.947787445    0.816814090    0.000000000
   -1.884955592    0.816814090    0.000000000
   -1.822123739    0.816814090    0.000000000
   -1.759291886    0.816814090    0.000000000
   -1.696460033    0.816814090    0.000000000
   -1.633628180    0.816814090    0.000000000
   -1.570796327    0.816814090    0.000000000
   -1.507964474    0.816814090    0.000000000
   -1.445132621    0.816814090    0.000000000
   -1.382300768    0.816814090    0.000000000
   -1.319468915    0.816814090    0.000000000
   -1.256637061    0.816814090    0.000000000
   -1.193805208    0.816814090    0.000000000
   -1.130973355    0.816814090    0.000000000
   -1.068141502    0.816814090    0.000000000
   -1.005309649    0.816814090    0.000000000
   -0.942477796    0.816814090    0.000000000
   -0.879645943    0.816814090    0.000000000
   -0.816814090    0.816814090    0.000000000
   -0.753982237    0.816814090    0.000000000
   -0.691150384    0.816814090    0.000000000
   -0.628318531    0.816814090    0.000000000
   -0.565486678    0.816814090    0.000000000
   -0.502654825    0.816814090    0.000000000
   -0.439822972    0.816814090    0.000000000
   -0.376991118    0.816814090    0.000000000
   -0.314159265    0.816814090    0.000000000
   -0.251327412    0.816814090    0.000000000
   -0.188495559    0.816814090    0.000000000
   -0.125663706    0.816814090    0.000000000
   -0.062831853    0.816814090    0.000000000
    0.000000000    0.816814090    0.000000000
    0.062831853    0.816814090    0.000000000
    0.125663706    0.816814090    0.000000000
    0.188495559    0.816814090    0.000000000
    0.251327412    0.816814090    0.000000000
    0.314159265    0.816814090    0.000000000
    0.376991118    0.816814090    0.000000000
    0.439822972    0.816814090    0.000000000
    0.502654825    0.816814090    0.000000000
    0.565486678    0.816814090    0.000000000
    0.628318531    0.816814090    0.000000000
    0.691150384    0.816814090    0.000000000
    0.753982237    0.816814090    0.000000000
    0.816814090    0.816814090    0.000000000
    0.879645943    0.816814090    0.000000000
    0.942477796    0.816814090    0.000000000
    1.005309649    0.816814090    0.000000000
    1.068141502    0.816814090    0.000000000
    1.130973355    0.816814090    0.000000000
    1.193805208    0.816814090    0.000000000
    1.256637061    0.816814090    0.000000000
    1.319468915    0.816814090    0.000000000
    1.382300768    0.816814090    0.000000000
    1.445132621    0.816814090    0.000000000
    1.507964474    0.816814090    0.000000000
    1.570796327    0.816814090    0.000000000
    1.633628180    0.816814090    0.000000000
    1.696460033    0.816814090    0.000000000
    1.759291886    0.816814090    0.000000000
    1.822123739    0.816814090    0.000000000
    1.884955592    0.816814090    0.000000000
    1.947787445    0.816814090    0.000000000
    2.010619298    0.816814090    0.000000000
    2.073451151    0.816814090    0.000000000
    2.136283004    0.816814090    0.000000000
    2.199114858    0.816814090    0.000000000
    2.261946711    0.816814090    0.000000000
    2.324778564    0.816814090    0.000000000
    2.387610417    0.816814090    0.000000000
    2.450442270    0.816814090    0.000000000
    2.513274123    0.816814090    0.000000000
    2.576105976    0.816814090    0.000000000
    2.638937829    0.816814090    0.000000000
    2.701769682    0.816814090    0.000000000
    2.764601535    0.816814090    0.000000000
    2.827433388    0.816814090    0.000000000
    2.890265241    0.816814090    0.000000000
    2.953097094    0.816814090    0.000000000
    3.015928947    0.816814090    0.000000000
    3.078760801    0.816814090    0.000000000

   -3.141592654    0.879645943    0.000000000
   -3.078760801    0.879645943    0.000000000
   -3.015928947    0.879645943    0.000000000
   -2.953097094    0.879645943    0.000000000
   -2.890265241    0.879645943    0.000000000
   -2.827433388    0.879645943    0.000000000
   -2.764601535    0.879645943    0.000000000
   -2.701769682    0.879645943    0.000000000
   -2.638937829    0.879645943    0.000000000
   -2.576105976    0.879645943    0.000000000
   -2.513274123    0.879645943    0.000000000
   -2.450442270    0.879645943    0.000000000
   -2.387610417    0.879645943    0.000000000
   -2.324778564    0.879645943    0.000000000
   -2.261946711    0.879645943    0.000000000
   -2.199114858    0.879645943    0.000000000
   -2.136283004    0.879645943    0.000000000
   -2.073451151    0.879645943    0.000000000
   -2.010619298    0.879645943    0.000000000
   -1.947787445    0.879645943    0.000000000
   -1.884955592    0.879645943    0.000000000
   -1.822123739    0.879645943    0.000000000
   -1.759291886    0.879645943    0.000000000
   -1.696460033    0.879645943    0.000000000
   -1.633628180    0.879645943    0.000000000
   -1.570796327    0.879645943    0.000000000
   -1.507964474    0.879645943    0.000000000
   -1.445132621    0.879645943    0.000000000
   -1.382300768    0.879645943    0.000000000
   -1.319468915    0.879645943    0.000000000
   -1.256637061    0.879645943    0.000000000
   -1.193805208    0.879645943    0.000000000
   -1.130973355    0.879645943    0.000000000
   -1.068141502    0.879645943    0.000000000
   -1.005309649    0.879645943    0.000000000
   -0.942477796    0.879645943    0.000000000
   -0.879645943    0.879645943    0.000000000
   -0.816814090    0.879645943    0.000000000
   -0.753982237    0.879645943    0.000000000
   -0.691150384    0.879645943    0.000000000
   -0.628318531    0.879645943    0.000000000
   -0.565486678    0.879645943    0.000000000
   -0.502654825    0.879645943    0.000000000
   -0.439822972    0.879645943    0.000000000
   -0.376991118    0.879645943    0.000000000
   -0.314159265    0.879645943    0.000000000
   -0.251327412    0.879645943    0.000000000
   -0.188495559    0.879645943    0.000000000
   -0.125663706    0.879645943    0.000000000
   -0.062831853    0.879645943    0.000000000
    0.000000000    0.879645943    0.000000000
    0.062831853    0.879645943    0.000000000
    0.125663706    0.879645943    0.000000000
    0.188495559    0.879645943    0.000000000
    0.251327412    0.879645943    0.000000000
    0.314159265    0.879645943    0.000000000
    0.376991118    0.879645943    0.000000000
    0.439822972    0.879645943    0.000000000
    0.502654825    0.879645943    0.000000000
    0.565486678    0.879645943    0.000000000
    0.628318531    0.879645943    0.000000000
    0.691150384    0.879645943    0.000000000
    0.753982237    0.879645943    0.000000000
    0.816814090    0.879645943    0.000000000
    0.879645943    0.879645943    0.000000000
    0.942477796    0.879645943    0.000000000
    1.005309649    0.879645943    0.000000000
    1.068141502    0.879645943    0.000000000
    1.130973355    0.879645943    0.000000000
    1.193805208    0.879645943    0.000000000
    1.256637061    0.879645943    0.000000000
    1.319468915    0.879645943    0.000000000
    1.382300768    0.879645943    0.000000000
    1.445132621    0.879645943    0.000000000
    1.507964474    0.879645943    0.000000000
    1.570796327    0.879645943    0.000000000
    1.633628180    0.879645943    0.000000000
    1.696460033    0.879645943    0.000000000
    1.759291886    0.879645943    0.000000000
    1.822123739    0.879645943    0.000000000
    1.884955592    0.879645943    0.000000000
    1.947787445    0.879645943    0.000000000
    2.010619298    0.879645943    0.000000000
    2.073451151    0.879645943    0.000000000
    2.136283004    0.879645943    0.000000000
    2.199114858    0.879645943    0.000000000
    2.261946711    0.879645943    0.000000000
    2.324778564    0.879645943    0.000000000
    2.387610417    0.879645943    0.000000000
    2.450442270    0.879645943    0.000000000
    2.513274123    0.879645943    0.000000000
    2.576105976    0.879645943    0.000000000
    2.638937829    0.879645943    0.000000000
    2.701769682    0.879645943    0.000000000
    2.764601535    0.879645943    0.000000000
    2.827433388    0.879645943    0.000000000
    2.890265241    0.879645943    0.000000000
    2.953097094    0.879645943    0.000000000
    3.015928947    0.879645943    0.000000000
    3.078760801    0.879645943    0.000000000

   -3.141592654    0.942477796    0.000000000
   -3.078760801    0.942477796    0.000000000
   -3.015928947    0.942477796    0.000000000
   -2.953097094    0.942477796    0.000000000
   -2.890265241    0.942477796    0.000000000
   -2.827433388    0.942477796    0.000000000
   -2.764601535    0.942477796    0.000000000
   -2.701769682    0.942477796    0.000000000
   -2.638937829    0.942477796    0.000000000
   -2.576105976    0.942477796    0.000000000
   -2.513274123    0.942477796    0.000000000
   -2.450442270    0.942477796    0.000000000
   -2.387610417    0.942477796    0.000000000
   -2.324778564    0.942477796    0.000000000
   -2.261946711    0.942477796    0.000000000
   -2.199114858    0.942477796    0.000000000
   -2.136283004    0.942477796    0.000000000
   -2.073451151    0.942477796    0.000000000
   -2.010619298    0.942477796    0.000000000
   -1.947787445    0.942477796    0.000000000
   -1.884955592    0.942477796    0.000000000
   -1.822123739    0.942477796    0.000000000
   -1.759291886    0.942477796    0.000000000
   -1.696460033    0.942477796    0.000000000
   -1.633628180    0.942477796    0.000000000
   -1.570796327    0.942477796    0.000000000
   -1.507964474    0.942477796    0.000000000
   -1.445132621    0.942477796    0.000000000
   -1.382300768    0.942477796    0.000000000
   -1.319468915    0.942477796    0.000000000
   -1.256637061    0.942477796    0.000000000
   -1.193805208    0.942477796    0.000000000
   -1.130973355    0.942477796    0.000000000
   -1.068141502    0.942477796    0.000000000
   -1.005309649    0.942477796    0.000000000
   -0.942477796    0.942477796    0.000000000
   -0.879645943    0.942477796    0.000000000
   -0.816814090    0.942477796    0.000000000
   -0.753982237    0.942477796    0.000000000
   -0.691150384    0.942477796    0.000000000
   -0.628318531    0.942477796    0.000000000
   -0.565486678    0.942477796    0.000000000
   -0.502654825    0.942477796    0.000000000
   -0.439822972    0.942477796    0.000000000
   -0.376991118    0.942477796    0.000000000
   -0.314159265    0.942477796    0.000000000
   -0.251327412    0.942477796    0.000000000
   -0.188495559    0.942477796    0.000000000
   -0.125663706    0.942477796    0.000000000
   -0.062831853    0.942477796    0.000000000
    0.000000000    0.942477796    0.000000000
    0.062831853    0.942477796    0.000000000
    0.125663706    0.942477796    0.000000000
    0.188495559    0.942477796    0.000000000
    0.251327412    0.942477796    0.000000000
    0.314159265    0.942477796    0.000000000
    0.376991118    0.942477796    0.000000000
    0.439822972    0.942477796    0.000000000
    0.502654825    0.942477796    0.000000000
    0.565486678    0.942477796    0.000000000
    0.628318531    0.942477796    0.000000000
    0.691150384    0.942477796    0.000000000
    0.753982237    0.942477796    0.000000000
    0.816814090    0.942477796    0.000000000
    0.879645943    0.942477796    0.000000000
    0.942477796    0.942477796    0.000000000
    1.005309649    0.942477796    0.000000000
    1.068141502    0.942477796    0.000000000
    1.130973355    0.942477796    0.000000000
    1.193805208    0.942477796    0.000000000
    1.256637061    0.942477796    0.000000000
    1.319468915    0.942477796    0.000000000
    1.382300768    0.942477796    0.000000000
    1.445132621    0.942477796    0.000000000
    1.507964474    0.942477796    0.000000000
    1.570796327    0.942477796    0.000000000
    1.633628180    0.942477796    0.000000000
    1.696460033    0.942477796    0.000000000
    1.759291886    0.942477796    0.000000000
    1.822123739    0.942477796    0.000000000
    1.884955592    0.942477796    0.000000000
    1.947787445    0.942477796    0.000000000
    2.010619298    0.942477796    0.000000000
    2.073451151    0.942477796    0.000000000
    2.136283004    0.942477796    0.000000000
    2.199114858    0.942477796    0.000000000
    2.261946711    0.942477796    0.000000000
    2.324778564    0.942477796    0.000000000
    2.387610417    0.942477796    0.000000000
    2.450442270    0.942477796    0.000000000
    2.513274123    0.942477796    0.000000000
    2.576105976    0.942477796    0.000000000
    2.638937829    0.942477796    0.000000000
    2.701769682    0.942477796    0.000000000
    2.764601535    0.942477796    0.000000000
    2.827433388    0.942477796    0.000000000
    2.890265241    0.942477796    0.000000000
    2.953097094    0.942477796    0.000000000
    3.015928947    0.942477796    0.000000000
    3.078760801    0.942477796    0.000000000

   -3.141592654    1.005309649    0.000000000
   -3.078760801    1.005309649    0.000000000
   -3.015928947    1.005309649    0.000000000
   -2.953097094    1.005309649    0.000000000
   -2.890265241    1.005309649    0.000000000
   -2.827433388    1.005309649    0.000000000
   -2.764601535    1.005309649    0.000000000
   -2.701769682    1.005309649    0.000000000
   -2.638937829    1.005309649    0.000000000
   -2.576105976    1.005309649    0.000000000
   -2.513274123    1.005309649    0.000000000
   -2.450442270    1.005309649    0.000000000
   -2.387610417    1.005309649    0.000000000
   -2.324778564    1.005309649    0.000000000
   -2.261946711    1.005309649    0.000000000
   -2.199114858    1.005309649    0.000000000
   -2.136283004    1.005309649    0.000000000
   -2.073451151    1.005309649    0.000000000
   -2.010619298    1.005309649    0.000000000
   -1.947787445    1.005309649    0.000000000
   -1.884955592    1.005309649    0.000000000
   -1.822123739    1.005309649    0.000000000
   -1.759291886    1.005309649    0.000000000
   -1.696460033    1.005309649    0.000000000
   -1.633628180    1.005309649    0.000000000
   -1.570796327    1.005309649    0.000000000
   -1.507964474    1.005309649    0.000000000
   -1.445132621    1.005309649    0.000000000
   -1.382300768    1.005309649    0.000000000
   -1.319468915    1.005309649    0.000000000
   -1.256637061    1.005309649    0.000000000
   -1.193805208    1.005309649    0.000000000
   -1.130973355    1.005309649    0.000000000
   -1.068141502    1.005309649    0.000000000
   -1.005309649    1.005309649    0.000000000
   -0.942477796    1.005309649    0.000000000
   -0.879645943    1.005309649    0.000000000
   -0.816814090    1.005309649    0.000000000
   -0.753982237    1.005309649    0.000000000
   -0.691150384    1.005309649    0.000000000
   -0.628318531    1.005309649    0.000000000
   -0.565486678    1.005309649    0.000000000
   -0.502654825    1.005309649    0.000000000
   -0.439822972    1.005309649    0.000000000
   -0.376991118    1.005309649    0.000000000
   -0.314159265    1.005309649    0.000000000
   -0.251327412    1.005309649    0.000000000
   -0.188495559    1.005309649    0.000000000
   -0.125663706    1.005309649    0.000000000
   -0.062831853    1.005309649    0.000000000
    0.000000000    1.005309649    0.000000000
    0.062831853    1.005309649    0.000000000
    0.125663706    1.005309649    0.000000000
    0.188495559    1.005309649    0.000000000
    0.251327412    1.005309649    0.000000000
    0.314159265    1.005309649    0.000000000
    0.376991118    1.005309649    0.000000000
    0.439822972    1.005309649    0.000000000
    0.502654825    1.005309649    0.000000000
    0.565486678    1.005309649    0.000000000
    0.628318531    1.005309649    0.000000000
    0.691150384    1.005309649    0.000000000
    0.753982237    1.005309649    0.000000000
    0.816814090    1.005309649    0.000000000
    0.879645943    1.005309649    0.000000000
    0.942477796    1.005309649    0.000000000
    1.005309649    1.005309649    0.000000000
    1.068141502    1.005309649    0.000000000
    1.130973355    1.005309649    0.000000000
    1.193805208    1.005309649    0.000000000
    1.256637061    1.005309649    0.000000000
    1.319468915    1.005309649    0.000000000
    1.382300768    1.005309649    0.000000000
    1.445132621    1.005309649    0.000000000
    1.507964474    1.005309649    0.000000000
    1.570796327    1.005309649    0.000000000
    1.633628180    1.005309649    0.000000000
    1.696460033    1.005309649    0.000000000
    1.759291886    1.005309649    0.000000000
    1.822123739    1.005309649    0.000000000
    1.884955592    1.005309649    0.000000000
    1.947787445    1.005309649    0.000000000
    2.010619298    1.005309649    0.000000000
    2.073451151    1.005309649    0.000000000
    2.136283004    1.005309649    0.000000000
    2.199114858    1.005309649    0.000000000
    2.261946711    1.005309649    0.000000000
    2.324778564    1.005309649    0.000000000
    2.387610417    1.005309649    0.000000000
    2.450442270    1.005309649    0.000000000
    2.513274123    1.005309649    0.000000000
    2.576105976    1.005309649    0.000000000
    2.638937829    1.005309649    0.000000000
    2.701769682    1.005309649    0.000000000
    2.764601535    1.005309649    0.000000000
    2.827433388    1.005309649    0.000000000
    2.890265241    1.005309649    0.000000000
    2.953097094    1.005309649    0.000000000
    3.015928947    1.005309649    0.000000000
    3.078760801    1.005309649    0.000000000

   -3.141592654    1.068141502    0.000000000
   -3.078760801    1.068141502    0.000000000
   -3.015928947    1.068141502    0.000000000
   -2.953097094    1.068141502    0.000000000
   -2.890265241    1.068141502    0.000000000
   -2.827433388    1.068141502    0.000000000
   -2.764601535    1.068141502    0.000000000
   -2.701769682    1.068141502    0.000000000
   -2.638937829    1.068141502    0.000000000
   -2.576105976    1.068141502    0.000000000
   -2.513274123    1.068141502    0.000000000
   -2.450442270    1.068141502    0.000000000
   -2.387610417    1.068141502    0.000000000
   -2.324778564    1.068141502    0.000000000
   -2.261946711    1.068141502    0.000000000
   -2.199114858    1.068141502    0.000000000
   -2.136283004    1.068141502    0.000000000
   -2.073451151    1.068141502    0.000000000
   -2.010619298    1.068141502    0.000000000
   -1.947787445    1.068141502    0.000000000
   -1.884955592    1.068141502    0.000000000
   -1.822123739    1.068141502    0.000000000
   -1.759291886    1.068141502    0.000000000
   -1.696460033    1.068141502    0.000000000
   -1.633628180    1.068141502    0.000000000
   -1.570796327    1.068141502    0.000000000
   -1.507964474    1.068141502    0.000000000
   -1.445132621    1.068141502    0.000000000
   -1.382300768    1.068141502    0.000000000
   -1.319468915    1.068141502    0.000000000
   -1.256637061    1.068141502    0.000000000
   -1.193805208    1.068141502    0.000000000
   -1.130973355    1.068141502    0.000000000
   -1.068141502    1.068141502    0.000000000
   -1.005309649    1.068141502    0.000000000
   -0.942477796    1.068141502    0.000000000
   -0.879645943    1.068141502    0.000000000
   -0.816814090    1.068141502    0.000000000
   -0.753982237    1.068141502    0.000000000
   -0.691150384    1.068141502    0.000000000
   -0.628318531    1.068141502    0.000000000
   -0.565486678    1.068141502    0.000000000
   -0.502654825    1.068141502    0.000000000
   -0.439822972    1.068141502    0.000000000
   -0.376991118    1.068141502    0.000000000
   -0.314159265    1.068141502    0.000000000
   -0.251327412    1.068141502    0.000000000
   -0.188495559    1.068141502    0.000000000
   -0.125663706    1.068141502    0.000000000
   -0.062831853    1.068141502    0.000000000
    0.000000000    1.068141502    0.000000000
    0.062831853    1.068141502    0.000000000
    0.125663706    1.068141502    0.000000000
    0.188495559    1.068141502    0.000000000
    0.251327412    1.068141502    0.000000000
    0.314159265    1.068141502    0.000000000
    0.376991118    1.068141502    0.000000000
    0.439822972    1.068141502    0.000000000
    0.502654825    1.068141502    0.000000000
    0.565486678    1.068141502    0.000000000
    0.628318531    1.068141502    0.000000000
    0.691150384    1.068141502    0.000000000
    0.753982237    1.068141502    0.000000000
    0.816814090    1.068141502    0.000000000
    0.879645943    1.068141502    0.000000000
    0.942477796    1.068141502    0.000000000
    1.005309649    1.068141502    0.000000000
    1.068141502    1.068141502    0.000000000
    1.130973355    1.068141502    0.000000000
    1.193805208    1.068141502    0.000000000
    1.256637061    1.068141502    0.000000000
    1.319468915    1.068141502    0.000000000
    1.382300768    1.068141502    0.000000000
    1.445132621    1.068141502    0.000000000
    1.507964474    1.068141502    0.000000000
    1.570796327    1.068141502    0.000000000
    1.633628180    1.068141502    0.000000000
    1.696460033    1.068141502    0.000000000
    1.759291886    1.068141502    0.000000000
    1.822123739    1.068141502    0.000000000
    1.884955592    1.068141502    0.000000000
    1.947787445    1.068141502    0.000000000
    2.010619298    1.068141502    0.000000000
    2.073451151    1.068141502    0.000000000
    2.136283004    1.068141502    0.000000000
    2.199114858    1.068141502    0.000000000
    2.261946711    1.068141502    0.000000000
    2.324778564    1.068141502    0.000000000
    2.387610417    1.068141502    0.000000000
    2.450442270    1.068141502    0.000000000
    2.513274123    1.068141502    0.000000000
    2.576105976    1.068141502    0.000000000
    2.638937829    1.068141502    0.000000000
    2.701769682    1.068141502    0.000000000
    2.764601535    1.068141502    0.000000000
    2.827433388    1.068141502    0.000000000
    2.890265241    1.068141502    0.000000000
    2.953097094    1.068141502    0.000000000
    3.015928947    1.068141502    0.000000000
    3.078760801    1.068141502    0.000000000

   -3.141592654    1.130973355    0.000000000
   -3.078760801    1.130973355    0.000000000
   -3.015928947    1.130973355    0.000000000
   -2.953097094    1.130973355    0.000000000
   -2.890265241    1.130973355    0.000000000
   -2.827433388    1.130973355    0.000000000
   -2.764601535    1.130973355    0.000000000
   -2.701769682    1.130973355    0.000000000
   -2.638937829    1.130973355    0.000000000
   -2.576105976    1.130973355    0.000000000
   -2.513274123    1.130973355    0.000000000
   -2.450442270    1.130973355    0.000000000
   -2.387610417    1.130973355    0.000000000
   -2.324778564    1.130973355    0.000000000
   -2.261946711    1.130973355    0.000000000
   -2.199114858    1.130973355    0.000000000
   -2.136283004    1.130973355    0.000000000
   -2.073451151    1.130973355    0.000000000
   -2.010619298    1.130973355    0.000000000
   -1.947787445    1.130973355    0.000000000
   -1.884955592    1.130973355    0.000000000
   -1.822123739    1.130973355    0.000000000
   -1.759291886    1.130973355    0.000000000
   -1.696460033    1.130973355    0.000000000
   -1.633628180    1.130973355    0.000000000
   -1.570796327    1.130973355    0.000000000
   -1.507964474    1.130973355    0.000000000
   -1.445132621    1.130973355    0.000000000
   -1.382300768    1.130973355    0.000000000
   -1.319468915    1.130973355    0.000000000
   -1.256637061    1.130973355    0.000000000
   -1.193805208    1.130973355    0.000000000
   -1.130973355    1.130973355    0.000000000
   -1.068141502    1.130973355    0.000000000
   -1.005309649    1.130973355    0.000000000
   -0.942477796    1.130973355    0.000000000
   -0.879645943    1.130973355    0.000000000
   -0.816814090    1.130973355    0.000000000
   -0.753982237    1.130973355    0.000000000
   -0.691150384    1.130973355    0.000000000
   -0.628318531    1.130973355    0.000000000
   -0.565486678    1.130973355    0.000000000
   -0.502654825    1.130973355    0.000000000
   -0.439822972    1.130973355    0.000000000
   -0.376991118    1.130973355    0.000000000
   -0.314159265    1.130973355    0.000000000
   -0.251327412    1.130973355    0.000000000
   -0.188495559    1.130973355    0.000000000
   -0.125663706    1.130973355    0.000000000
   -0.062831853    1.130973355    0.000000000
    0.000000000    1.130973355    0.000000000
    0.062831853    1.130973355    0.000000000
    0.125663706    1.130973355    0.000000000
    0.188495559    1.130973355    0.000000000
    0.251327412    1.130973355    0.000000000
    0.314159265    1.130973355    0.000000000
    0.376991118    1.130973355    0.000000000
    0.439822972    1.130973355    0.000000000
    0.502654825    1.130973355    0.000000000
    0.565486678    1.130973355    0.000000000
    0.628318531    1.130973355    0.000000000
    0.691150384    1.130973355    0.000000000
    0.753982237    1.130973355    0.000000000
    0.816814090    1.130973355    0.000000000
    0.879645943    1.130973355    0.000000000
    0.942477796    1.130973355    0.000000000
    1.005309649    1.130973355    0.000000000
    1.068141502    1.130973355    0.000000000
    1.130973355    1.130973355    0.000000000
    1.193805208    1.130973355    0.000000000
    1.256637061    1.130973355    0.000000000
    1.319468915    1.130973355    0.000000000
    1.382300768    1.130973355    0.000000000
    1.445132621    1.130973355    0.000000000
    1.507964474    1.130973355    0.000000000
    1.570796327    1.130973355    0.000000000
    1.633628180    1.130973355    0.000000000
    1.696460033    1.130973355    0.000000000
    1.759291886    1.130973355    0.000000000
    1.822123739    1.130973355    0.000000000
    1.884955592    1.130973355    0.000000000
    1.947787445    1.130973355    0.000000000
    2.010619298    1.130973355    0.000000000
    2.073451151    1.130973355    0.000000000
    2.136283004    1.130973355    0.000000000
    2.199114858    1.130973355    0.000000000
    2.261946711    1.130973355    0.000000000
    2.324778564    1.130973355    0.000000000
    2.387610417    1.130973355    0.000000000
    2.450442270    1.130973355    0.000000000
    2.513274123    1.130973355    0.000000000
    2.576105976    1.130973355    0.000000000
    2.638937829    1.130973355    0.000000000
    2.701769682    1.130973355    0.000000000
    2.764601535    1.130973355    0.000000000
    2.827433388    1.130973355    0.000000000
    2.890265241    1.130973355    0.000000000
    2.953097094    1.130973355    0.000000000
    3.015928947    1.130973355    0.000000000
    3.078760801    1.130973355    0.000000000

   -3.141592654    1.193805208    0.000000000
   -3.078760801    1.193805208    0.000000000
   -3.015928947    1.193805208    0.000000000
   -2.953097094    1.193805208    0.000000000
   -2.890265241    1.193805208    0.000000000
   -2.827433388    1.193805208    0.000000000
   -2.764601535    1.193805208    0.000000000
   -2.701769682    1.193805208    0.000000000
   -2.638937829    1.193805208    0.000000000
   -2.576105976    1.193805208    0.000000000
   -2.513274123    1.193805208    0.000000000
   -2.450442270    1.193805208    0.000000000
   -2.387610417    1.193805208    0.000000000
   -2.324778564    1.193805208    0.000000000
   -2.261946711    1.193805208    0.000000000
   -2.199114858    1.193805208    0.000000000
   -2.136283004    1.193805208    0.000000000
   -2.073451151    1.193805208    0.000000000
   -2.010619298    1.193805208    0.000000000
   -1.947787445    1.193805208    0.000000000
   -1.884955592    1.193805208    0.000000000
   -1.822123739    1.193805208    0.000000000
   -1.759291886    1.193805208    0.000000000
   -1.696460033    1.193805208    0.000000000
   -1.633628180    1.193805208    0.000000000
   -1.570796327    1.193805208    0.000000000
   -1.507964474    1.193805208    0.000000000
   -1.445132621    1.193805208    0.000000000
   -1.382300768    1.193805208    0.000000000
   -1.319468915    1.193805208    0.000000000
   -1.256637061    1.193805208    0.000000000
   -1.193805208    1.193805208    0.000000000
   -1.130973355    1.193805208    0.000000000
   -1.068141502    1.193805208    0.000000000
   -1.005309649    1.193805208    0.000000000
   -0.942477796    1.193805208    0.000000000
   -0.879645943    1.193805208    0.000000000
   -0.816814090    1.193805208    0.000000000
   -0.753982237    1.193805208    0.000000000
   -0.691150384    1.193805208    0.000000000
   -0.628318531    1.193805208    0.000000000
   -0.565486678    1.193805208    0.000000000
   -0.502654825    1.193805208    0.000000000
   -0.439822972    1.193805208    0.000000000
   -0.376991118    1.193805208    0.000000000
   -0.314159265    1.193805208    0.000000000
   -0.251327412    1.193805208    0.000000000
   -0.188495559    1.193805208    0.000000000
   -0.125663706    1.193805208    0.000000000
   -0.062831853    1.193805208    0.000000000
    0.000000000    1.193805208    0.000000000
    0.062831853    1.193805208    0.000000000
    0.125663706    1.193805208    0.000000000
    0.188495559    1.193805208    0.000000000
    0.251327412    1.193805208    0.000000000
    0.314159265    1.193805208    0.000000000
    0.376991118    1.193805208    0.000000000
    0.439822972    1.193805208    0.000000000
    0.502654825    1.193805208    0.000000000
    0.565486678    1.193805208    0.000000000
    0.628318531    1.193805208    0.000000000
    0.691150384    1.193805208    0.000000000
    0.753982237    1.193805208    0.000000000
    0.816814090    1.193805208    0.000000000
    0.879645943    1.193805208    0.000000000
    0.942477796    1.193805208    0.000000000
    1.005309649    1.193805208    0.000000000
    1.068141502    1.193805208    0.000000000
    1.130973355    1.193805208    0.000000000
    1.193805208    1.193805208    0.000000000
    1.256637061    1.193805208    0.000000000
    1.319468915    1.193805208    0.000000000
    1.382300768    1.193805208    0.000000000
    1.445132621    1.193805208    0.000000000
    1.507964474    1.193805208    0.000000000
    1.570796327    1.193805208    0.000000000
    1.633628180    1.193805208    0.000000000
    1.696460033    1.193805208    0.000000000
    1.759291886    1.193805208    0.000000000
    1.822123739    1.193805208    0.000000000
    1.884955592    1.193805208    0.000000000
    1.947787445    1.193805208    0.000000000
    2.010619298    1.193805208    0.000000000
    2.073451151    1.193805208    0.000000000
    2.136283004    1.193805208    0.000000000
    2.199114858    1.193805208    0.000000000
    2.261946711    1.193805208    0.000000000
    2.324778564    1.193805208    0.000000000
    2.387610417    1.193805208    0.000000000
    2.450442270    1.193805208    0.000000000
    2.513274123    1.193805208    0.000000000
    2.576105976    1.193805208    0.000000000
    2.638937829    1.193805208    0.000000000
    2.701769682    1.193805208    0.000000000
    2.764601535    1.193805208    0.000000000
    2.827433388    1.193805208    0.000000000
    2.890265241    1.193805208    0.000000000
    2.953097094    1.193805208    0.000000000
    3.015928947    1.193805208    0.000000000
    3.078760801    1.193805208    0.000000000

   -3.141592654    1.256637061    0.000000000
   -3.078760801    1.256637061    0.000000000
   -3.015928947    1.256637061    0.000000000
   -2.953097094    1.256637061    0.000000000
   -2.890265241    1.256637061    0.000000000
   -2.827433388    1.256637061    0.000000000
   -2.764601535    1.256637061    0.000000000
   -2.701769682    1.256637061    0.000000000
   -2.638937829    1.256637061    0.000000000
   -2.576105976    1.256637061    0.000000000
   -2.513274123    1.256637061    0.000000000
   -2.450442270    1.256637061    0.000000000
   -2.387610417    1.256637061    0.000000000
   -2.324778564    1.256637061    0.000000000
   -2.261946711    1.256637061    0.000000000
   -2.199114858    1.256637061    0.000000000
   -2.136283004    1.256637061    0.000000000
   -2.073451151    1.256637061    0.000000000
   -2.010619298    1.256637061    0.000000000
   -1.947787445    1.256637061    0.000000000
   -1.884955592    1.256637061    0.000000000
   -1.822123739    1.256637061    0.000000000
   -1.759291886    1.256637061    0.000000000
   -1.696460033    1.256637061    0.000000000
   -1.633628180    1.256637061    0.000000000
   -1.570796327    1.256637061    0.000000000
   -1.507964474    1.256637061    0.000000000
   -1.445132621    1.256637061    0.000000000
   -1.382300768    1.256637061    0.000000000
   -1.319468915    1.256637061    0.000000000
   -1.256637061    1.256637061    0.000000000
   -1.193805208    1.256637061    0.000000000
   -1.130973355    1.256637061    0.000000000
   -1.068141502    1.256637061    0.000000000
   -1.005309649    1.256637061    0.000000000
   -0.942477796    1.256637061    0.000000000
   -0.879645943    1.256637061    0.000000000
   -0.816814090    1.256637061    0.000000000
   -0.753982237    1.256637061    0.000000000
   -0.691150384    1.256637061    0.000000000
   -0.628318531    1.256637061    0.000000000
   -0.565486678    1.256637061    0.000000000
   -0.502654825    1.256637061    0.000000000
   -0.439822972    1.256637061    0.000000000
   -0.376991118    1.256637061    0.000000000
   -0.314159265    1.256637061    0.000000000
   -0.251327412    1.256637061    0.000000000
   -0.188495559    1.256637061    0.000000000
   -0.125663706    1.256637061    0.000000000
   -0.062831853    1.256637061    0.000000000
    0.000000000    1.256637061    0.000000000
    0.062831853    1.256637061    0.000000000
    0.125663706    1.256637061    0.000000000
    0.188495559    1.256637061    0.000000000
    0.251327412    1.256637061    0.000000000
    0.314159265    1.256637061    0.000000000
    0.376991118    1.256637061    0.000000000
    0.439822972    1.256637061    0.000000000
    0.502654825    1.256637061    0.000000000
    0.565486678    1.256637061    0.000000000
    0.628318531    1.256637061    0.000000000
    0.691150384    1.256637061    0.000000000
    0.753982237    1.256637061    0.000000000
    0.816814090    1.256637061    0.000000000
    0.879645943    1.256637061    0.000000000
    0.942477796    1.256637061    0.000000000
    1.005309649    1.256637061    0.000000000
    1.068141502    1.256637061    0.000000000
    1.130973355    1.256637061    0.000000000
    1.193805208    1.256637061    0.000000000
    1.256637061    1.256637061    0.000000000
    1.319468915    1.256637061    0.000000000
    1.382300768    1.256637061    0.000000000
    1.445132621    1.256637061    0.000000000
    1.507964474    1.256637061    0.000000000
    1.570796327    1.256637061    0.000000000
    1.633628180    1.256637061    0.000000000
    1.696460033    1.256637061    0.000000000
    1.759291886    1.256637061    0.000000000
    1.822123739    1.256637061    0.000000000
    1.884955592    1.256637061    0.000000000
    1.947787445    1.256637061    0.000000000
    2.010619298    1.256637061    0.000000000
    2.073451151    1.256637061    0.000000000
    2.136283004    1.256637061    0.000000000
    2.199114858    1.256637061    0.000000000
    2.261946711    1.256637061    0.000000000
    2.324778564    1.256637061    0.000000000
    2.387610417    1.256637061    0.000000000
    2.450442270    1.256637061    0.000000000
    2.513274123    1.256637061    0.000000000
    2.576105976    1.256637061    0.000000000
    2.638937829    1.256637061    0.000000000
    2.701769682    1.256637061    0.000000000
    2.764601535    1.256637061    0.000000000
    2.827433388    1.256637061    0.000000000
    2.890265241    1.256637061    0.000000000
    2.953097094    1.256637061    0.000000000
    3.015928947    1.256637061    0.000000000
    3.078760801    1.256637061    0.000000000

   -3.141592654    1.319468915    0.000000000
   -3.078760801    1.319468915    0.000000000
   -3.015928947    1.319468915    0.000000000
   -2.953097094    1.319468915    0.000000000
   -2.890265241    1.319468915    0.000000000
   -2.827433388    1.319468915    0.000000000
   -2.764601535    1.319468915    0.000000000
   -2.701769682    1.319468915    0.000000000
   -2.638937829    1.319468915    0.000000000
   -2.576105976    1.319468915    0.000000000
   -2.513274123    1.319468915    0.000000000
   -2.450442270    1.319468915    0.000000000
   -2.387610417    1.319468915    0.000000000
   -2.324778564    1.319468915    0.000000000
   -2.261946711    1.319468915    0.000000000
   -2.199114858    1.319468915    0.000000000
   -2.136283004    1.319468915    0.000000000
   -2.073451151    1.319468915    0.000000000
   -2.010619298    1.319468915    0.000000000
   -1.947787445    1.319468915    0.000000000
   -1.884955592    1.319468915    0.000000000
   -1.822123739    1.319468915    0.000000000
   -1.759291886    1.319468915    0.000000000
   -1.696460033    1.319468915    0.000000000
   -1.633628180    1.319468915    0.000000000
   -1.570796327    1.319468915    0.000000000
   -1.507964474    1.319468915    0.000000000
   -1.445132621    1.319468915    0.000000000
   -1.382300768    1.319468915    0.000000000
   -1.319468915    1.319468915    0.000000000
   -1.256637061    1.319468915    0.000000000
   -1.193805208    1.319468915    0.000000000
   -1.130973355    1.319468915    0.000000000
   -1.068141502    1.319468915    0.000000000
   -1.005309649    1.319468915    0.000000000
   -0.942477796    1.319468915    0.000000000
   -0.879645943    1.319468915    0.000000000
   -0.816814090    1.319468915    0.000000000
   -0.753982237    1.319468915    0.000000000
   -0.691150384    1.319468915    0.000000000
   -0.628318531    1.319468915    0.000000000
   -0.565486678    1.319468915    0.000000000
   -0.502654825    1.319468915    0.000000000
   -0.439822972    1.319468915    0.000000000
   -0.376991118    1.319468915    0.000000000
   -0.314159265    1.319468915    0.000000000
   -0.251327412    1.319468915    0.000000000
   -0.188495559    1.319468915    0.000000000
   -0.125663706    1.319468915    0.000000000
   -0.062831853    1.319468915    0.000000000
    0.000000000    1.319468915    0.000000000
    0.062831853    1.319468915    0.000000000
    0.125663706    1.319468915    0.000000000
    0.188495559    1.319468915    0.000000000
    0.251327412    1.319468915    0.000000000
    0.314159265    1.319468915    0.000000000
    0.376991118    1.319468915    0.000000000
    0.439822972    1.319468915    0.000000000
    0.502654825    1.319468915    0.000000000
    0.565486678    1.319468915    0.000000000
    0.628318531    1.319468915    0.000000000
    0.691150384    1.319468915    0.000000000
    0.753982237    1.319468915    0.000000000
    0.816814090    1.319468915    0.000000000
    0.879645943    1.319468915    0.000000000
    0.942477796    1.319468915    0.000000000
    1.005309649    1.319468915    0.000000000
    1.068141502    1.319468915    0.000000000
    1.130973355    1.319468915    0.000000000
    1.193805208    1.319468915    0.000000000
    1.256637061    1.319468915    0.000000000
    1.319468915    1.319468915    0.000000000
    1.382300768    1.319468915    0.000000000
    1.445132621    1.319468915    0.000000000
    1.507964474    1.319468915    0.000000000
    1.570796327    1.319468915    0.000000000
    1.633628180    1.319468915    0.000000000
    1.696460033    1.319468915    0.000000000
    1.759291886    1.319468915    0.000000000
    1.822123739    1.319468915    0.000000000
    1.884955592    1.319468915    0.000000000
    1.947787445    1.319468915    0.000000000
    2.010619298    1.319468915    0.000000000
    2.073451151    1.319468915    0.000000000
    2.136283004    1.319468915    0.000000000
    2.199114858    1.319468915    0.000000000
    2.261946711    1.319468915    0.000000000
    2.324778564    1.319468915    0.000000000
    2.387610417    1.319468915    0.000000000
    2.450442270    1.319468915    0.000000000
    2.513274123    1.319468915    0.000000000
    2.576105976    1.319468915    0.000000000
    2.638937829    1.319468915    0.000000000
    2.701769682    1.319468915    0.000000000
    2.764601535    1.319468915    0.000000000
    2.827433388    1.319468915    0.000000000
    2.890265241    1.319468915    0.000000000
    2.953097094    1.319468915    0.000000000
    3.015928947    1.319468915    0.000000000
    3.078760801    1.319468915    0.000000000

   -3.141592654    1.382300768    0.000000000
   -3.078760801    1.382300768    0.000000000
   -3.015928947    1.382300768    0.000000000
   -2.953097094    1.382300768    0.000000000
   -2.890265241    1.382300768    0.000000000
   -2.827433388    1.382300768    0.000000000
   -2.764601535    1.382300768    0.000000000
   -2.701769682    1.382300768    0.000000000
   -2.638937829    1.382300768    0.000000000
   -2.576105976    1.382300768    0.000000000
   -2.513274123    1.382300768    0.000000000
   -2.450442270    1.382300768    0.000000000
   -2.387610417    1.382300768    0.000000000
   -2.324778564    1.382300768    0.000000000
   -2.261946711    1.382300768    0.000000000
   -2.199114858    1.382300768    0.000000000
   -2.136283004    1.382300768    0.000000000
   -2.073451151    1.382300768    0.000000000
   -2.010619298    1.382300768    0.000000000
   -1.947787445    1.382300768    0.000000000
   -1.884955592    1.382300768    0.000000000
   -1.822123739    1.382300768    0.000000000
   -1.759291886    1.382300768    0.000000000
   -1.696460033    1.382300768    0.000000000
   -1.633628180    1.382300768    0.000000000
   -1.570796327    1.382300768    0.000000000
   -1.507964474    1.382300768    0.000000000
   -1.445132621    1.382300768    0.000000000
   -1.382300768    1.382300768    0.000000000
   -1.319468915    1.382300768    0.000000000
   -1.256637061    1.382300768    0.000000000
   -1.193805208    1.382300768    0.000000000
   -1.130973355    1.382300768    0.000000000
   -1.068141502    1.382300768    0.000000000
   -1.005309649    1.382300768    0.000000000
   -0.942477796    1.382300768    0.000000000
   -0.879645943    1.382300768    0.000000000
   -0.816814090    1.382300768    0.000000000
   -0.753982237    1.382300768    0.000000000
   -0.691150384    1.382300768    0.000000000
   -0.628318531    1.382300768    0.000000000
   -0.565486678    1.382300768    0.000000000
   -0.502654825    1.382300768    0.000000000
   -0.439822972    1.382300768    0.000000000
   -0.376991118    1.382300768    0.000000000
   -0.314159265    1.382300768    0.000000000
   -0.251327412    1.382300768    0.000000000
   -0.188495559    1.382300768    0.000000000
   -0.125663706    1.382300768    0.000000000
   -0.062831853    1.382300768    0.000000000
    0.000000000    1.382300768    0.000000000
    0.062831853    1.382300768    0.000000000
    0.125663706    1.382300768    0.000000000
    0.188495559    1.382300768    0.000000000
    0.251327412    1.382300768    0.000000000
    0.314159265    1.382300768    0.000000000
    0.376991118    1.382300768    0.000000000
    0.439822972    1.382300768    0.000000000
    0.502654825    1.382300768    0.000000000
    0.565486678    1.382300768    0.000000000
    0.628318531    1.382300768    0.000000000
    0.691150384    1.382300768    0.000000000
    0.753982237    1.382300768    0.000000000
    0.816814090    1.382300768    0.000000000
    0.879645943    1.382300768    0.000000000
    0.942477796    1.382300768    0.000000000
    1.005309649    1.382300768    0.000000000
    1.068141502    1.382300768    0.000000000
    1.130973355    1.382300768    0.000000000
    1.193805208    1.382300768    0.000000000
    1.256637061    1.382300768    0.000000000
    1.319468915    1.382300768    0.000000000
    1.382300768    1.382300768    0.000000000
    1.445132621    1.382300768    0.000000000
    1.507964474    1.382300768    0.000000000
    1.570796327    1.382300768    0.000000000
    1.633628180    1.382300768    0.000000000
    1.696460033    1.382300768    0.000000000
    1.759291886    1.382300768    0.000000000
    1.822123739    1.382300768    0.000000000
    1.884955592    1.382300768    0.000000000
    1.947787445    1.382300768    0.000000000
    2.010619298    1.382300768    0.000000000
    2.073451151    1.382300768    0.000000000
    2.136283004    1.382300768    0.000000000
    2.199114858    1.382300768    0.000000000
    2.261946711    1.382300768    0.000000000
    2.324778564    1.382300768    0.000000000
    2.387610417    1.382300768    0.000000000
    2.450442270    1.382300768    0.000000000
    2.513274123    1.382300768    0.000000000
    2.576105976    1.382300768    0.000000000
    2.638937829    1.382300768    0.000000000
    2.701769682    1.382300768    0.000000000
    2.764601535    1.382300768    0.000000000
    2.827433388    1.382300768    0.000000000
    2.890265241    1.382300768    0.000000000
    2.953097094    1.382300768    0.000000000
    3.015928947    1.382300768    0.000000000
    3.078760801    1.382300768    0.000000000

   -3.141592654    1.445132621    0.000000000
   -3.078760801    1.445132621    0.000000000
   -3.015928947    1.445132621    0.000000000
   -2.953097094    1.445132621    0.000000000
   -2.890265241    1.445132621    0.000000000
   -2.827433388    1.445132621    0.000000000
   -2.764601535    1.445132621    0.000000000
   -2.701769682    1.445132621    0.000000000
   -2.638937829    1.445132621    0.000000000
   -2.576105976    1.445132621    0.000000000
   -2.513274123    1.445132621    0.000000000
   -2.450442270    1.445132621    0.000000000
   -2.387610417    1.445132621    0.000000000
   -2.324778564    1.445132621    0.000000000
   -2.261946711    1.445132621    0.000000000
   -2.199114858    1.445132621    0.000000000
   -2.136283004    1.445132621    0.000000000
   -2.073451151    1.445132621    0.000000000
   -2.010619298    1.445132621    0.000000000
   -1.947787445    1.445132621    0.000000000
   -1.884955592    1.445132621    0.000000000
   -1.822123739    1.445132621    0.000000000
   -1.759291886    1.445132621    0.000000000
   -1.696460033    1.445132621    0.000000000
   -1.633628180    1.445132621    0.000000000
   -1.570796327    1.445132621    0.000000000
   -1.507964474    1.445132621    0.000000000
   -1.445132621    1.445132621    0.000000000
   -1.382300768    1.445132621    0.000000000
   -1.319468915    1.445132621    0.000000000
   -1.256637061    1.445132621    0.000000000
   -1.193805208    1.445132621    0.000000000
   -1.130973355    1.445132621    0.000000000
   -1.068141502    1.445132621    0.000000000
   -1.005309649    1.445132621    0.000000000
   -0.942477796    1.445132621    0.000000000
   -0.879645943    1.445132621    0.000000000
   -0.816814090    1.445132621    0.000000000
   -0.753982237    1.445132621    0.000000000
   -0.691150384    1.445132621    0.000000000
   -0.628318531    1.445132621    0.000000000
   -0.565486678    1.445132621    0.000000000
   -0.502654825    1.445132621    0.000000000
   -0.439822972    1.445132621    0.000000000
   -0.376991118    1.445132621    0.000000000
   -0.314159265    1.445132621    0.000000000
   -0.251327412    1.445132621    0.000000000
   -0.188495559    1.445132621    0.000000000
   -0.125663706    1.445132621    0.000000000
   -0.062831853    1.445132621    0.000000000
    0.000000000    1.445132621    0.000000000
    0.062831853    1.445132621    0.000000000
    0.125663706    1.445132621    0.000000000
    0.188495559    1.445132621    0.000000000
    0.251327412    1.445132621    0.000000000
    0.314159265    1.445132621    0.000000000
    0.376991118    1.445132621    0.000000000
    0.439822972    1.445132621    0.000000000
    0.502654825    1.445132621    0.000000000
    0.565486678    1.445132621    0.000000000
    0.628318531    1.445132621    0.000000000
    0.691150384    1.445132621    0.000000000
    0.753982237    1.445132621    0.000000000
    0.816814090    1.445132621    0.000000000
    0.879645943    1.445132621    0.000000000
    0.942477796    1.445132621    0.000000000
    1.005309649    1.445132621    0.000000000
    1.068141502    1.445132621    0.000000000
    1.130973355    1.445132621    0.000000000
    1.193805208    1.445132621    0.000000000
    1.256637061    1.445132621    0.000000000
    1.319468915    1.445132621    0.000000000
    1.382300768    1.445132621    0.000000000
    1.445132621    1.445132621    0.000000000
    1.507964474    1.445132621    0.000000000
    1.570796327    1.445132621    0.000000000
    1.633628180    1.445132621    0.000000000
    1.696460033    1.445132621    0.000000000
    1.759291886    1.445132621    0.000000000
    1.822123739    1.445132621    0.000000000
    1.884955592    1.445132621    0.000000000
    1.947787445    1.445132621    0.000000000
    2.010619298    1.445132621    0.000000000
    2.073451151    1.445132621    0.000000000
    2.136283004    1.445132621    0.000000000
    2.199114858    1.445132621    0.000000000
    2.261946711    1.445132621    0.000000000
    2.324778564    1.445132621    0.000000000
    2.387610417    1.445132621    0.000000000
    2.450442270    1.445132621    0.000000000
    2.513274123    1.445132621    0.000000000
    2.576105976    1.445132621    0.000000000
    2.638937829    1.445132621    0.000000000
    2.701769682    1.445132621    0.000000000
    2.764601535    1.445132621    0.000000000
    2.827433388    1.445132621    0.000000000
    2.890265241    1.445132621    0.000000000
    2.953097094    1.445132621    0.000000000
    3.015928947    1.445132621    0.000000000
    3.078760801    1.445132621    0.000000000

   -3.141592654    1.507964474    0.000000000
   -3.078760801    1.507964474    0.000000000
   -3.015928947    1.507964474    0.000000000
   -2.953097094    1.507964474    0.000000000
   -2.890265241    1.507964474    0.000000000
   -2.827433388    1.507964474    0.000000000
   -2.764601535    1.507964474    0.000000000
   -2.701769682    1.507964474    0.000000000
   -2.638937829    1.507964474    0.000000000
   -2.576105976    1.507964474    0.000000000
   -2.513274123    1.507964474    0.000000000
   -2.450442270    1.507964474    0.000000000
   -2.387610417    1.507964474    0.000000000
   -2.324778564    1.507964474    0.000000000
   -2.261946711    1.507964474    0.000000000
   -2.199114858    1.507964474    0.000000000
   -2.136283004    1.507964474    0.000000000
   -2.073451151    1.507964474    0.000000000
   -2.010619298    1.507964474    0.000000000
   -1.947787445    1.507964474    0.000000000
   -1.884955592    1.507964474    0.000000000
   -1.822123739    1.507964474    0.000000000
   -1.759291886    1.507964474    0.000000000
   -1.696460033    1.507964474    0.000000000
   -1.633628180    1.507964474    0.000000000
   -1.570796327    1.507964474    0.000000000
   -1.507964474    1.507964474    0.000000000
   -1.445132621    1.507964474    0.000000000
   -1.382300768    1.507964474    0.000000000
   -1.319468915    1.507964474    0.000000000
   -1.256637061    1.507964474    0.000000000
   -1.193805208    1.507964474    0.000000000
   -1.130973355    1.507964474    0.000000000
   -1.068141502    1.507964474    0.000000000
   -1.005309649    1.507964474    0.000000000
   -0.942477796    1.507964474    0.000000000
   -0.879645943    1.507964474    0.000000000
   -0.816814090    1.507964474    0.000000000
   -0.753982237    1.507964474    0.000000000
   -0.691150384    1.507964474    0.000000000
   -0.628318531    1.507964474    0.000000000
   -0.565486678    1.507964474    0.000000000
   -0.502654825    1.507964474    0.000000000
   -0.439822972    1.507964474    0.000000000
   -0.376991118    1.507964474    0.000000000
   -0.314159265    1.507964474    0.000000000
   -0.251327412    1.507964474    0.000000000
   -0.188495559    1.507964474    0.000000000
   -0.125663706    1.507964474    0.000000000
   -0.062831853    1.507964474    0.000000000
    0.000000000    1.507964474    0.000000000
    0.062831853    1.507964474    0.000000000
    0.125663706    1.507964474    0.000000000
    0.188495559    1.507964474    0.000000000
    0.251327412    1.507964474    0.000000000
    0.314159265    1.507964474    0.000000000
    0.376991118    1.507964474    0.000000000
    0.439822972    1.507964474    0.000000000
    0.502654825    1.507964474    0.000000000
    0.565486678    1.507964474    0.000000000
    0.628318531    1.507964474    0.000000000
    0.691150384    1.507964474    0.000000000
    0.753982237    1.507964474    0.000000000
    0.816814090    1.507964474    0.000000000
    0.879645943    1.507964474    0.000000000
    0.942477796    1.507964474    0.000000000
    1.005309649    1.507964474    0.000000000
    1.068141502    1.507964474    0.000000000
    1.130973355    1.507964474    0.000000000
    1.193805208    1.507964474    0.000000000
    1.256637061    1.507964474    0.000000000
    1.319468915    1.507964474    0.000000000
    1.382300768    1.507964474    0.000000000
    1.445132621    1.507964474    0.000000000
    1.507964474    1.507964474    0.000000000
    1.570796327    1.507964474    0.000000000
    1.633628180    1.507964474    0.000000000
    1.696460033    1.507964474    0.000000000
    1.759291886    1.507964474    0.000000000
    1.822123739    1.507964474    0.000000000
    1.884955592    1.507964474    0.000000000
    1.947787445    1.507964474    0.000000000
    2.010619298    1.507964474    0.000000000
    2.073451151    1.507964474    0.000000000
    2.136283004    1.507964474    0.000000000
    2.199114858    1.507964474    0.000000000
    2.261946711    1.507964474    0.000000000
    2.324778564    1.507964474    0.000000000
    2.387610417    1.507964474    0.000000000
    2.450442270    1.507964474    0.000000000
    2.513274123    1.507964474    0.000000000
    2.576105976    1.507964474    0.000000000
    2.638937829    1.507964474    0.000000000
    2.701769682    1.507964474    0.000000000
    2.764601535    1.507964474    0.000000000
    2.827433388    1.507964474    0.000000000
    2.890265241    1.507964474    0.000000000
    2.953097094    1.507964474    0.000000000
    3.015928947    1.507964474    0.000000000
    3.078760801    1.507964474    0.000000000

   -3.141592654    1.570796327    0.000000000
   -3.078760801    1.570796327    0.000000000
   -3.015928947    1.570796327    0.000000000
   -2.953097094    1.570796327    0.000000000
   -2.890265241    1.570796327    0.000000000
   -2.827433388    1.570796327    0.000000000
   -2.764601535    1.570796327    0.000000000
   -2.701769682    1.570796327    0.000000000
   -2.638937829    1.570796327    0.000000000
   -2.576105976    1.570796327    0.000000000
   -2.513274123    1.570796327    0.000000000
   -2.450442270    1.570796327    0.000000000
   -2.387610417    1.570796327    0.000000000
   -2.324778564    1.570796327    0.000000000
   -2.261946711    1.570796327    0.000000000
   -2.199114858    1.570796327    0.000000000
   -2.136283004    1.570796327    0.000000000
   -2.073451151    1.570796327    0.000000000
   -2.010619298    1.570796327    0.000000000
   -1.947787445    1.570796327    0.000000000
   -1.884955592    1.570796327    0.000000000
   -1.822123739    1.570796327    0.000000000
   -1.759291886    1.570796327    0.000000000
   -1.696460033    1.570796327    0.000000000
   -1.633628180    1.570796327    0.000000000
   -1.570796327    1.570796327    0.000000000
   -1.507964474    1.570796327    0.000000000
   -1.445132621    1.570796327    0.000000000
   -1.382300768    1.570796327    0.000000000
   -1.319468915    1.570796327    0.000000000
   -1.256637061    1.570796327    0.000000000
   -1.193805208    1.570796327    0.000000000
   -1.130973355    1.570796327    0.000000000
   -1.068141502    1.570796327    0.000000000
   -1.005309649    1.570796327    0.000000000
   -0.942477796    1.570796327    0.000000000
   -0.879645943    1.570796327    0.000000000
   -0.816814090    1.570796327    0.000000000
   -0.753982237    1.570796327    0.000000000
   -0.691150384    1.570796327    0.000000000
   -0.628318531    1.570796327    0.000000000
   -0.565486678    1.570796327    0.000000000
   -0.502654825    1.570796327    0.000000000
   -0.439822972    1.570796327    0.000000000
   -0.376991118    1.570796327    0.000000000
   -0.314159265    1.570796327    0.000000000
   -0.251327412    1.570796327    0.000000000
   -0.188495559    1.570796327    0.000000000
   -0.125663706    1.570796327    0.000000000
   -0.062831853    1.570796327    0.000000000
    0.000000000    1.570796327    0.000000000
    0.062831853    1.570796327    0.000000000
    0.125663706    1.570796327    0.000000000
    0.188495559    1.570796327    0.000000000
    0.251327412    1.570796327    0.000000000
    0.314159265    1.570796327    0.000000000
    0.376991118    1.570796327    0.000000000
    0.439822972    1.570796327    0.000000000
    0.502654825    1.570796327    0.000000000
    0.565486678    1.570796327    0.000000000
    0.628318531    1.570796327    0.000000000
    0.691150384    1.570796327    0.000000000
    0.753982237    1.570796327    0.000000000
    0.816814090    1.570796327    0.000000000
    0.879645943    1.570796327    0.000000000
    0.942477796    1.570796327    0.000000000
    1.005309649    1.570796327    0.000000000
    1.068141502    1.570796327    0.000000000
    1.130973355    1.570796327    0.000000000
    1.193805208    1.570796327    0.000000000
    1.256637061    1.570796327    0.000000000
    1.319468915    1.570796327    0.000000000
    1.382300768    1.570796327    0.000000000
    1.445132621    1.570796327    0.000000000
    1.507964474    1.570796327    0.000000000
    1.570796327    1.570796327    0.000000000
    1.633628180    1.570796327    0.000000000
    1.696460033    1.570796327    0.000000000
    1.759291886    1.570796327    0.000000000
    1.822123739    1.570796327    0.000000000
    1.884955592    1.570796327    0.000000000
    1.947787445    1.570796327    0.000000000
    2.010619298    1.570796327    0.000000000
    2.073451151    1.570796327    0.000000000
    2.136283004    1.570796327    0.000000000
    2.199114858    1.570796327    0.000000000
    2.261946711    1.570796327    0.000000000
    2.324778564    1.570796327    0.000000000
    2.387610417    1.570796327    0.000000000
    2.450442270    1.570796327    0.000000000
    2.513274123    1.570796327    0.000000000
    2.576105976    1.570796327    0.000000000
    2.638937829    1.570796327    0.000000000
    2.701769682    1.570796327    0.000000000
    2.764601535    1.570796327    0.000000000
    2.827433388    1.570796327    0.000000000
    2.890265241    1.570796327    0.000000000
    2.953097094    1.570796327    0.000000000
    3.015928947    1.570796327    0.000000000
    3.078760801    1.570796327    0.000000000

   -3.141592654    1.633628180    0.000000000
   -3.078760801    1.633628180    0.000000000
   -3.015928947    1.633628180    0.000000000
   -2.953097094    1.633628180    0.000000000
   -2.890265241    1.633628180    0.000000000
   -2.827433388    1.633628180    0.000000000
   -2.764601535    1.633628180    0.000000000
   -2.701769682    1.633628180    0.000000000
   -2.638937829    1.633628180    0.000000000
   -2.576105976    1.633628180    0.000000000
   -2.513274123    1.633628180    0.000000000
   -2.450442270    1.633628180    0.000000000
   -2.387610417    1.633628180    0.000000000
   -2.324778564    1.633628180    0.000000000
   -2.261946711    1.633628180    0.000000000
   -2.199114858    1.633628180    0.000000000
   -2.136283004    1.633628180    0.000000000
   -2.073451151    1.633628180    0.000000000
   -2.010619298    1.633628180    0.000000000
   -1.947787445    1.633628180    0.000000000
   -1.884955592    1.633628180    0.000000000
   -1.822123739    1.633628180    0.000000000
   -1.759291886    1.633628180    0.000000000
   -1.696460033    1.633628180    0.000000000
   -1.633628180    1.633628180    0.000000000
   -1.570796327    1.633628180    0.000000000
   -1.507964474    1.633628180    0.000000000
   -1.445132621    1.633628180    0.000000000
   -1.382300768    1.633628180    0.000000000
   -1.319468915    1.633628180    0.000000000
   -1.256637061    1.633628180    0.000000000
   -1.193805208    1.633628180    0.000000000
   -1.130973355    1.633628180    0.000000000
   -1.068141502    1.633628180    0.000000000
   -1.005309649    1.633628180    0.000000000
   -0.942477796    1.633628180    0.000000000
   -0.879645943    1.633628180    0.000000000
   -0.816814090    1.633628180    0.000000000
   -0.753982237    1.633628180    0.000000000
   -0.691150384    1.633628180    0.000000000
   -0.628318531    1.633628180    0.000000000
   -0.565486678    1.633628180    0.000000000
   -0.502654825    1.633628180    0.000000000
   -0.439822972    1.633628180    0.000000000
   -0.376991118    1.633628180    0.000000000
   -0.314159265    1.633628180    0.000000000
   -0.251327412    1.633628180    0.000000000
   -0.188495559    1.633628180    0.000000000
   -0.125663706    1.633628180    0.000000000
   -0.062831853    1.633628180    0.000000000
    0.000000000    1.633628180    0.000000000
    0.062831853    1.633628180    0.000000000
    0.125663706    1.633628180    0.000000000
    0.188495559    1.633628180    0.000000000
    0.251327412    1.633628180    0.000000000
    0.314159265    1.633628180    0.000000000
    0.376991118    1.633628180    0.000000000
    0.439822972    1.633628180    0.000000000
    0.502654825    1.633628180    0.000000000
    0.565486678    1.633628180    0.000000000
    0.628318531    1.633628180    0.000000000
    0.691150384    1.633628180    0.000000000
    0.753982237    1.633628180    0.000000000
    0.816814090    1.633628180    0.000000000
    0.879645943    1.633628180    0.000000000
    0.942477796    1.633628180    0.000000000
    1.005309649    1.633628180    0.000000000
    1.068141502    1.633628180    0.000000000
    1.130973355    1.633628180    0.000000000
    1.193805208    1.633628180    0.000000000
    1.256637061    1.633628180    0.000000000
    1.319468915    1.633628180    0.000000000
    1.382300768    1.633628180    0.000000000
    1.445132621    1.633628180    0.000000000
    1.507964474    1.633628180    0.000000000
    1.570796327    1.633628180    0.000000000
    1.633628180    1.633628180    0.000000000
    1.696460033    1.633628180    0.000000000
    1.759291886    1.633628180    0.000000000
    1.822123739    1.633628180    0.000000000
    1.884955592    1.633628180    0.000000000
    1.947787445    1.633628180    0.000000000
    2.010619298    1.633628180    0.000000000
    2.073451151    1.633628180    0.000000000
    2.136283004    1.633628180    0.000000000
    2.199114858    1.633628180    0.000000000
    2.261946711    1.633628180    0.000000000
    2.324778564    1.633628180    0.000000000
    2.387610417    1.633628180    0.000000000
    2.450442270    1.633628180    0.000000000
    2.513274123    1.633628180    0.000000000
    2.576105976    1.633628180    0.000000000
    2.638937829    1.633628180    0.000000000
    2.701769682    1.633628180    0.000000000
    2.764601535    1.633628180    0.000000000
    2.827433388    1.633628180    0.000000000
    2.890265241    1.633628180    0.000000000
    2.953097094    1.633628180    0.000000000
    3.015928947    1.633628180    0.000000000
    3.078760801    1.633628180    0.000000000

   -3.141592654    1.696460033    0.000000000
   -3.078760801    1.696460033    0.000000000
   -3.015928947    1.696460033    0.000000000
   -2.953097094    1.696460033    0.000000000
   -2.890265241    1.696460033    0.000000000
   -2.827433388    1.696460033    0.000000000
   -2.764601535    1.696460033    0.000000000
   -2.701769682    1.696460033    0.000000000
   -2.638937829    1.696460033    0.000000000
   -2.576105976    1.696460033    0.000000000
   -2.513274123    1.696460033    0.000000000
   -2.450442270    1.696460033    0.000000000
   -2.387610417    1.696460033    0.000000000
   -2.324778564    1.696460033    0.000000000
   -2.261946711    1.696460033    0.000000000
   -2.199114858    1.696460033    0.000000000
   -2.136283004    1.696460033    0.000000000
   -2.073451151    1.696460033    0.000000000
   -2.010619298    1.696460033    0.000000000
   -1.947787445    1.696460033    0.000000000
   -1.884955592    1.696460033    0.000000000
   -1.822123739    1.696460033    0.000000000
   -1.759291886    1.696460033    0.000000000
   -1.696460033    1.696460033    0.000000000
   -1.633628180    1.696460033    0.000000000
   -1.570796327    1.696460033    0.000000000
   -1.507964474    1.696460033    0.000000000
   -1.445132621    1.696460033    0.000000000
   -1.382300768    1.696460033    0.000000000
   -1.319468915    1.696460033    0.000000000
   -1.256637061    1.696460033    0.000000000
   -1.193805208    1.696460033    0.000000000
   -1.130973355    1.696460033    0.000000000
   -1.068141502    1.696460033    0.000000000
   -1.005309649    1.696460033    0.000000000
   -0.942477796    1.696460033    0.000000000
   -0.879645943    1.696460033    0.000000000
   -0.816814090    1.696460033    0.000000000
   -0.753982237    1.696460033    0.000000000
   -0.691150384    1.696460033    0.000000000
   -0.628318531    1.696460033    0.000000000
   -0.565486678    1.696460033    0.000000000
   -0.502654825    1.696460033    0.000000000
   -0.439822972    1.696460033    0.000000000
   -0.376991118    1.696460033    0.000000000
   -0.314159265    1.696460033    0.000000000
   -0.251327412    1.696460033    0.000000000
   -0.188495559    1.696460033    0.000000000
   -0.125663706    1.696460033    0.000000000
   -0.062831853    1.696460033    0.000000000
    0.000000000    1.696460033    0.000000000
    0.062831853    1.696460033    0.000000000
    0.125663706    1.696460033    0.000000000
    0.188495559    1.696460033    0.000000000
    0.251327412    1.696460033    0.000000000
    0.314159265    1.696460033    0.000000000
    0.376991118    1.696460033    0.000000000
    0.439822972    1.696460033    0.000000000
    0.502654825    1.696460033    0.000000000
    0.565486678    1.696460033    0.000000000
    0.628318531    1.696460033    0.000000000
    0.691150384    1.696460033    0.000000000
    0.753982237    1.696460033    0.000000000
    0.816814090    1.696460033    0.000000000
    0.879645943    1.696460033    0.000000000
    0.942477796    1.696460033    0.000000000
    1.005309649    1.696460033    0.000000000
    1.068141502    1.696460033    0.000000000
    1.130973355    1.696460033    0.000000000
    1.193805208    1.696460033    0.000000000
    1.256637061    1.696460033    0.000000000
    1.319468915    1.696460033    0.000000000
    1.382300768    1.696460033    0.000000000
    1.445132621    1.696460033    0.000000000
    1.507964474    1.696460033    0.000000000
    1.570796327    1.696460033    0.000000000
    1.633628180    1.696460033    0.000000000
    1.696460033    1.696460033    0.000000000
    1.759291886    1.696460033    0.000000000
    1.822123739    1.696460033    0.000000000
    1.884955592    1.696460033    0.000000000
    1.947787445    1.696460033    0.000000000
    2.010619298    1.696460033    0.000000000
    2.073451151    1.696460033    0.000000000
    2.136283004    1.696460033    0.000000000
    2.199114858    1.696460033    0.000000000
    2.261946711    1.696460033    0.000000000
    2.324778564    1.696460033    0.000000000
    2.387610417    1.696460033    0.000000000
    2.450442270    1.696460033    0.000000000
    2.513274123    1.696460033    0.000000000
    2.576105976    1.696460033    0.000000000
    2.638937829    1.696460033    0.000000000
    2.701769682    1.696460033    0.000000000
    2.764601535    1.696460033    0.000000000
    2.827433388    1.696460033    0.000000000
    2.890265241    1.696460033    0.000000000
    2.953097094    1.696460033    0.000000000
    3.015928947    1.696460033    0.000000000
    3.078760801    1.696460033    0.000000000

   -3.141592654    1.759291886    0.000000000
   -3.078760801    1.759291886    0.000000000
   -3.015928947    1.759291886    0.000000000
   -2.953097094    1.759291886    0.000000000
   -2.890265241    1.759291886    0.000000000
   -2.827433388    1.759291886    0.000000000
   -2.764601535    1.759291886    0.000000000
   -2.701769682    1.759291886    0.000000000
   -2.638937829    1.759291886    0.000000000
   -2.576105976    1.759291886    0.000000000
   -2.513274123    1.759291886    0.000000000
   -2.450442270    1.759291886    0.000000000
   -2.387610417    1.759291886    0.000000000
   -2.324778564    1.759291886    0.000000000
   -2.261946711    1.759291886    0.000000000
   -2.199114858    1.759291886    0.000000000
   -2.136283004    1.759291886    0.000000000
   -2.073451151    1.759291886    0.000000000
   -2.010619298    1.759291886    0.000000000
   -1.947787445    1.759291886    0.000000000
   -1.884955592    1.759291886    0.000000000
   -1.822123739    1.759291886    0.000000000
   -1.759291886    1.759291886    0.000000000
   -1.696460033    1.759291886    0.000000000
   -1.633628180    1.759291886    0.000000000
   -1.570796327    1.759291886    0.000000000
   -1.507964474    1.759291886    0.000000000
   -1.445132621    1.759291886    0.000000000
   -1.382300768    1.759291886    0.000000000
   -1.319468915    1.759291886    0.000000000
   -1.256637061    1.759291886    0.000000000
   -1.193805208    1.759291886    0.000000000
   -1.130973355    1.759291886    0.000000000
   -1.068141502    1.759291886    0.000000000
   -1.005309649    1.759291886    0.000000000
   -0.942477796    1.759291886    0.000000000
   -0.879645943    1.759291886    0.000000000
   -0.816814090    1.759291886    0.000000000
   -0.753982237    1.759291886    0.000000000
   -0.691150384    1.759291886    0.000000000
   -0.628318531    1.759291886    0.000000000
   -0.565486678    1.759291886    0.000000000
   -0.502654825    1.759291886    0.000000000
   -0.439822972    1.759291886    0.000000000
   -0.376991118    1.759291886    0.000000000
   -0.314159265    1.759291886    0.000000000
   -0.251327412    1.759291886    0.000000000
   -0.188495559    1.759291886    0.000000000
   -0.125663706    1.759291886    0.000000000
   -0.062831853    1.759291886    0.000000000
    0.000000000    1.759291886    0.000000000
    0.062831853    1.759291886    0.000000000
    0.125663706    1.759291886    0.000000000
    0.188495559    1.759291886    0.000000000
    0.251327412    1.759291886    0.000000000
    0.314159265    1.759291886    0.000000000
    0.376991118    1.759291886    0.000000000
    0.439822972    1.759291886    0.000000000
    0.502654825    1.759291886    0.000000000
    0.565486678    1.759291886    0.000000000
    0.628318531    1.759291886    0.000000000
    0.691150384    1.759291886    0.000000000
    0.753982237    1.759291886    0.000000000
    0.816814090    1.759291886    0.000000000
    0.879645943    1.759291886    0.000000000
    0.942477796    1.759291886    0.000000000
    1.005309649    1.759291886    0.000000000
    1.068141502    1.759291886    0.000000000
    1.130973355    1.759291886    0.000000000
    1.193805208    1.759291886    0.000000000
    1.256637061    1.759291886    0.000000000
    1.319468915    1.759291886    0.000000000
    1.382300768    1.759291886    0.000000000
    1.445132621    1.759291886    0.000000000
    1.507964474    1.759291886    0.000000000
    1.570796327    1.759291886    0.000000000
    1.633628180    1.759291886    0.000000000
    1.696460033    1.759291886    0.000000000
    1.759291886    1.759291886    0.000000000
    1.822123739    1.759291886    0.000000000
    1.884955592    1.759291886    0.000000000
    1.947787445    1.759291886    0.000000000
    2.010619298    1.759291886    0.000000000
    2.073451151    1.759291886    0.000000000
    2.136283004    1.759291886    0.000000000
    2.199114858    1.759291886    0.000000000
    2.261946711    1.759291886    0.000000000
    2.324778564    1.759291886    0.000000000
    2.387610417    1.759291886    0.000000000
    2.450442270    1.759291886    0.000000000
    2.513274123    1.759291886    0.000000000
    2.576105976    1.759291886    0.000000000
    2.638937829    1.759291886    0.000000000
    2.701769682    1.759291886    0.000000000
    2.764601535    1.759291886    0.000000000
    2.827433388    1.759291886    0.000000000
    2.890265241    1.759291886    0.000000000
    2.953097094    1.759291886    0.000000000
    3.015928947    1.759291886    0.000000000
    3.078760801    1.759291886    0.000000000

   -3.141592654    1.822123739    0.000000000
   -3.078760801    1.822123739    0.000000000
   -3.015928947    1.822123739    0.000000000
   -2.953097094    1.822123739    0.000000000
   -2.890265241    1.822123739    0.000000000
   -2.827433388    1.822123739    0.000000000
   -2.764601535    1.822123739    0.000000000
   -2.701769682    1.822123739    0.000000000
   -2.638937829    1.822123739    0.000000000
   -2.576105976    1.822123739    0.000000000
   -2.513274123    1.822123739    0.000000000
   -2.450442270    1.822123739    0.000000000
   -2.387610417    1.822123739    0.000000000
   -2.324778564    1.822123739    0.000000000
   -2.261946711    1.822123739    0.000000000
   -2.199114858    1.822123739    0.000000000
   -2.136283004    1.822123739    0.000000000
   -2.073451151    1.822123739    0.000000000
   -2.010619298    1.822123739    0.000000000
   -1.947787445    1.822123739    0.000000000
   -1.884955592    1.822123739    0.000000000
   -1.822123739    1.822123739    0.000000000
   -1.759291886    1.822123739    0.000000000
   -1.696460033    1.822123739    0.000000000
   -1.633628180    1.822123739    0.000000000
   -1.570796327    1.822123739    0.000000000
   -1.507964474    1.822123739    0.000000000
   -1.445132621    1.822123739    0.000000000
   -1.382300768    1.822123739    0.000000000
   -1.319468915    1.822123739    0.000000000
   -1.256637061    1.822123739    0.000000000
   -1.193805208    1.822123739    0.000000000
   -1.130973355    1.822123739    0.000000000
   -1.068141502    1.822123739    0.000000000
   -1.005309649    1.822123739    0.000000000
   -0.942477796    1.822123739    0.000000000
   -0.879645943    1.822123739    0.000000000
   -0.816814090    1.822123739    0.000000000
   -0.753982237    1.822123739    0.000000000
   -0.691150384    1.822123739    0.000000000
   -0.628318531    1.822123739    0.000000000
   -0.565486678    1.822123739    0.000000000
   -0.502654825    1.822123739    0.000000000
   -0.439822972    1.822123739    0.000000000
   -0.376991118    1.822123739    0.000000000
   -0.314159265    1.822123739    0.000000000
   -0.251327412    1.822123739    0.000000000
   -0.188495559    1.822123739    0.000000000
   -0.125663706    1.822123739    0.000000000
   -0.062831853    1.822123739    0.000000000
    0.000000000    1.822123739    0.000000000
    0.062831853    1.822123739    0.000000000
    0.125663706    1.822123739    0.000000000
    0.188495559    1.822123739    0.000000000
    0.251327412    1.822123739    0.000000000
    0.314159265    1.822123739    0.000000000
    0.376991118    1.822123739    0.000000000
    0.439822972    1.822123739    0.000000000
    0.502654825    1.822123739    0.000000000
    0.565486678    1.822123739    0.000000000
    0.628318531    1.822123739    0.000000000
    0.691150384    1.822123739    0.000000000
    0.753982237    1.822123739    0.000000000
    0.816814090    1.822123739    0.000000000
    0.879645943    1.822123739    0.000000000
    0.942477796    1.822123739    0.000000000
    1.005309649    1.822123739    0.000000000
    1.068141502    1.822123739    0.000000000
    1.130973355    1.822123739    0.000000000
    1.193805208    1.822123739    0.000000000
    1.256637061    1.822123739    0.000000000
    1.319468915    1.822123739    0.000000000
    1.382300768    1.822123739    0.000000000
    1.445132621    1.822123739    0.000000000
    1.507964474    1.822123739    0.000000000
    1.570796327    1.822123739    0.000000000
    1.633628180    1.822123739    0.000000000
    1.696460033    1.822123739    0.000000000
    1.759291886    1.822123739    0.000000000
    1.822123739    1.822123739    0.000000000
    1.884955592    1.822123739    0.000000000
    1.947787445    1.822123739    0.000000000
    2.010619298    1.822123739    0.000000000
    2.073451151    1.822123739    0.000000000
    2.136283004    1.822123739    0.000000000
    2.199114858    1.822123739    0.000000000
    2.261946711    1.822123739    0.000000000
    2.324778564    1.822123739    0.000000000
    2.387610417    1.822123739    0.000000000
    2.450442270    1.822123739    0.000000000
    2.513274123    1.822123739    0.000000000
    2.576105976    1.822123739    0.000000000
    2.638937829    1.822123739    0.000000000
    2.701769682    1.822123739    0.000000000
    2.764601535    1.822123739    0.000000000
    2.827433388    1.822123739    0.000000000
    2.890265241    1.822123739    0.000000000
    2.953097094    1.822123739    0.000000000
    3.015928947    1.822123739    0.000000000
    3.078760801    1.822123739    0.000000000

   -3.141592654    1.884955592    0.000000000
   -3.078760801    1.884955592    0.000000000
   -3.015928947    1.884955592    0.000000000
   -2.953097094    1.884955592    0.000000000
   -2.890265241    1.884955592    0.000000000
   -2.827433388    1.884955592    0.000000000
   -2.764601535    1.884955592    0.000000000
   -2.701769682    1.884955592    0.000000000
   -2.638937829    1.884955592    0.000000000
   -2.576105976    1.884955592    0.000000000
   -2.513274123    1.884955592    0.000000000
   -2.450442270    1.884955592    0.000000000
   -2.387610417    1.884955592    0.000000000
   -2.324778564    1.884955592    0.000000000
   -2.261946711    1.884955592    0.000000000
   -2.199114858    1.884955592    0.000000000
   -2.136283004    1.884955592    0.000000000
   -2.073451151    1.884955592    0.000000000
   -2.010619298    1.884955592    0.000000000
   -1.947787445    1.884955592    0.000000000
   -1.884955592    1.884955592    0.000000000
   -1.822123739    1.884955592    0.000000000
   -1.759291886    1.884955592    0.000000000
   -1.696460033    1.884955592    0.000000000
   -1.633628180    1.884955592    0.000000000
   -1.570796327    1.884955592    0.000000000
   -1.507964474    1.884955592    0.000000000
   -1.445132621    1.884955592    0.000000000
   -1.382300768    1.884955592    0.000000000
   -1.319468915    1.884955592    0.000000000
   -1.256637061    1.884955592    0.000000000
   -1.193805208    1.884955592    0.000000000
   -1.130973355    1.884955592    0.000000000
   -1.068141502    1.884955592    0.000000000
   -1.005309649    1.884955592    0.000000000
   -0.942477796    1.884955592    0.000000000
   -0.879645943    1.884955592    0.000000000
   -0.816814090    1.884955592    0.000000000
   -0.753982237    1.884955592    0.000000000
   -0.691150384    1.884955592    0.000000000
   -0.628318531    1.884955592    0.000000000
   -0.565486678    1.884955592    0.000000000
   -0.502654825    1.884955592    0.000000000
   -0.439822972    1.884955592    0.000000000
   -0.376991118    1.884955592    0.000000000
   -0.314159265    1.884955592    0.000000000
   -0.251327412    1.884955592    0.000000000
   -0.188495559    1.884955592    0.000000000
   -0.125663706    1.884955592    0.000000000
   -0.062831853    1.884955592    0.000000000
    0.000000000    1.884955592    0.000000000
    0.062831853    1.884955592    0.000000000
    0.125663706    1.884955592    0.000000000
    0.188495559    1.884955592    0.000000000
    0.251327412    1.884955592    0.000000000
    0.314159265    1.884955592    0.000000000
    0.376991118    1.884955592    0.000000000
    0.439822972    1.884955592    0.000000000
    0.502654825    1.884955592    0.000000000
    0.565486678    1.884955592    0.000000000
    0.628318531    1.884955592    0.000000000
    0.691150384    1.884955592    0.000000000
    0.753982237    1.884955592    0.000000000
    0.816814090    1.884955592    0.000000000
    0.879645943    1.884955592    0.000000000
    0.942477796    1.884955592    0.000000000
    1.005309649    1.884955592    0.000000000
    1.068141502    1.884955592    0.000000000
    1.130973355    1.884955592    0.000000000
    1.193805208    1.884955592    0.000000000
    1.256637061    1.884955592    0.000000000
    1.319468915    1.884955592    0.000000000
    1.382300768    1.884955592    0.000000000
    1.445132621    1.884955592    0.000000000
    1.507964474    1.884955592    0.000000000
    1.570796327    1.884955592    0.000000000
    1.633628180    1.884955592    0.000000000
    1.696460033    1.884955592    0.000000000
    1.759291886    1.884955592    0.000000000
    1.822123739    1.884955592    0.000000000
    1.884955592    1.884955592    0.000000000
    1.947787445    1.884955592    0.000000000
    2.010619298    1.884955592    0.000000000
    2.073451151    1.884955592    0.000000000
    2.136283004    1.884955592    0.000000000
    2.199114858    1.884955592    0.000000000
    2.261946711    1.884955592    0.000000000
    2.324778564    1.884955592    0.000000000
    2.387610417    1.884955592    0.000000000
    2.450442270    1.884955592    0.000000000
    2.513274123    1.884955592    0.000000000
    2.576105976    1.884955592    0.000000000
    2.638937829    1.884955592    0.000000000
    2.701769682    1.884955592    0.000000000
    2.764601535    1.884955592    0.000000000
    2.827433388    1.884955592    0.000000000
    2.890265241    1.884955592    0.000000000
    2.953097094    1.884955592    0.000000000
    3.015928947    1.884955592    0.000000000
    3.078760801    1.884955592    0.000000000

   -3.141592654    1.947787445    0.000000000
   -3.078760801    1.947787445    0.000000000
   -3.015928947    1.947787445    0.000000000
   -2.953097094    1.947787445    0.000000000
   -2.890265241    1.947787445    0.000000000
   -2.827433388    1.947787445    0.000000000
   -2.764601535    1.947787445    0.000000000
   -2.701769682    1.947787445    0.000000000
   -2.638937829    1.947787445    0.000000000
   -2.576105976    1.947787445    0.000000000
   -2.513274123    1.947787445    0.000000000
   -2.450442270    1.947787445    0.000000000
   -2.387610417    1.947787445    0.000000000
   -2.324778564    1.947787445    0.000000000
   -2.261946711    1.947787445    0.000000000
   -2.199114858    1.947787445    0.000000000
   -2.136283004    1.947787445    0.000000000
   -2.073451151    1.947787445    0.000000000
   -2.010619298    1.947787445    0.000000000
   -1.947787445    1.947787445    0.000000000
   -1.884955592    1.947787445    0.000000000
   -1.822123739    1.947787445    0.000000000
   -1.759291886    1.947787445    0.000000000
   -1.696460033    1.947787445    0.000000000
   -1.633628180    1.947787445    0.000000000
   -1.570796327    1.947787445    0.000000000
   -1.507964474    1.947787445    0.000000000
   -1.445132621    1.947787445    0.000000000
   -1.382300768    1.947787445    0.000000000
   -1.319468915    1.947787445    0.000000000
   -1.256637061    1.947787445    0.000000000
   -1.193805208    1.947787445    0.000000000
   -1.130973355    1.947787445    0.000000000
   -1.068141502    1.947787445    0.000000000
   -1.005309649    1.947787445    0.000000000
   -0.942477796    1.947787445    0.000000000
   -0.879645943    1.947787445    0.000000000
   -0.816814090    1.947787445    0.000000000
   -0.753982237    1.947787445    0.000000000
   -0.691150384    1.947787445    0.000000000
   -0.628318531    1.947787445    0.000000000
   -0.565486678    1.947787445    0.000000000
   -0.502654825    1.947787445    0.000000000
   -0.439822972    1.947787445    0.000000000
   -0.376991118    1.947787445    0.000000000
   -0.314159265    1.947787445    0.000000000
   -0.251327412    1.947787445    0.000000000
   -0.188495559    1.947787445    0.000000000
   -0.125663706    1.947787445    0.000000000
   -0.062831853    1.947787445    0.000000000
    0.000000000    1.947787445    0.000000000
    0.062831853    1.947787445    0.000000000
    0.125663706    1.947787445    0.000000000
    0.188495559    1.947787445    0.000000000
    0.251327412    1.947787445    0.000000000
    0.314159265    1.947787445    0.000000000
    0.376991118    1.947787445    0.000000000
    0.439822972    1.947787445    0.000000000
    0.502654825    1.947787445    0.000000000
    0.565486678    1.947787445    0.000000000
    0.628318531    1.947787445    0.000000000
    0.691150384    1.947787445    0.000000000
    0.753982237    1.947787445    0.000000000
    0.816814090    1.947787445    0.000000000
    0.879645943    1.947787445    0.000000000
    0.942477796    1.947787445    0.000000000
    1.005309649    1.947787445    0.000000000
    1.068141502    1.947787445    0.000000000
    1.130973355    1.947787445    0.000000000
    1.193805208    1.947787445    0.000000000
    1.256637061    1.947787445    0.000000000
    1.319468915    1.947787445    0.000000000
    1.382300768    1.947787445    0.000000000
    1.445132621    1.947787445    0.000000000
    1.507964474    1.947787445    0.000000000
    1.570796327    1.947787445    0.000000000
    1.633628180    1.947787445    0.000000000
    1.696460033    1.947787445    0.000000000
    1.759291886    1.947787445    0.000000000
    1.822123739    1.947787445    0.000000000
    1.884955592    1.947787445    0.000000000
    1.947787445    1.947787445    0.000000000
    2.010619298    1.947787445    0.000000000
    2.073451151    1.947787445    0.000000000
    2.136283004    1.947787445    0.000000000
    2.199114858    1.947787445    0.000000000
    2.261946711    1.947787445    0.000000000
    2.324778564    1.947787445    0.000000000
    2.387610417    1.947787445    0.000000000
    2.450442270    1.947787445    0.000000000
    2.513274123    1.947787445    0.000000000
    2.576105976    1.947787445    0.000000000
    2.638937829    1.947787445    0.000000000
    2.701769682    1.947787445    0.000000000
    2.764601535    1.947787445    0.000000000
    2.827433388    1.947787445    0.000000000
    2.890265241    1.947787445    0.000000000
    2.953097094    1.947787445    0.000000000
    3.015928947    1.947787445    0.000000000
    3.078760801    1.947787445    0.000000000

   -3.141592654    2.010619298    0.000000000
   -3.078760801    2.010619298    0.000000000
   -3.015928947    2.010619298    0.000000000
   -2.953097094    2.010619298    0.000000000
   -2.890265241    2.010619298    0.000000000
   -2.827433388    2.010619298    0.000000000
   -2.764601535    2.010619298    0.000000000
   -2.701769682    2.010619298    0.000000000
   -2.638937829    2.010619298    0.000000000
   -2.576105976    2.010619298    0.000000000
   -2.513274123    2.010619298    0.000000000
   -2.450442270    2.010619298    0.000000000
   -2.387610417    2.010619298    0.000000000
   -2.324778564    2.010619298    0.000000000
   -2.261946711    2.010619298    0.000000000
   -2.199114858    2.010619298    0.000000000
   -2.136283004    2.010619298    0.000000000
   -2.073451151    2.010619298    0.000000000
   -2.010619298    2.010619298    0.000000000
   -1.947787445    2.010619298    0.000000000
   -1.884955592    2.010619298    0.000000000
   -1.822123739    2.010619298    0.000000000
   -1.759291886    2.010619298    0.000000000
   -1.696460033    2.010619298    0.000000000
   -1.633628180    2.010619298    0.000000000
   -1.570796327    2.010619298    0.000000000
   -1.507964474    2.010619298    0.000000000
   -1.445132621    2.010619298    0.000000000
   -1.382300768    2.010619298    0.000000000
   -1.319468915    2.010619298    0.000000000
   -1.256637061    2.010619298    0.000000000
   -1.193805208    2.010619298    0.000000000
   -1.130973355    2.010619298    0.000000000
   -1.068141502    2.010619298    0.000000000
   -1.005309649    2.010619298    0.000000000
   -0.942477796    2.010619298    0.000000000
   -0.879645943    2.010619298    0.000000000
   -0.816814090    2.010619298    0.000000000
   -0.753982237    2.010619298    0.000000000
   -0.691150384    2.010619298    0.000000000
   -0.628318531    2.010619298    0.000000000
   -0.565486678    2.010619298    0.000000000
   -0.502654825    2.010619298    0.000000000
   -0.439822972    2.010619298    0.000000000
   -0.376991118    2.010619298    0.000000000
   -0.314159265    2.010619298    0.000000000
   -0.251327412    2.010619298    0.000000000
   -0.188495559    2.010619298    0.000000000
   -0.125663706    2.010619298    0.000000000
   -0.062831853    2.010619298    0.000000000
    0.000000000    2.010619298    0.000000000
    0.062831853    2.010619298    0.000000000
    0.125663706    2.010619298    0.000000000
    0.188495559    2.010619298    0.000000000
    0.251327412    2.010619298    0.000000000
    0.314159265    2.010619298    0.000000000
    0.376991118    2.010619298    0.000000000
    0.439822972    2.010619298    0.000000000
    0.502654825    2.010619298    0.000000000
    0.565486678    2.010619298    0.000000000
    0.628318531    2.010619298    0.000000000
    0.691150384    2.010619298    0.000000000
    0.753982237    2.010619298    0.000000000
    0.816814090    2.010619298    0.000000000
    0.879645943    2.010619298    0.000000000
    0.942477796    2.010619298    0.000000000
    1.005309649    2.010619298    0.000000000
    1.068141502    2.010619298    0.000000000
    1.130973355    2.010619298    0.000000000
    1.193805208    2.010619298    0.000000000
    1.256637061    2.010619298    0.000000000
    1.319468915    2.010619298    0.000000000
    1.382300768    2.010619298    0.000000000
    1.445132621    2.010619298    0.000000000
    1.507964474    2.010619298    0.000000000
    1.570796327    2.010619298    0.000000000
    1.633628180    2.010619298    0.000000000
    1.696460033    2.010619298    0.000000000
    1.759291886    2.010619298    0.000000000
    1.822123739    2.010619298    0.000000000
    1.884955592    2.010619298    0.000000000
    1.947787445    2.010619298    0.000000000
    2.010619298    2.010619298    0.000000000
    2.073451151    2.010619298    0.000000000
    2.136283004    2.010619298    0.000000000
    2.199114858    2.010619298    0.000000000
    2.261946711    2.010619298    0.000000000
    2.324778564    2.010619298    0.000000000
    2.387610417    2.010619298    0.000000000
    2.450442270    2.010619298    0.000000000
    2.513274123    2.010619298    0.000000000
    2.576105976    2.010619298    0.000000000
    2.638937829    2.010619298    0.000000000
    2.701769682    2.010619298    0.000000000
    2.764601535    2.010619298    0.000000000
    2.827433388    2.010619298    0.000000000
    2.890265241    2.010619298    0.000000000
    2.953097094    2.010619298    0.000000000
    3.015928947    2.010619298    0.000000000
    3.078760801    2.010619298    0.000000000

   -3.141592654    2.073451151    0.000000000
   -3.078760801    2.073451151    0.000000000
   -3.015928947    2.073451151    0.000000000
   -2.953097094    2.073451151    0.000000000
   -2.890265241    2.073451151    0.000000000
   -2.827433388    2.073451151    0.000000000
   -2.764601535    2.073451151    0.000000000
   -2.701769682    2.073451151    0.000000000
   -2.638937829    2.073451151    0.000000000
   -2.576105976    2.073451151    0.000000000
   -2.513274123    2.073451151    0.000000000
   -2.450442270    2.073451151    0.000000000
   -2.387610417    2.073451151    0.000000000
   -2.324778564    2.073451151    0.000000000
   -2.261946711    2.073451151    0.000000000
   -2.199114858    2.073451151    0.000000000
   -2.136283004    2.073451151    0.000000000
   -2.073451151    2.073451151    0.000000000
   -2.010619298    2.073451151    0.000000000
   -1.947787445    2.073451151    0.000000000
   -1.884955592    2.073451151    0.000000000
   -1.822123739    2.073451151    0.000000000
   -1.759291886    2.073451151    0.000000000
   -1.696460033    2.073451151    0.000000000
   -1.633628180    2.073451151    0.000000000
   -1.570796327    2.073451151    0.000000000
   -1.507964474    2.073451151    0.000000000
   -1.445132621    2.073451151    0.000000000
   -1.382300768    2.073451151    0.000000000
   -1.319468915    2.073451151    0.000000000
   -1.256637061    2.073451151    0.000000000
   -1.193805208    2.073451151    0.000000000
   -1.130973355    2.073451151    0.000000000
   -1.068141502    2.073451151    0.000000000
   -1.005309649    2.073451151    0.000000000
   -0.942477796    2.073451151    0.000000000
   -0.879645943    2.073451151    0.000000000
   -0.816814090    2.073451151    0.000000000
   -0.753982237    2.073451151    0.000000000
   -0.691150384    2.073451151    0.000000000
   -0.628318531    2.073451151    0.000000000
   -0.565486678    2.073451151    0.000000000
   -0.502654825    2.073451151    0.000000000
   -0.439822972    2.073451151    0.000000000
   -0.376991118    2.073451151    0.000000000
   -0.314159265    2.073451151    0.000000000
   -0.251327412    2.073451151    0.000000000
   -0.188495559    2.073451151    0.000000000
   -0.125663706    2.073451151    0.000000000
   -0.062831853    2.073451151    0.000000000
    0.000000000    2.073451151    0.000000000
    0.062831853    2.073451151    0.000000000
    0.125663706    2.073451151    0.000000000
    0.188495559    2.073451151    0.000000000
    0.251327412    2.073451151    0.000000000
    0.314159265    2.073451151    0.000000000
    0.376991118    2.073451151    0.000000000
    0.439822972    2.073451151    0.000000000
    0.502654825    2.073451151    0.000000000
    0.565486678    2.073451151    0.000000000
    0.628318531    2.073451151    0.000000000
    0.691150384    2.073451151    0.000000000
    0.753982237    2.073451151    0.000000000
    0.816814090    2.073451151    0.000000000
    0.879645943    2.073451151    0.000000000
    0.942477796    2.073451151    0.000000000
    1.005309649    2.073451151    0.000000000
    1.068141502    2.073451151    0.000000000
    1.130973355    2.073451151    0.000000000
    1.193805208    2.073451151    0.000000000
    1.256637061    2.073451151    0.000000000
    1.319468915    2.073451151    0.000000000
    1.382300768    2.073451151    0.000000000
    1.445132621    2.073451151    0.000000000
    1.507964474    2.073451151    0.000000000
    1.570796327    2.073451151    0.000000000
    1.633628180    2.073451151    0.000000000
    1.696460033    2.073451151    0.000000000
    1.759291886    2.073451151    0.000000000
    1.822123739    2.073451151    0.000000000
    1.884955592    2.073451151    0.000000000
    1.947787445    2.073451151    0.000000000
    2.010619298    2.073451151    0.000000000
    2.073451151    2.073451151    0.000000000
    2.136283004    2.073451151    0.000000000
    2.199114858    2.073451151    0.000000000
    2.261946711    2.073451151    0.000000000
    2.324778564    2.073451151    0.000000000
    2.387610417    2.073451151    0.000000000
    2.450442270    2.073451151    0.000000000
    2.513274123    2.073451151    0.000000000
    2.576105976    2.073451151    0.000000000
    2.638937829    2.073451151    0.000000000
    2.701769682    2.073451151    0.000000000
    2.764601535    2.073451151    0.000000000
    2.827433388    2.073451151    0.000000000
    2.890265241    2.073451151    0.000000000
    2.953097094    2.073451151    0.000000000
    3.015928947    2.073451151    0.000000000
    3.078760801    2.073451151    0.000000000

   -3.141592654    2.136283004    0.000000000
   -3.078760801    2.136283004    0.000000000
   -3.015928947    2.136283004    0.000000000
   -2.953097094    2.136283004    0.000000000
   -2.890265241    2.136283004    0.000000000
   -2.827433388    2.136283004    0.000000000
   -2.764601535    2.136283004    0.000000000
   -2.701769682    2.136283004    0.000000000
   -2.638937829    2.136283004    0.000000000
   -2.576105976    2.136283004    0.000000000
   -2.513274123    2.136283004    0.000000000
   -2.450442270    2.136283004    0.000000000
   -2.387610417    2.136283004    0.000000000
   -2.324778564    2.136283004    0.000000000
   -2.261946711    2.136283004    0.000000000
   -2.199114858    2.136283004    0.000000000
   -2.136283004    2.136283004    0.000000000
   -2.073451151    2.136283004    0.000000000
   -2.010619298    2.136283004    0.000000000
   -1.947787445    2.136283004    0.000000000
   -1.884955592    2.136283004    0.000000000
   -1.822123739    2.136283004    0.000000000
   -1.759291886    2.136283004    0.000000000
   -1.696460033    2.136283004    0.000000000
   -1.633628180    2.136283004    0.000000000
   -1.570796327    2.136283004    0.000000000
   -1.507964474    2.136283004    0.000000000
   -1.445132621    2.136283004    0.000000000
   -1.382300768    2.136283004    0.000000000
   -1.319468915    2.136283004    0.000000000
   -1.256637061    2.136283004    0.000000000
   -1.193805208    2.136283004    0.000000000
   -1.130973355    2.136283004    0.000000000
   -1.068141502    2.136283004    0.000000000
   -1.005309649    2.136283004    0.000000000
   -0.942477796    2.136283004    0.000000000
   -0.879645943    2.136283004    0.000000000
   -0.816814090    2.136283004    0.000000000
   -0.753982237    2.136283004    0.000000000
   -0.691150384    2.136283004    0.000000000
   -0.628318531    2.136283004    0.000000000
   -0.565486678    2.136283004    0.000000000
   -0.502654825    2.136283004    0.000000000
   -0.439822972    2.136283004    0.000000000
   -0.376991118    2.136283004    0.000000000
   -0.314159265    2.136283004    0.000000000
   -0.251327412    2.136283004    0.000000000
   -0.188495559    2.136283004    0.000000000
   -0.125663706    2.136283004    0.000000000
   -0.062831853    2.136283004    0.000000000
    0.000000000    2.136283004    0.000000000
    0.062831853    2.136283004    0.000000000
    0.125663706    2.136283004    0.000000000
    0.188495559    2.136283004    0.000000000
    0.251327412    2.136283004    0.000000000
    0.314159265    2.136283004    0.000000000
    0.376991118    2.136283004    0.000000000
    0.439822972    2.136283004    0.000000000
    0.502654825    2.136283004    0.000000000
    0.565486678    2.136283004    0.000000000
    0.628318531    2.136283004    0.000000000
    0.691150384    2.136283004    0.000000000
    0.753982237    2.136283004    0.000000000
    0.816814090    2.136283004    0.000000000
    0.879645943    2.136283004    0.000000000
    0.942477796    2.136283004    0.000000000
    1.005309649    2.136283004    0.000000000
    1.068141502    2.136283004    0.000000000
    1.130973355    2.136283004    0.000000000
    1.193805208    2.136283004    0.000000000
    1.256637061    2.136283004    0.000000000
    1.319468915    2.136283004    0.000000000
    1.382300768    2.136283004    0.000000000
    1.445132621    2.136283004    0.000000000
    1.507964474    2.136283004    0.000000000
    1.570796327    2.136283004    0.000000000
    1.633628180    2.136283004    0.000000000
    1.696460033    2.136283004    0.000000000
    1.759291886    2.136283004    0.000000000
    1.822123739    2.136283004    0.000000000
    1.884955592    2.136283004    0.000000000
    1.947787445    2.136283004    0.000000000
    2.010619298    2.136283004    0.000000000
    2.073451151    2.136283004    0.000000000
    2.136283004    2.136283004    0.000000000
    2.199114858    2.136283004    0.000000000
    2.261946711    2.136283004    0.000000000
    2.324778564    2.136283004    0.000000000
    2.387610417    2.136283004    0.000000000
    2.450442270    2.136283004    0.000000000
    2.513274123    2.136283004    0.000000000
    2.576105976    2.136283004    0.000000000
    2.638937829    2.136283004    0.000000000
    2.701769682    2.136283004    0.000000000
    2.764601535    2.136283004    0.000000000
    2.827433388    2.136283004    0.000000000
    2.890265241    2.136283004    0.000000000
    2.953097094    2.136283004    0.000000000
    3.015928947    2.136283004    0.000000000
    3.078760801    2.136283004    0.000000000

   -3.141592654    2.199114858    0.000000000
   -3.078760801    2.199114858    0.000000000
   -3.015928947    2.199114858    0.000000000
   -2.953097094    2.199114858    0.000000000
   -2.890265241    2.199114858    0.000000000
   -2.827433388    2.199114858    0.000000000
   -2.764601535    2.199114858    0.000000000
   -2.701769682    2.199114858    0.000000000
   -2.638937829    2.199114858    0.000000000
   -2.576105976    2.199114858    0.000000000
   -2.513274123    2.199114858    0.000000000
   -2.450442270    2.199114858    0.000000000
   -2.387610417    2.199114858    0.000000000
   -2.324778564    2.199114858    0.000000000
   -2.261946711    2.199114858    0.000000000
   -2.199114858    2.199114858    0.000000000
   -2.136283004    2.199114858    0.000000000
   -2.073451151    2.199114858    0.000000000
   -2.010619298    2.199114858    0.000000000
   -1.947787445    2.199114858    0.000000000
   -1.884955592    2.199114858    0.000000000
   -1.822123739    2.199114858    0.000000000
   -1.759291886    2.199114858    0.000000000
   -1.696460033    2.199114858    0.000000000
   -1.633628180    2.199114858    0.000000000
   -1.570796327    2.199114858    0.000000000
   -1.507964474    2.199114858    0.000000000
   -1.445132621    2.199114858    0.000000000
   -1.382300768    2.199114858    0.000000000
   -1.319468915    2.199114858    0.000000000
   -1.256637061    2.199114858    0.000000000
   -1.193805208    2.199114858    0.000000000
   -1.130973355    2.199114858    0.000000000
   -1.068141502    2.199114858    0.000000000
   -1.005309649    2.199114858    0.000000000
   -0.942477796    2.199114858    0.000000000
   -0.879645943    2.199114858    0.000000000
   -0.816814090    2.199114858    0.000000000
   -0.753982237    2.199114858    0.000000000
   -0.691150384    2.199114858    0.000000000
   -0.628318531    2.199114858    0.000000000
   -0.565486678    2.199114858    0.000000000
   -0.502654825    2.199114858    0.000000000
   -0.439822972    2.199114858    0.000000000
   -0.376991118    2.199114858    0.000000000
   -0.314159265    2.199114858    0.000000000
   -0.251327412    2.199114858    0.000000000
   -0.188495559    2.199114858    0.000000000
   -0.125663706    2.199114858    0.000000000
   -0.062831853    2.199114858    0.000000000
    0.000000000    2.199114858    0.000000000
    0.062831853    2.199114858    0.000000000
    0.125663706    2.199114858    0.000000000
    0.188495559    2.199114858    0.000000000
    0.251327412    2.199114858    0.000000000
    0.314159265    2.199114858    0.000000000
    0.376991118    2.199114858    0.000000000
    0.439822972    2.199114858    0.000000000
    0.502654825    2.199114858    0.000000000
    0.565486678    2.199114858    0.000000000
    0.628318531    2.199114858    0.000000000
    0.691150384    2.199114858    0.000000000
    0.753982237    2.199114858    0.000000000
    0.816814090    2.199114858    0.000000000
    0.879645943    2.199114858    0.000000000
    0.942477796    2.199114858    0.000000000
    1.005309649    2.199114858    0.000000000
    1.068141502    2.199114858    0.000000000
    1.130973355    2.199114858    0.000000000
    1.193805208    2.199114858    0.000000000
    1.256637061    2.199114858    0.000000000
    1.319468915    2.199114858    0.000000000
    1.382300768    2.199114858    0.000000000
    1.445132621    2.199114858    0.000000000
    1.507964474    2.199114858    0.000000000
    1.570796327    2.199114858    0.000000000
    1.633628180    2.199114858    0.000000000
    1.696460033    2.199114858    0.000000000
    1.759291886    2.199114858    0.000000000
    1.822123739    2.199114858    0.000000000
    1.884955592    2.199114858    0.000000000
    1.947787445    2.199114858    0.000000000
    2.010619298    2.199114858    0.000000000
    2.073451151    2.199114858    0.000000000
    2.136283004    2.199114858    0.000000000
    2.199114858    2.199114858    0.000000000
    2.261946711    2.199114858    0.000000000
    2.324778564    2.199114858    0.000000000
    2.387610417    2.199114858    0.000000000
    2.450442270    2.199114858    0.000000000
    2.513274123    2.199114858    0.000000000
    2.576105976    2.199114858    0.000000000
    2.638937829    2.199114858    0.000000000
    2.701769682    2.199114858    0.000000000
    2.764601535    2.199114858    0.000000000
    2.827433388    2.199114858    0.000000000
    2.890265241    2.199114858    0.000000000
    2.953097094    2.199114858    0.000000000
    3.015928947    2.199114858    0.000000000
    3.078760801    2.199114858    0.000000000

   -3.141592654    2.261946711    0.000000000
   -3.078760801    2.261946711    0.000000000
   -3.015928947    2.261946711    0.000000000
   -2.953097094    2.261946711    0.000000000
   -2.890265241    2.261946711    0.000000000
   -2.827433388    2.261946711    0.000000000
   -2.764601535    2.261946711    0.000000000
   -2.701769682    2.261946711    0.000000000
   -2.638937829    2.261946711    0.000000000
   -2.576105976    2.261946711    0.000000000
   -2.513274123    2.261946711    0.000000000
   -2.450442270    2.261946711    0.000000000
   -2.387610417    2.261946711    0.000000000
   -2.324778564    2.261946711    0.000000000
   -2.261946711    2.261946711    0.000000000
   -2.199114858    2.261946711    0.000000000
   -2.136283004    2.261946711    0.000000000
   -2.073451151    2.261946711    0.000000000
   -2.010619298    2.261946711    0.000000000
   -1.947787445    2.261946711    0.000000000
   -1.884955592    2.261946711    0.000000000
   -1.822123739    2.261946711    0.000000000
   -1.759291886    2.261946711    0.000000000
   -1.696460033    2.261946711    0.000000000
   -1.633628180    2.261946711    0.000000000
   -1.570796327    2.261946711    0.000000000
   -1.507964474    2.261946711    0.000000000
   -1.445132621    2.261946711    0.000000000
   -1.382300768    2.261946711    0.000000000
   -1.319468915    2.261946711    0.000000000
   -1.256637061    2.261946711    0.000000000
   -1.193805208    2.261946711    0.000000000
   -1.130973355    2.261946711    0.000000000
   -1.068141502    2.261946711    0.000000000
   -1.005309649    2.261946711    0.000000000
   -0.942477796    2.261946711    0.000000000
   -0.879645943    2.261946711    0.000000000
   -0.816814090    2.261946711    0.000000000
   -0.753982237    2.261946711    0.000000000
   -0.691150384    2.261946711    0.000000000
   -0.628318531    2.261946711    0.000000000
   -0.565486678    2.261946711    0.000000000
   -0.502654825    2.261946711    0.000000000
   -0.439822972    2.261946711    0.000000000
   -0.376991118    2.261946711    0.000000000
   -0.314159265    2.261946711    0.000000000
   -0.251327412    2.261946711    0.000000000
   -0.188495559    2.261946711    0.000000000
   -0.125663706    2.261946711    0.000000000
   -0.062831853    2.261946711    0.000000000
    0.000000000    2.261946711    0.000000000
    0.062831853    2.261946711    0.000000000
    0.125663706    2.261946711    0.000000000
    0.188495559    2.261946711    0.000000000
    0.251327412    2.261946711    0.000000000
    0.314159265    2.261946711    0.000000000
    0.376991118    2.261946711    0.000000000
    0.439822972    2.261946711    0.000000000
    0.502654825    2.261946711    0.000000000
    0.565486678    2.261946711    0.000000000
    0.628318531    2.261946711    0.000000000
    0.691150384    2.261946711    0.000000000
    0.753982237    2.261946711    0.000000000
    0.816814090    2.261946711    0.000000000
    0.879645943    2.261946711    0.000000000
    0.942477796    2.261946711    0.000000000
    1.005309649    2.261946711    0.000000000
    1.068141502    2.261946711    0.000000000
    1.130973355    2.261946711    0.000000000
    1.193805208    2.261946711    0.000000000
    1.256637061    2.261946711    0.000000000
    1.319468915    2.261946711    0.000000000
    1.382300768    2.261946711    0.000000000
    1.445132621    2.261946711    0.000000000
    1.507964474    2.261946711    0.000000000
    1.570796327    2.261946711    0.000000000
    1.633628180    2.261946711    0.000000000
    1.696460033    2.261946711    0.000000000
    1.759291886    2.261946711    0.000000000
    1.822123739    2.261946711    0.000000000
    1.884955592    2.261946711    0.000000000
    1.947787445    2.261946711    0.000000000
    2.010619298    2.261946711    0.000000000
    2.073451151    2.261946711    0.000000000
    2.136283004    2.261946711    0.000000000
    2.199114858    2.261946711    0.000000000
    2.261946711    2.261946711    0.000000000
    2.324778564    2.261946711    0.000000000
    2.387610417    2.261946711    0.000000000
    2.450442270    2.261946711    0.000000000
    2.513274123    2.261946711    0.000000000
    2.576105976    2.261946711    0.000000000
    2.638937829    2.261946711    0.000000000
    2.701769682    2.261946711    0.000000000
    2.764601535    2.261946711    0.000000000
    2.827433388    2.261946711    0.000000000
    2.890265241    2.261946711    0.000000000
    2.953097094    2.261946711    0.000000000
    3.015928947    2.261946711    0.000000000
    3.078760801    2.261946711    0.000000000

   -3.141592654    2.324778564    0.000000000
   -3.078760801    2.324778564    0.000000000
   -3.015928947    2.324778564    0.000000000
   -2.953097094    2.324778564    0.000000000
   -2.890265241    2.324778564    0.000000000
   -2.827433388    2.324778564    0.000000000
   -2.764601535    2.324778564    0.000000000
   -2.701769682    2.324778564    0.000000000
   -2.638937829    2.324778564    0.000000000
   -2.576105976    2.324778564    0.000000000
   -2.513274123    2.324778564    0.000000000
   -2.450442270    2.324778564    0.000000000
   -2.387610417    2.324778564    0.000000000
   -2.324778564    2.324778564    0.000000000
   -2.261946711    2.324778564    0.000000000
   -2.199114858    2.324778564    0.000000000
   -2.136283004    2.324778564    0.000000000
   -2.073451151    2.324778564    0.000000000
   -2.010619298    2.324778564    0.000000000
   -1.947787445    2.324778564    0.000000000
   -1.884955592    2.324778564    0.000000000
   -1.822123739    2.324778564    0.000000000
   -1.759291886    2.324778564    0.000000000
   -1.696460033    2.324778564    0.000000000
   -1.633628180    2.324778564    0.000000000
   -1.570796327    2.324778564    0.000000000
   -1.507964474    2.324778564    0.000000000
   -1.445132621    2.324778564    0.000000000
   -1.382300768    2.324778564    0.000000000
   -1.319468915    2.324778564    0.000000000
   -1.256637061    2.324778564    0.000000000
   -1.193805208    2.324778564    0.000000000
   -1.130973355    2.324778564    0.000000000
   -1.068141502    2.324778564    0.000000000
   -1.005309649    2.324778564    0.000000000
   -0.942477796    2.324778564    0.000000000
   -0.879645943    2.324778564    0.000000000
   -0.816814090    2.324778564    0.000000000
   -0.753982237    2.324778564    0.000000000
   -0.691150384    2.324778564    0.000000000
   -0.628318531    2.324778564    0.000000000
   -0.565486678    2.324778564    0.000000000
   -0.502654825    2.324778564    0.000000000
   -0.439822972    2.324778564    0.000000000
   -0.376991118    2.324778564    0.000000000
   -0.314159265    2.324778564    0.000000000
   -0.251327412    2.324778564    0.000000000
   -0.188495559    2.324778564    0.000000000
   -0.125663706    2.324778564    0.000000000
   -0.062831853    2.324778564    0.000000000
    0.000000000    2.324778564    0.000000000
    0.062831853    2.324778564    0.000000000
    0.125663706    2.324778564    0.000000000
    0.188495559    2.324778564    0.000000000
    0.251327412    2.324778564    0.000000000
    0.314159265    2.324778564    0.000000000
    0.376991118    2.324778564    0.000000000
    0.439822972    2.324778564    0.000000000
    0.502654825    2.324778564    0.000000000
    0.565486678    2.324778564    0.000000000
    0.628318531    2.324778564    0.000000000
    0.691150384    2.324778564    0.000000000
    0.753982237    2.324778564    0.000000000
    0.816814090    2.324778564    0.000000000
    0.879645943    2.324778564    0.000000000
    0.942477796    2.324778564    0.000000000
    1.005309649    2.324778564    0.000000000
    1.068141502    2.324778564    0.000000000
    1.130973355    2.324778564    0.000000000
    1.193805208    2.324778564    0.000000000
    1.256637061    2.324778564    0.000000000
    1.319468915    2.324778564    0.000000000
    1.382300768    2.324778564    0.000000000
    1.445132621    2.324778564    0.000000000
    1.507964474    2.324778564    0.000000000
    1.570796327    2.324778564    0.000000000
    1.633628180    2.324778564    0.000000000
    1.696460033    2.324778564    0.000000000
    1.759291886    2.324778564    0.000000000
    1.822123739    2.324778564    0.000000000
    1.884955592    2.324778564    0.000000000
    1.947787445    2.324778564    0.000000000
    2.010619298    2.324778564    0.000000000
    2.073451151    2.324778564    0.000000000
    2.136283004    2.324778564    0.000000000
    2.199114858    2.324778564    0.000000000
    2.261946711    2.324778564    0.000000000
    2.324778564    2.324778564    0.000000000
    2.387610417    2.324778564    0.000000000
    2.450442270    2.324778564    0.000000000
    2.513274123    2.324778564    0.000000000
    2.576105976    2.324778564    0.000000000
    2.638937829    2.324778564    0.000000000
    2.701769682    2.324778564    0.000000000
    2.764601535    2.324778564    0.000000000
    2.827433388    2.324778564    0.000000000
    2.890265241    2.324778564    0.000000000
    2.953097094    2.324778564    0.000000000
    3.015928947    2.324778564    0.000000000
    3.078760801    2.324778564    0.000000000

   -3.141592654    2.387610417    0.000000000
   -3.078760801    2.387610417    0.000000000
   -3.015928947    2.387610417    0.000000000
   -2.953097094    2.387610417    0.000000000
   -2.890265241    2.387610417    0.000000000
   -2.827433388    2.387610417    0.000000000
   -2.764601535    2.387610417    0.000000000
   -2.701769682    2.387610417    0.000000000
   -2.638937829    2.387610417    0.000000000
   -2.576105976    2.387610417    0.000000000
   -2.513274123    2.387610417    0.000000000
   -2.450442270    2.387610417    0.000000000
   -2.387610417    2.387610417    0.000000000
   -2.324778564    2.387610417    0.000000000
   -2.261946711    2.387610417    0.000000000
   -2.199114858    2.387610417    0.000000000
   -2.136283004    2.387610417    0.000000000
   -2.073451151    2.387610417    0.000000000
   -2.010619298    2.387610417    0.000000000
   -1.947787445    2.387610417    0.000000000
   -1.884955592    2.387610417    0.000000000
   -1.822123739    2.387610417    0.000000000
   -1.759291886    2.387610417    0.000000000
   -1.696460033    2.387610417    0.000000000
   -1.633628180    2.387610417    0.000000000
   -1.570796327    2.387610417    0.000000000
   -1.507964474    2.387610417    0.000000000
   -1.445132621    2.387610417    0.000000000
   -1.382300768    2.387610417    0.000000000
   -1.319468915    2.387610417    0.000000000
   -1.256637061    2.387610417    0.000000000
   -1.193805208    2.387610417    0.000000000
   -1.130973355    2.387610417    0.000000000
   -1.068141502    2.387610417    0.000000000
   -1.005309649    2.387610417    0.000000000
   -0.942477796    2.387610417    0.000000000
   -0.879645943    2.387610417    0.000000000
   -0.816814090    2.387610417    0.000000000
   -0.753982237    2.387610417    0.000000000
   -0.691150384    2.387610417    0.000000000
   -0.628318531    2.387610417    0.000000000
   -0.565486678    2.387610417    0.000000000
   -0.502654825    2.387610417    0.000000000
   -0.439822972    2.387610417    0.000000000
   -0.376991118    2.387610417    0.000000000
   -0.314159265    2.387610417    0.000000000
   -0.251327412    2.387610417    0.000000000
   -0.188495559    2.387610417    0.000000000
   -0.125663706    2.387610417    0.000000000
   -0.062831853    2.387610417    0.000000000
    0.000000000    2.387610417    0.000000000
    0.062831853    2.387610417    0.000000000
    0.125663706    2.387610417    0.000000000
    0.188495559    2.387610417    0.000000000
    0.251327412    2.387610417    0.000000000
    0.314159265    2.387610417    0.000000000
    0.376991118    2.387610417    0.000000000
    0.439822972    2.387610417    0.000000000
    0.502654825    2.387610417    0.000000000
    0.565486678    2.387610417    0.000000000
    0.628318531    2.387610417    0.000000000
    0.691150384    2.387610417    0.000000000
    0.753982237    2.387610417    0.000000000
    0.816814090    2.387610417    0.000000000
    0.879645943    2.387610417    0.000000000
    0.942477796    2.387610417    0.000000000
    1.005309649    2.387610417    0.000000000
    1.068141502    2.387610417    0.000000000
    1.130973355    2.387610417    0.000000000
    1.193805208    2.387610417    0.000000000
    1.256637061    2.387610417    0.000000000
    1.319468915    2.387610417    0.000000000
    1.382300768    2.387610417    0.000000000
    1.445132621    2.387610417    0.000000000
    1.507964474    2.387610417    0.000000000
    1.570796327    2.387610417    0.000000000
    1.633628180    2.387610417    0.000000000
    1.696460033    2.387610417    0.000000000
    1.759291886    2.387610417    0.000000000
    1.822123739    2.387610417    0.000000000
    1.884955592    2.387610417    0.000000000
    1.947787445    2.387610417    0.000000000
    2.010619298    2.387610417    0.000000000
    2.073451151    2.387610417    0.000000000
    2.136283004    2.387610417    0.000000000
    2.199114858    2.387610417    0.000000000
    2.261946711    2.387610417    0.000000000
    2.324778564    2.387610417    0.000000000
    2.387610417    2.387610417    0.000000000
    2.450442270    2.387610417    0.000000000
    2.513274123    2.387610417    0.000000000
    2.576105976    2.387610417    0.000000000
    2.638937829    2.387610417    0.000000000
    2.701769682    2.387610417    0.000000000
    2.764601535    2.387610417    0.000000000
    2.827433388    2.387610417    0.000000000
    2.890265241    2.387610417    0.000000000
    2.953097094    2.387610417    0.000000000
    3.015928947    2.387610417    0.000000000
    3.078760801    2.387610417    0.000000000

   -3.141592654    2.450442270    0.000000000
   -3.078760801    2.450442270    0.000000000
   -3.015928947    2.450442270    0.000000000
   -2.953097094    2.450442270    0.000000000
   -2.890265241    2.450442270    0.000000000
   -2.827433388    2.450442270    0.000000000
   -2.764601535    2.450442270    0.000000000
   -2.701769682    2.450442270    0.000000000
   -2.638937829    2.450442270    0.000000000
   -2.576105976    2.450442270    0.000000000
   -2.513274123    2.450442270    0.000000000
   -2.450442270    2.450442270    0.000000000
   -2.387610417    2.450442270    0.000000000
   -2.324778564    2.450442270    0.000000000
   -2.261946711    2.450442270    0.000000000
   -2.199114858    2.450442270    0.000000000
   -2.136283004    2.450442270    0.000000000
   -2.073451151    2.450442270    0.000000000
   -2.010619298    2.450442270    0.000000000
   -1.947787445    2.450442270    0.000000000
   -1.884955592    2.450442270    0.000000000
   -1.822123739    2.450442270    0.000000000
   -1.759291886    2.450442270    0.000000000
   -1.696460033    2.450442270    0.000000000
   -1.633628180    2.450442270    0.000000000
   -1.570796327    2.450442270    0.000000000
   -1.507964474    2.450442270    0.000000000
   -1.445132621    2.450442270    0.000000000
   -1.382300768    2.450442270    0.000000000
   -1.319468915    2.450442270    0.000000000
   -1.256637061    2.450442270    0.000000000
   -1.193805208    2.450442270    0.000000000
   -1.130973355    2.450442270    0.000000000
   -1.068141502    2.450442270    0.000000000
   -1.005309649    2.450442270    0.000000000
   -0.942477796    2.450442270    0.000000000
   -0.879645943    2.450442270    0.000000000
   -0.816814090    2.450442270    0.000000000
   -0.753982237    2.450442270    0.000000000
   -0.691150384    2.450442270    0.000000000
   -0.628318531    2.450442270    0.000000000
   -0.565486678    2.450442270    0.000000000
   -0.502654825    2.450442270    0.000000000
   -0.439822972    2.450442270    0.000000000
   -0.376991118    2.450442270    0.000000000
   -0.314159265    2.450442270    0.000000000
   -0.251327412    2.450442270    0.000000000
   -0.188495559    2.450442270    0.000000000
   -0.125663706    2.450442270    0.000000000
   -0.062831853    2.450442270    0.000000000
    0.000000000    2.450442270    0.000000000
    0.062831853    2.450442270    0.000000000
    0.125663706    2.450442270    0.000000000
    0.188495559    2.450442270    0.000000000
    0.251327412    2.450442270    0.000000000
    0.314159265    2.450442270    0.000000000
    0.376991118    2.450442270    0.000000000
    0.439822972    2.450442270    0.000000000
    0.502654825    2.450442270    0.000000000
    0.565486678    2.450442270    0.000000000
    0.628318531    2.450442270    0.000000000
    0.691150384    2.450442270    0.000000000
    0.753982237    2.450442270    0.000000000
    0.816814090    2.450442270    0.000000000
    0.879645943    2.450442270    0.000000000
    0.942477796    2.450442270    0.000000000
    1.005309649    2.450442270    0.000000000
    1.068141502    2.450442270    0.000000000
    1.130973355    2.450442270    0.000000000
    1.193805208    2.450442270    0.000000000
    1.256637061    2.450442270    0.000000000
    1.319468915    2.450442270    0.000000000
    1.382300768    2.450442270    0.000000000
    1.445132621    2.450442270    0.000000000
    1.507964474    2.450442270    0.000000000
    1.570796327    2.450442270    0.000000000
    1.633628180    2.450442270    0.000000000
    1.696460033    2.450442270    0.000000000
    1.759291886    2.450442270    0.000000000
    1.822123739    2.450442270    0.000000000
    1.884955592    2.450442270    0.000000000
    1.947787445    2.450442270    0.000000000
    2.010619298    2.450442270    0.000000000
    2.073451151    2.450442270    0.000000000
    2.136283004    2.450442270    0.000000000
    2.199114858    2.450442270    0.000000000
    2.261946711    2.450442270    0.000000000
    2.324778564    2.450442270    0.000000000
    2.387610417    2.450442270    0.000000000
    2.450442270    2.450442270    0.000000000
    2.513274123    2.450442270    0.000000000
    2.576105976    2.450442270    0.000000000
    2.638937829    2.450442270    0.000000000
    2.701769682    2.450442270    0.000000000
    2.764601535    2.450442270    0.000000000
    2.827433388    2.450442270    0.000000000
    2.890265241    2.450442270    0.000000000
    2.953097094    2.450442270    0.000000000
    3.015928947    2.450442270    0.000000000
    3.078760801    2.450442270    0.000000000

   -3.141592654    2.513274123    0.000000000
   -3.078760801    2.513274123    0.000000000
   -3.015928947    2.513274123    0.000000000
   -2.953097094    2.513274123    0.000000000
   -2.890265241    2.513274123    0.000000000
   -2.827433388    2.513274123    0.000000000
   -2.764601535    2.513274123    0.000000000
   -2.701769682    2.513274123    0.000000000
   -2.638937829    2.513274123    0.000000000
   -2.576105976    2.513274123    0.000000000
   -2.513274123    2.513274123    0.000000000
   -2.450442270    2.513274123    0.000000000
   -2.387610417    2.513274123    0.000000000
   -2.324778564    2.513274123    0.000000000
   -2.261946711    2.513274123    0.000000000
   -2.199114858    2.513274123    0.000000000
   -2.136283004    2.513274123    0.000000000
   -2.073451151    2.513274123    0.000000000
   -2.010619298    2.513274123    0.000000000
   -1.947787445    2.513274123    0.000000000
   -1.884955592    2.513274123    0.000000000
   -1.822123739    2.513274123    0.000000000
   -1.759291886    2.513274123    0.000000000
   -1.696460033    2.513274123    0.000000000
   -1.633628180    2.513274123    0.000000000
   -1.570796327    2.513274123    0.000000000
   -1.507964474    2.513274123    0.000000000
   -1.445132621    2.513274123    0.000000000
   -1.382300768    2.513274123    0.000000000
   -1.319468915    2.513274123    0.000000000
   -1.256637061    2.513274123    0.000000000
   -1.193805208    2.513274123    0.000000000
   -1.130973355    2.513274123    0.000000000
   -1.068141502    2.513274123    0.000000000
   -1.005309649    2.513274123    0.000000000
   -0.942477796    2.513274123    0.000000000
   -0.879645943    2.513274123    0.000000000
   -0.816814090    2.513274123    0.000000000
   -0.753982237    2.513274123    0.000000000
   -0.691150384    2.513274123    0.000000000
   -0.628318531    2.513274123    0.000000000
   -0.565486678    2.513274123    0.000000000
   -0.502654825    2.513274123    0.000000000
   -0.439822972    2.513274123    0.000000000
   -0.376991118    2.513274123    0.000000000
   -0.314159265    2.513274123    0.000000000
   -0.251327412    2.513274123    0.000000000
   -0.188495559    2.513274123    0.000000000
   -0.125663706    2.513274123    0.000000000
   -0.062831853    2.513274123    0.000000000
    0.000000000    2.513274123    0.000000000
    0.062831853    2.513274123    0.000000000
    0.125663706    2.513274123    0.000000000
    0.188495559    2.513274123    0.000000000
    0.251327412    2.513274123    0.000000000
    0.314159265    2.513274123    0.000000000
    0.376991118    2.513274123    0.000000000
    0.439822972    2.513274123    0.000000000
    0.502654825    2.513274123    0.000000000
    0.565486678    2.513274123    0.000000000
    0.628318531    2.513274123    0.000000000
    0.691150384    2.513274123    0.000000000
    0.753982237    2.513274123    0.000000000
    0.816814090    2.513274123    0.000000000
    0.879645943    2.513274123    0.000000000
    0.942477796    2.513274123    0.000000000
    1.005309649    2.513274123    0.000000000
    1.068141502    2.513274123    0.000000000
    1.130973355    2.513274123    0.000000000
    1.193805208    2.513274123    0.000000000
    1.256637061    2.513274123    0.000000000
    1.319468915    2.513274123    0.000000000
    1.382300768    2.513274123    0.000000000
    1.445132621    2.513274123    0.000000000
    1.507964474    2.513274123    0.000000000
    1.570796327    2.513274123    0.000000000
    1.633628180    2.513274123    0.000000000
    1.696460033    2.513274123    0.000000000
    1.759291886    2.513274123    0.000000000
    1.822123739    2.513274123    0.000000000
    1.884955592    2.513274123    0.000000000
    1.947787445    2.513274123    0.000000000
    2.010619298    2.513274123    0.000000000
    2.073451151    2.513274123    0.000000000
    2.136283004    2.513274123    0.000000000
    2.199114858    2.513274123    0.000000000
    2.261946711    2.513274123    0.000000000
    2.324778564    2.513274123    0.000000000
    2.387610417    2.513274123    0.000000000
    2.450442270    2.513274123    0.000000000
    2.513274123    2.513274123    0.000000000
    2.576105976    2.513274123    0.000000000
    2.638937829    2.513274123    0.000000000
    2.701769682    2.513274123    0.000000000
    2.764601535    2.513274123    0.000000000
    2.827433388    2.513274123    0.000000000
    2.890265241    2.513274123    0.000000000
    2.953097094    2.513274123    0.000000000
    3.015928947    2.513274123    0.000000000
    3.078760801    2.513274123    0.000000000

   -3.141592654    2.576105976    0.000000000
   -3.078760801    2.576105976    0.000000000
   -3.015928947    2.576105976    0.000000000
   -2.953097094    2.576105976    0.000000000
   -2.890265241    2.576105976    0.000000000
   -2.827433388    2.576105976    0.000000000
   -2.764601535    2.576105976    0.000000000
   -2.701769682    2.576105976    0.000000000
   -2.638937829    2.576105976    0.000000000
   -2.576105976    2.576105976    0.000000000
   -2.513274123    2.576105976    0.000000000
   -2.450442270    2.576105976    0.000000000
   -2.387610417    2.576105976    0.000000000
   -2.324778564    2.576105976    0.000000000
   -2.261946711    2.576105976    0.000000000
   -2.199114858    2.576105976    0.000000000
   -2.136283004    2.576105976    0.000000000
   -2.073451151    2.576105976    0.000000000
   -2.010619298    2.576105976    0.000000000
   -1.947787445    2.576105976    0.000000000
   -1.884955592    2.576105976    0.000000000
   -1.822123739    2.576105976    0.000000000
   -1.759291886    2.576105976    0.000000000
   -1.696460033    2.576105976    0.000000000
   -1.633628180    2.576105976    0.000000000
   -1.570796327    2.576105976    0.000000000
   -1.507964474    2.576105976    0.000000000
   -1.445132621    2.576105976    0.000000000
   -1.382300768    2.576105976    0.000000000
   -1.319468915    2.576105976    0.000000000
   -1.256637061    2.576105976    0.000000000
   -1.193805208    2.576105976    0.000000000
   -1.130973355    2.576105976    0.000000000
   -1.068141502    2.576105976    0.000000000
   -1.005309649    2.576105976    0.000000000
   -0.942477796    2.576105976    0.000000000
   -0.879645943    2.576105976    0.000000000
   -0.816814090    2.576105976    0.000000000
   -0.753982237    2.576105976    0.000000000
   -0.691150384    2.576105976    0.000000000
   -0.628318531    2.576105976    0.000000000
   -0.565486678    2.576105976    0.000000000
   -0.502654825    2.576105976    0.000000000
   -0.439822972    2.576105976    0.000000000
   -0.376991118    2.576105976    0.000000000
   -0.314159265    2.576105976    0.000000000
   -0.251327412    2.576105976    0.000000000
   -0.188495559    2.576105976    0.000000000
   -0.125663706    2.576105976    0.000000000
   -0.062831853    2.576105976    0.000000000
    0.000000000    2.576105976    0.000000000
    0.062831853    2.576105976    0.000000000
    0.125663706    2.576105976    0.000000000
    0.188495559    2.576105976    0.000000000
    0.251327412    2.576105976    0.000000000
    0.314159265    2.576105976    0.000000000
    0.376991118    2.576105976    0.000000000
    0.439822972    2.576105976    0.000000000
    0.502654825    2.576105976    0.000000000
    0.565486678    2.576105976    0.000000000
    0.628318531    2.576105976    0.000000000
    0.691150384    2.576105976    0.000000000
    0.753982237    2.576105976    0.000000000
    0.816814090    2.576105976    0.000000000
    0.879645943    2.576105976    0.000000000
    0.942477796    2.576105976    0.000000000
    1.005309649    2.576105976    0.000000000
    1.068141502    2.576105976    0.000000000
    1.130973355    2.576105976    0.000000000
    1.193805208    2.576105976    0.000000000
    1.256637061    2.576105976    0.000000000
    1.319468915    2.576105976    0.000000000
    1.382300768    2.576105976    0.000000000
    1.445132621    2.576105976    0.000000000
    1.507964474    2.576105976    0.000000000
    1.570796327    2.576105976    0.000000000
    1.633628180    2.576105976    0.000000000
    1.696460033    2.576105976    0.000000000
    1.759291886    2.576105976    0.000000000
    1.822123739    2.576105976    0.000000000
    1.884955592    2.576105976    0.000000000
    1.947787445    2.576105976    0.000000000
    2.010619298    2.576105976    0.000000000
    2.073451151    2.576105976    0.000000000
    2.136283004    2.576105976    0.000000000
    2.199114858    2.576105976    0.000000000
    2.261946711    2.576105976    0.000000000
    2.324778564    2.576105976    0.000000000
    2.387610417    2.576105976    0.000000000
    2.450442270    2.576105976    0.000000000
    2.513274123    2.576105976    0.000000000
    2.576105976    2.576105976    0.000000000
    2.638937829    2.576105976    0.000000000
    2.701769682    2.576105976    0.000000000
    2.764601535    2.576105976    0.000000000
    2.827433388    2.576105976    0.000000000
    2.890265241    2.576105976    0.000000000
    2.953097094    2.576105976    0.000000000
    3.015928947    2.576105976    0.000000000
    3.078760801    2.576105976    0.000000000

   -3.141592654    2.638937829    0.000000000
   -3.078760801    2.638937829    0.000000000
   -3.015928947    2.638937829    0.000000000
   -2.953097094    2.638937829    0.000000000
   -2.890265241    2.638937829    0.000000000
   -2.827433388    2.638937829    0.000000000
   -2.764601535    2.638937829    0.000000000
   -2.701769682    2.638937829    0.000000000
   -2.638937829    2.638937829    0.000000000
   -2.576105976    2.638937829    0.000000000
   -2.513274123    2.638937829    0.000000000
   -2.450442270    2.638937829    0.000000000
   -2.387610417    2.638937829    0.000000000
   -2.324778564    2.638937829    0.000000000
   -2.261946711    2.638937829    0.000000000
   -2.199114858    2.638937829    0.000000000
   -2.136283004    2.638937829    0.000000000
   -2.073451151    2.638937829    0.000000000
   -2.010619298    2.638937829    0.000000000
   -1.947787445    2.638937829    0.000000000
   -1.884955592    2.638937829    0.000000000
   -1.822123739    2.638937829    0.000000000
   -1.759291886    2.638937829    0.000000000
   -1.696460033    2.638937829    0.000000000
   -1.633628180    2.638937829    0.000000000
   -1.570796327    2.638937829    0.000000000
   -1.507964474    2.638937829    0.000000000
   -1.445132621    2.638937829    0.000000000
   -1.382300768    2.638937829    0.000000000
   -1.319468915    2.638937829    0.000000000
   -1.256637061    2.638937829    0.000000000
   -1.193805208    2.638937829    0.000000000
   -1.130973355    2.638937829    0.000000000
   -1.068141502    2.638937829    0.000000000
   -1.005309649    2.638937829    0.000000000
   -0.942477796    2.638937829    0.000000000
   -0.879645943    2.638937829    0.000000000
   -0.816814090    2.638937829    0.000000000
   -0.753982237    2.638937829    0.000000000
   -0.691150384    2.638937829    0.000000000
   -0.628318531    2.638937829    0.000000000
   -0.565486678    2.638937829    0.000000000
   -0.502654825    2.638937829    0.000000000
   -0.439822972    2.638937829    0.000000000
   -0.376991118    2.638937829    0.000000000
   -0.314159265    2.638937829    0.000000000
   -0.251327412    2.638937829    0.000000000
   -0.188495559    2.638937829    0.000000000
   -0.125663706    2.638937829    0.000000000
   -0.062831853    2.638937829    0.000000000
    0.000000000    2.638937829    0.000000000
    0.062831853    2.638937829    0.000000000
    0.125663706    2.638937829    0.000000000
    0.188495559    2.638937829    0.000000000
    0.251327412    2.638937829    0.000000000
    0.314159265    2.638937829    0.000000000
    0.376991118    2.638937829    0.000000000
    0.439822972    2.638937829    0.000000000
    0.502654825    2.638937829    0.000000000
    0.565486678    2.638937829    0.000000000
    0.628318531    2.638937829    0.000000000
    0.691150384    2.638937829    0.000000000
    0.753982237    2.638937829    0.000000000
    0.816814090    2.638937829    0.000000000
    0.879645943    2.638937829    0.000000000
    0.942477796    2.638937829    0.000000000
    1.005309649    2.638937829    0.000000000
    1.068141502    2.638937829    0.000000000
    1.130973355    2.638937829    0.000000000
    1.193805208    2.638937829    0.000000000
    1.256637061    2.638937829    0.000000000
    1.319468915    2.638937829    0.000000000
    1.382300768    2.638937829    0.000000000
    1.445132621    2.638937829    0.000000000
    1.507964474    2.638937829    0.000000000
    1.570796327    2.638937829    0.000000000
    1.633628180    2.638937829    0.000000000
    1.696460033    2.638937829    0.000000000
    1.759291886    2.638937829    0.000000000
    1.822123739    2.638937829    0.000000000
    1.884955592    2.638937829    0.000000000
    1.947787445    2.638937829    0.000000000
    2.010619298    2.638937829    0.000000000
    2.073451151    2.638937829    0.000000000
    2.136283004    2.638937829    0.000000000
    2.199114858    2.638937829    0.000000000
    2.261946711    2.638937829    0.000000000
    2.324778564    2.638937829    0.000000000
    2.387610417    2.638937829    0.000000000
    2.450442270    2.638937829    0.000000000
    2.513274123    2.638937829    0.000000000
    2.576105976    2.638937829    0.000000000
    2.638937829    2.638937829    0.000000000
    2.701769682    2.638937829    0.000000000
    2.764601535    2.638937829    0.000000000
    2.827433388    2.638937829    0.000000000
    2.890265241    2.638937829    0.000000000
    2.953097094    2.638937829    0.000000000
    3.015928947    2.638937829    0.000000000
    3.078760801    2.638937829    0.000000000

   -3.141592654    2.701769682    0.000000000
   -3.078760801    2.701769682    0.000000000
   -3.015928947    2.701769682    0.000000000
   -2.953097094    2.701769682    0.000000000
   -2.890265241    2.701769682    0.000000000
   -2.827433388    2.701769682    0.000000000
   -2.764601535    2.701769682    0.000000000
   -2.701769682    2.701769682    0.000000000
   -2.638937829    2.701769682    0.000000000
   -2.576105976    2.701769682    0.000000000
   -2.513274123    2.701769682    0.000000000
   -2.450442270    2.701769682    0.000000000
   -2.387610417    2.701769682    0.000000000
   -2.324778564    2.701769682    0.000000000
   -2.261946711    2.701769682    0.000000000
   -2.199114858    2.701769682    0.000000000
   -2.136283004    2.701769682    0.000000000
   -2.073451151    2.701769682    0.000000000
   -2.010619298    2.701769682    0.000000000
   -1.947787445    2.701769682    0.000000000
   -1.884955592    2.701769682    0.000000000
   -1.822123739    2.701769682    0.000000000
   -1.759291886    2.701769682    0.000000000
   -1.696460033    2.701769682    0.000000000
   -1.633628180    2.701769682    0.000000000
   -1.570796327    2.701769682    0.000000000
   -1.507964474    2.701769682    0.000000000
   -1.445132621    2.701769682    0.000000000
   -1.382300768    2.701769682    0.000000000
   -1.319468915    2.701769682    0.000000000
   -1.256637061    2.701769682    0.000000000
   -1.193805208    2.701769682    0.000000000
   -1.130973355    2.701769682    0.000000000
   -1.068141502    2.701769682    0.000000000
   -1.005309649    2.701769682    0.000000000
   -0.942477796    2.701769682    0.000000000
   -0.879645943    2.701769682    0.000000000
   -0.816814090    2.701769682    0.000000000
   -0.753982237    2.701769682    0.000000000
   -0.691150384    2.701769682    0.000000000
   -0.628318531    2.701769682    0.000000000
   -0.565486678    2.701769682    0.000000000
   -0.502654825    2.701769682    0.000000000
   -0.439822972    2.701769682    0.000000000
   -0.376991118    2.701769682    0.000000000
   -0.314159265    2.701769682    0.000000000
   -0.251327412    2.701769682    0.000000000
   -0.188495559    2.701769682    0.000000000
   -0.125663706    2.701769682    0.000000000
   -0.062831853    2.701769682    0.000000000
    0.000000000    2.701769682    0.000000000
    0.062831853    2.701769682    0.000000000
    0.125663706    2.701769682    0.000000000
    0.188495559    2.701769682    0.000000000
    0.251327412    2.701769682    0.000000000
    0.314159265    2.701769682    0.000000000
    0.376991118    2.701769682    0.000000000
    0.439822972    2.701769682    0.000000000
    0.502654825    2.701769682    0.000000000
    0.565486678    2.701769682    0.000000000
    0.628318531    2.701769682    0.000000000
    0.691150384    2.701769682    0.000000000
    0.753982237    2.701769682    0.000000000
    0.816814090    2.701769682    0.000000000
    0.879645943    2.701769682    0.000000000
    0.942477796    2.701769682    0.000000000
    1.005309649    2.701769682    0.000000000
    1.068141502    2.701769682    0.000000000
    1.130973355    2.701769682    0.000000000
    1.193805208    2.701769682    0.000000000
    1.256637061    2.701769682    0.000000000
    1.319468915    2.701769682    0.000000000
    1.382300768    2.701769682    0.000000000
    1.445132621    2.701769682    0.000000000
    1.507964474    2.701769682    0.000000000
    1.570796327    2.701769682    0.000000000
    1.633628180    2.701769682    0.000000000
    1.696460033    2.701769682    0.000000000
    1.759291886    2.701769682    0.000000000
    1.822123739    2.701769682    0.000000000
    1.884955592    2.701769682    0.000000000
    1.947787445    2.701769682    0.000000000
    2.010619298    2.701769682    0.000000000
    2.073451151    2.701769682    0.000000000
    2.136283004    2.701769682    0.000000000
    2.199114858    2.701769682    0.000000000
    2.261946711    2.701769682    0.000000000
    2.324778564    2.701769682    0.000000000
    2.387610417    2.701769682    0.000000000
    2.450442270    2.701769682    0.000000000
    2.513274123    2.701769682    0.000000000
    2.576105976    2.701769682    0.000000000
    2.638937829    2.701769682    0.000000000
    2.701769682    2.701769682    0.000000000
    2.764601535    2.701769682    0.000000000
    2.827433388    2.701769682    0.000000000
    2.890265241    2.701769682    0.000000000
    2.953097094    2.701769682    0.000000000
    3.015928947    2.701769682    0.000000000
    3.078760801    2.701769682    0.000000000

   -3.141592654    2.764601535    0.000000000
   -3.078760801    2.764601535    0.000000000
   -3.015928947    2.764601535    0.000000000
   -2.953097094    2.764601535    0.000000000
   -2.890265241    2.764601535    0.000000000
   -2.827433388    2.764601535    0.000000000
   -2.764601535    2.764601535    0.000000000
   -2.701769682    2.764601535    0.000000000
   -2.638937829    2.764601535    0.000000000
   -2.576105976    2.764601535    0.000000000
   -2.513274123    2.764601535    0.000000000
   -2.450442270    2.764601535    0.000000000
   -2.387610417    2.764601535    0.000000000
   -2.324778564    2.764601535    0.000000000
   -2.261946711    2.764601535    0.000000000
   -2.199114858    2.764601535    0.000000000
   -2.136283004    2.764601535    0.000000000
   -2.073451151    2.764601535    0.000000000
   -2.010619298    2.764601535    0.000000000
   -1.947787445    2.764601535    0.000000000
   -1.884955592    2.764601535    0.000000000
   -1.822123739    2.764601535    0.000000000
   -1.759291886    2.764601535    0.000000000
   -1.696460033    2.764601535    0.000000000
   -1.633628180    2.764601535    0.000000000
   -1.570796327    2.764601535    0.000000000
   -1.507964474    2.764601535    0.000000000
   -1.445132621    2.764601535    0.000000000
   -1.382300768    2.764601535    0.000000000
   -1.319468915    2.764601535    0.000000000
   -1.256637061    2.764601535    0.000000000
   -1.193805208    2.764601535    0.000000000
   -1.130973355    2.764601535    0.000000000
   -1.068141502    2.764601535    0.000000000
   -1.005309649    2.764601535    0.000000000
   -0.942477796    2.764601535    0.000000000
   -0.879645943    2.764601535    0.000000000
   -0.816814090    2.764601535    0.000000000
   -0.753982237    2.764601535    0.000000000
   -0.691150384    2.764601535    0.000000000
   -0.628318531    2.764601535    0.000000000
   -0.565486678    2.764601535    0.000000000
   -0.502654825    2.764601535    0.000000000
   -0.439822972    2.764601535    0.000000000
   -0.376991118    2.764601535    0.000000000
   -0.314159265    2.764601535    0.000000000
   -0.251327412    2.764601535    0.000000000
   -0.188495559    2.764601535    0.000000000
   -0.125663706    2.764601535    0.000000000
   -0.062831853    2.764601535    0.000000000
    0.000000000    2.764601535    0.000000000
    0.062831853    2.764601535    0.000000000
    0.125663706    2.764601535    0.000000000
    0.188495559    2.764601535    0.000000000
    0.251327412    2.764601535    0.000000000
    0.314159265    2.764601535    0.000000000
    0.376991118    2.764601535    0.000000000
    0.439822972    2.764601535    0.000000000
    0.502654825    2.764601535    0.000000000
    0.565486678    2.764601535    0.000000000
    0.628318531    2.764601535    0.000000000
    0.691150384    2.764601535    0.000000000
    0.753982237    2.764601535    0.000000000
    0.816814090    2.764601535    0.000000000
    0.879645943    2.764601535    0.000000000
    0.942477796    2.764601535    0.000000000
    1.005309649    2.764601535    0.000000000
    1.068141502    2.764601535    0.000000000
    1.130973355    2.764601535    0.000000000
    1.193805208    2.764601535    0.000000000
    1.256637061    2.764601535    0.000000000
    1.319468915    2.764601535    0.000000000
    1.382300768    2.764601535    0.000000000
    1.445132621    2.764601535    0.000000000
    1.507964474    2.764601535    0.000000000
    1.570796327    2.764601535    0.000000000
    1.633628180    2.764601535    0.000000000
    1.696460033    2.764601535    0.000000000
    1.759291886    2.764601535    0.000000000
    1.822123739    2.764601535    0.000000000
    1.884955592    2.764601535    0.000000000
    1.947787445    2.764601535    0.000000000
    2.010619298    2.764601535    0.000000000
    2.073451151    2.764601535    0.000000000
    2.136283004    2.764601535    0.000000000
    2.199114858    2.764601535    0.000000000
    2.261946711    2.764601535    0.000000000
    2.324778564    2.764601535    0.000000000
    2.387610417    2.764601535    0.000000000
    2.450442270    2.764601535    0.000000000
    2.513274123    2.764601535    0.000000000
    2.576105976    2.764601535    0.000000000
    2.638937829    2.764601535    0.000000000
    2.701769682    2.764601535    0.000000000
    2.764601535    2.764601535    0.000000000
    2.827433388    2.764601535    0.000000000
    2.890265241    2.764601535    0.000000000
    2.953097094    2.764601535    0.000000000
    3.015928947    2.764601535    0.000000000
    3.078760801    2.764601535    0.000000000

   -3.141592654    2.827433388    0.000000000
   -3.078760801    2.827433388    0.000000000
   -3.015928947    2.827433388    0.000000000
   -2.953097094    2.827433388    0.000000000
   -2.890265241    2.827433388    0.000000000
   -2.827433388    2.827433388    0.000000000
   -2.764601535    2.827433388    0.000000000
   -2.701769682    2.827433388    0.000000000
   -2.638937829    2.827433388    0.000000000
   -2.576105976    2.827433388    0.000000000
   -2.513274123    2.827433388    0.000000000
   -2.450442270    2.827433388    0.000000000
   -2.387610417    2.827433388    0.000000000
   -2.324778564    2.827433388    0.000000000
   -2.261946711    2.827433388    0.000000000
   -2.199114858    2.827433388    0.000000000
   -2.136283004    2.827433388    0.000000000
   -2.073451151    2.827433388    0.000000000
   -2.010619298    2.827433388    0.000000000
   -1.947787445    2.827433388    0.000000000
   -1.884955592    2.827433388    0.000000000
   -1.822123739    2.827433388    0.000000000
   -1.759291886    2.827433388    0.000000000
   -1.696460033    2.827433388    0.000000000
   -1.633628180    2.827433388    0.000000000
   -1.570796327    2.827433388    0.000000000
   -1.507964474    2.827433388    0.000000000
   -1.445132621    2.827433388    0.000000000
   -1.382300768    2.827433388    0.000000000
   -1.319468915    2.827433388    0.000000000
   -1.256637061    2.827433388    0.000000000
   -1.193805208    2.827433388    0.000000000
   -1.130973355    2.827433388    0.000000000
   -1.068141502    2.827433388    0.000000000
   -1.005309649    2.827433388    0.000000000
   -0.942477796    2.827433388    0.000000000
   -0.879645943    2.827433388    0.000000000
   -0.816814090    2.827433388    0.000000000
   -0.753982237    2.827433388    0.000000000
   -0.691150384    2.827433388    0.000000000
   -0.628318531    2.827433388    0.000000000
   -0.565486678    2.827433388    0.000000000
   -0.502654825    2.827433388    0.000000000
   -0.439822972    2.827433388    0.000000000
   -0.376991118    2.827433388    0.000000000
   -0.314159265    2.827433388    0.000000000
   -0.251327412    2.827433388    0.000000000
   -0.188495559    2.827433388    0.000000000
   -0.125663706    2.827433388    0.000000000
   -0.062831853    2.827433388    0.000000000
    0.000000000    2.827433388    0.000000000
    0.062831853    2.827433388    0.000000000
    0.125663706    2.827433388    0.000000000
    0.188495559    2.827433388    0.000000000
    0.251327412    2.827433388    0.000000000
    0.314159265    2.827433388    0.000000000
    0.376991118    2.827433388    0.000000000
    0.439822972    2.827433388    0.000000000
    0.502654825    2.827433388    0.000000000
    0.565486678    2.827433388    0.000000000
    0.628318531    2.827433388    0.000000000
    0.691150384    2.827433388    0.000000000
    0.753982237    2.827433388    0.000000000
    0.816814090    2.827433388    0.000000000
    0.879645943    2.827433388    0.000000000
    0.942477796    2.827433388    0.000000000
    1.005309649    2.827433388    0.000000000
    1.068141502    2.827433388    0.000000000
    1.130973355    2.827433388    0.000000000
    1.193805208    2.827433388    0.000000000
    1.256637061    2.827433388    0.000000000
    1.319468915    2.827433388    0.000000000
    1.382300768    2.827433388    0.000000000
    1.445132621    2.827433388    0.000000000
    1.507964474    2.827433388    0.000000000
    1.570796327    2.827433388    0.000000000
    1.633628180    2.827433388    0.000000000
    1.696460033    2.827433388    0.000000000
    1.759291886    2.827433388    0.000000000
    1.822123739    2.827433388    0.000000000
    1.884955592    2.827433388    0.000000000
    1.947787445    2.827433388    0.000000000
    2.010619298    2.827433388    0.000000000
    2.073451151    2.827433388    0.000000000
    2.136283004    2.827433388    0.000000000
    2.199114858    2.827433388    0.000000000
    2.261946711    2.827433388    0.000000000
    2.324778564    2.827433388    0.000000000
    2.387610417    2.827433388    0.000000000
    2.450442270    2.827433388    0.000000000
    2.513274123    2.827433388    0.000000000
    2.576105976    2.827433388    0.000000000
    2.638937829    2.827433388    0.000000000
    2.701769682    2.827433388    0.000000000
    2.764601535    2.827433388    0.000000000
    2.827433388    2.827433388    0.000000000
    2.890265241    2.827433388    0.000000000
    2.953097094    2.827433388    0.000000000
    3.015928947    2.827433388    0.000000000
    3.078760801    2.827433388    0.000000000

   -3.141592654    2.890265241    0.000000000
   -3.078760801    2.890265241    0.000000000
   -3.015928947    2.890265241    0.000000000
   -2.953097094    2.890265241    0.000000000
   -2.890265241    2.890265241    0.000000000
   -2.827433388    2.890265241    0.000000000
   -2.764601535    2.890265241    0.000000000
   -2.701769682    2.890265241    0.000000000
   -2.638937829    2.890265241    0.000000000
   -2.576105976    2.890265241    0.000000000
   -2.513274123    2.890265241    0.000000000
   -2.450442270    2.890265241    0.000000000
   -2.387610417    2.890265241    0.000000000
   -2.324778564    2.890265241    0.000000000
   -2.261946711    2.890265241    0.000000000
   -2.199114858    2.890265241    0.000000000
   -2.136283004    2.890265241    0.000000000
   -2.073451151    2.890265241    0.000000000
   -2.010619298    2.890265241    0.000000000
   -1.947787445    2.890265241    0.000000000
   -1.884955592    2.890265241    0.000000000
   -1.822123739    2.890265241    0.000000000
   -1.759291886    2.890265241    0.000000000
   -1.696460033    2.890265241    0.000000000
   -1.633628180    2.890265241    0.000000000
   -1.570796327    2.890265241    0.000000000
   -1.507964474    2.890265241    0.000000000
   -1.445132621    2.890265241    0.000000000
   -1.382300768    2.890265241    0.000000000
   -1.319468915    2.890265241    0.000000000
   -1.256637061    2.890265241    0.000000000
   -1.193805208    2.890265241    0.000000000
   -1.130973355    2.890265241    0.000000000
   -1.068141502    2.890265241    0.000000000
   -1.005309649    2.890265241    0.000000000
   -0.942477796    2.890265241    0.000000000
   -0.879645943    2.890265241    0.000000000
   -0.816814090    2.890265241    0.000000000
   -0.753982237    2.890265241    0.000000000
   -0.691150384    2.890265241    0.000000000
   -0.628318531    2.890265241    0.000000000
   -0.565486678    2.890265241    0.000000000
   -0.502654825    2.890265241    0.000000000
   -0.439822972    2.890265241    0.000000000
   -0.376991118    2.890265241    0.000000000
   -0.314159265    2.890265241    0.000000000
   -0.251327412    2.890265241    0.000000000
   -0.188495559    2.890265241    0.000000000
   -0.125663706    2.890265241    0.000000000
   -0.062831853    2.890265241    0.000000000
    0.000000000    2.890265241    0.000000000
    0.062831853    2.890265241    0.000000000
    0.125663706    2.890265241    0.000000000
    0.188495559    2.890265241    0.000000000
    0.251327412    2.890265241    0.000000000
    0.314159265    2.890265241    0.000000000
    0.376991118    2.890265241    0.000000000
    0.439822972    2.890265241    0.000000000
    0.502654825    2.890265241    0.000000000
    0.565486678    2.890265241    0.000000000
    0.628318531    2.890265241    0.000000000
    0.691150384    2.890265241    0.000000000
    0.753982237    2.890265241    0.000000000
    0.816814090    2.890265241    0.000000000
    0.879645943    2.890265241    0.000000000
    0.942477796    2.890265241    0.000000000
    1.005309649    2.890265241    0.000000000
    1.068141502    2.890265241    0.000000000
    1.130973355    2.890265241    0.000000000
    1.193805208    2.890265241    0.000000000
    1.256637061    2.890265241    0.000000000
    1.319468915    2.890265241    0.000000000
    1.382300768    2.890265241    0.000000000
    1.445132621    2.890265241    0.000000000
    1.507964474    2.890265241    0.000000000
    1.570796327    2.890265241    0.000000000
    1.633628180    2.890265241    0.000000000
    1.696460033    2.890265241    0.000000000
    1.759291886    2.890265241    0.000000000
    1.822123739    2.890265241    0.000000000
    1.884955592    2.890265241    0.000000000
    1.947787445    2.890265241    0.000000000
    2.010619298    2.890265241    0.000000000
    2.073451151    2.890265241    0.000000000
    2.136283004    2.890265241    0.000000000
    2.199114858    2.890265241    0.000000000
    2.261946711    2.890265241    0.000000000
    2.324778564    2.890265241    0.000000000
    2.387610417    2.890265241    0.000000000
    2.450442270    2.890265241    0.000000000
    2.513274123    2.890265241    0.000000000
    2.576105976    2.890265241    0.000000000
    2.638937829    2.890265241    0.000000000
    2.701769682    2.890265241    0.000000000
    2.764601535    2.890265241    0.000000000
    2.827433388    2.890265241    0.000000000
    2.890265241    2.890265241    0.000000000
    2.953097094    2.890265241    0.000000000
    3.015928947    2.890265241    0.000000000
    3.078760801    2.890265241    0.000000000

   -3.141592654    2.953097094    0.000000000
   -3.078760801    2.953097094    0.000000000
   -3.015928947    2.953097094    0.000000000
   -2.953097094    2.953097094    0.000000000
   -2.890265241    2.953097094    0.000000000
   -2.827433388    2.953097094    0.000000000
   -2.764601535    2.953097094    0.000000000
   -2.701769682    2.953097094    0.000000000
   -2.638937829    2.953097094    0.000000000
   -2.576105976    2.953097094    0.000000000
   -2.513274123    2.953097094    0.000000000
   -2.450442270    2.953097094    0.000000000
   -2.387610417    2.953097094    0.000000000
   -2.324778564    2.953097094    0.000000000
   -2.261946711    2.953097094    0.000000000
   -2.199114858    2.953097094    0.000000000
   -2.136283004    2.953097094    0.000000000
   -2.073451151    2.953097094    0.000000000
   -2.010619298    2.953097094    0.000000000
   -1.947787445    2.953097094    0.000000000
   -1.884955592    2.953097094    0.000000000
   -1.822123739    2.953097094    0.000000000
   -1.759291886    2.953097094    0.000000000
   -1.696460033    2.953097094    0.000000000
   -1.633628180    2.953097094    0.000000000
   -1.570796327    2.953097094    0.000000000
   -1.507964474    2.953097094    0.000000000
   -1.445132621    2.953097094    0.000000000
   -1.382300768    2.953097094    0.000000000
   -1.319468915    2.953097094    0.000000000
   -1.256637061    2.953097094    0.000000000
   -1.193805208    2.953097094    0.000000000
   -1.130973355    2.953097094    0.000000000
   -1.068141502    2.953097094    0.000000000
   -1.005309649    2.953097094    0.000000000
   -0.942477796    2.953097094    0.000000000
   -0.879645943    2.953097094    0.000000000
   -0.816814090    2.953097094    0.000000000
   -0.753982237    2.953097094    0.000000000
   -0.691150384    2.953097094    0.000000000
   -0.628318531    2.953097094    0.000000000
   -0.565486678    2.953097094    0.000000000
   -0.502654825    2.953097094    0.000000000
   -0.439822972    2.953097094    0.000000000
   -0.376991118    2.953097094    0.000000000
   -0.314159265    2.953097094    0.000000000
   -0.251327412    2.953097094    0.000000000
   -0.188495559    2.953097094    0.000000000
   -0.125663706    2.953097094    0.000000000
   -0.062831853    2.953097094    0.000000000
    0.000000000    2.953097094    0.000000000
    0.062831853    2.953097094    0.000000000
    0.125663706    2.953097094    0.000000000
    0.188495559    2.953097094    0.000000000
    0.251327412    2.953097094    0.000000000
    0.314159265    2.953097094    0.000000000
    0.376991118    2.953097094    0.000000000
    0.439822972    2.953097094    0.000000000
    0.502654825    2.953097094    0.000000000
    0.565486678    2.953097094    0.000000000
    0.628318531    2.953097094    0.000000000
    0.691150384    2.953097094    0.000000000
    0.753982237    2.953097094    0.000000000
    0.816814090    2.953097094    0.000000000
    0.879645943    2.953097094    0.000000000
    0.942477796    2.953097094    0.000000000
    1.005309649    2.953097094    0.000000000
    1.068141502    2.953097094    0.000000000
    1.130973355    2.953097094    0.000000000
    1.193805208    2.953097094    0.000000000
    1.256637061    2.953097094    0.000000000
    1.319468915    2.953097094    0.000000000
    1.382300768    2.953097094    0.000000000
    1.445132621    2.953097094    0.000000000
    1.507964474    2.953097094    0.000000000
    1.570796327    2.953097094    0.000000000
    1.633628180    2.953097094    0.000000000
    1.696460033    2.953097094    0.000000000
    1.759291886    2.953097094    0.000000000
    1.822123739    2.953097094    0.000000000
    1.884955592    2.953097094    0.000000000
    1.947787445    2.953097094    0.000000000
    2.010619298    2.953097094    0.000000000
    2.073451151    2.953097094    0.000000000
    2.136283004    2.953097094    0.000000000
    2.199114858    2.953097094    0.000000000
    2.261946711    2.953097094    0.000000000
    2.324778564    2.953097094    0.000000000
    2.387610417    2.953097094    0.000000000
    2.450442270    2.953097094    0.000000000
    2.513274123    2.953097094    0.000000000
    2.576105976    2.953097094    0.000000000
    2.638937829    2.953097094    0.000000000
    2.701769682    2.953097094    0.000000000
    2.764601535    2.953097094    0.000000000
    2.827433388    2.953097094    0.000000000
    2.890265241    2.953097094    0.000000000
    2.953097094    2.953097094    0.000000000
    3.015928947    2.953097094    0.000000000
    3.078760801    2.953097094    0.000000000

   -3.141592654    3.015928947    0.000000000
   -3.078760801    3.015928947    0.000000000
   -3.015928947    3.015928947    0.000000000
   -2.953097094    3.015928947    0.000000000
   -2.890265241    3.015928947    0.000000000
   -2.827433388    3.015928947    0.000000000
   -2.764601535    3.015928947    0.000000000
   -2.701769682    3.015928947    0.000000000
   -2.638937829    3.015928947    0.000000000
   -2.576105976    3.015928947    0.000000000
   -2.513274123    3.015928947    0.000000000
   -2.450442270    3.015928947    0.000000000
   -2.387610417    3.015928947    0.000000000
   -2.324778564    3.015928947    0.000000000
   -2.261946711    3.015928947    0.000000000
   -2.199114858    3.015928947    0.000000000
   -2.136283004    3.015928947    0.000000000
   -2.073451151    3.015928947    0.000000000
   -2.010619298    3.015928947    0.000000000
   -1.947787445    3.015928947    0.000000000
   -1.884955592    3.015928947    0.000000000
   -1.822123739    3.015928947    0.000000000
   -1.759291886    3.015928947    0.000000000
   -1.696460033    3.015928947    0.000000000
   -1.633628180    3.015928947    0.000000000
   -1.570796327    3.015928947    0.000000000
   -1.507964474    3.015928947    0.000000000
   -1.445132621    3.015928947    0.000000000
   -1.382300768    3.015928947    0.000000000
   -1.319468915    3.015928947    0.000000000
   -1.256637061    3.015928947    0.000000000
   -1.193805208    3.015928947    0.000000000
   -1.130973355    3.015928947    0.000000000
   -1.068141502    3.015928947    0.000000000
   -1.005309649    3.015928947    0.000000000
   -0.942477796    3.015928947    0.000000000
   -0.879645943    3.015928947    0.000000000
   -0.816814090    3.015928947    0.000000000
   -0.753982237    3.015928947    0.000000000
   -0.691150384    3.015928947    0.000000000
   -0.628318531    3.015928947    0.000000000
   -0.565486678    3.015928947    0.000000000
   -0.502654825    3.015928947    0.000000000
   -0.439822972    3.015928947    0.000000000
   -0.376991118    3.015928947    0.000000000
   -0.314159265    3.015928947    0.000000000
   -0.251327412    3.015928947    0.000000000
   -0.188495559    3.015928947    0.000000000
   -0.125663706    3.015928947    0.000000000
   -0.062831853    3.015928947    0.000000000
    0.000000000    3.015928947    0.000000000
    0.062831853    3.015928947    0.000000000
    0.125663706    3.015928947    0.000000000
    0.188495559    3.015928947    0.000000000
    0.251327412    3.015928947    0.000000000
    0.314159265    3.015928947    0.000000000
    0.376991118    3.015928947    0.000000000
    0.439822972    3.015928947    0.000000000
    0.502654825    3.015928947    0.000000000
    0.565486678    3.015928947    0.000000000
    0.628318531    3.015928947    0.000000000
    0.691150384    3.015928947    0.000000000
    0.753982237    3.015928947    0.000000000
    0.816814090    3.015928947    0.000000000
    0.879645943    3.015928947    0.000000000
    0.942477796    3.015928947    0.000000000
    1.005309649    3.015928947    0.000000000
    1.068141502    3.015928947    0.000000000
    1.130973355    3.015928947    0.000000000
    1.193805208    3.015928947    0.000000000
    1.256637061    3.015928947    0.000000000
    1.319468915    3.015928947    0.000000000
    1.382300768    3.015928947    0.000000000
    1.445132621    3.015928947    0.000000000
    1.507964474    3.015928947    0.000000000
    1.570796327    3.015928947    0.000000000
    1.633628180    3.015928947    0.000000000
    1.696460033    3.015928947    0.000000000
    1.759291886    3.015928947    0.000000000
    1.822123739    3.015928947    0.000000000
    1.884955592    3.015928947    0.000000000
    1.947787445    3.015928947    0.000000000
    2.010619298    3.015928947    0.000000000
    2.073451151    3.015928947    0.000000000
    2.136283004    3.015928947    0.000000000
    2.199114858    3.015928947    0.000000000
    2.261946711    3.015928947    0.000000000
    2.324778564    3.015928947    0.000000000
    2.387610417    3.015928947    0.000000000
    2.450442270    3.015928947    0.000000000
    2.513274123    3.015928947    0.000000000
    2.576105976    3.015928947    0.000000000
    2.638937829    3.015928947    0.000000000
    2.701769682    3.015928947    0.000000000
    2.764601535    3.015928947    0.000000000
    2.827433388    3.015928947    0.000000000
    2.890265241    3.015928947    0.000000000
    2.953097094    3.015928947    0.000000000
    3.015928947    3.015928947    0.000000000
    3.078760801    3.015928947    0.000000000

   -3.141592654    3.078760801    0.000000000
   -3.078760801    3.078760801    0.000000000
   -3.015928947    3.078760801    0.000000000
   -2.953097094    3.078760801    0.000000000
   -2.890265241    3.078760801    0.000000000
   -2.827433388    3.078760801    0.000000000
   -2.764601535    3.078760801    0.000000000
   -2.701769682    3.078760801    0.000000000
   -2.638937829    3.078760801    0.000000000
   -2.576105976    3.078760801    0.000000000
   -2.513274123    3.078760801    0.000000000
   -2.450442270    3.078760801    0.000000000
   -2.387610417    3.078760801    0.000000000
   -2.324778564    3.078760801    0.000000000
   -2.261946711    3.078760801    0.000000000
   -2.199114858    3.078760801    0.000000000
   -2.136283004    3.078760801    0.000000000
   -2.073451151    3.078760801    0.000000000
   -2.010619298    3.078760801    0.000000000
   -1.947787445    3.078760801    0.000000000
   -1.884955592    3.078760801    0.000000000
   -1.822123739    3.078760801    0.000000000
   -1.759291886    3.078760801    0.000000000
   -1.696460033    3.078760801    0.000000000
   -1.633628180    3.078760801    0.000000000
   -1.570796327    3.078760801    0.000000000
   -1.507964474    3.078760801    0.000000000
   -1.445132621    3.078760801    0.000000000
   -1.382300768    3.078760801    0.000000000
   -1.319468915    3.078760801    0.000000000
   -1.256637061    3.078760801    0.000000000
   -1.193805208    3.078760801    0.000000000
   -1.130973355    3.078760801    0.000000000
   -1.068141502    3.078760801    0.000000000
   -1.005309649    3.078760801    0.000000000
   -0.942477796    3.078760801    0.000000000
   -0.879645943    3.078760801    0.000000000
   -0.816814090    3.078760801    0.000000000
   -0.753982237    3.078760801    0.000000000
   -0.691150384    3.078760801    0.000000000
   -0.628318531    3.078760801    0.000000000
   -0.565486678    3.078760801    0.000000000
   -0.502654825    3.078760801    0.000000000
   -0.439822972    3.078760801    0.000000000
   -0.376991118    3.078760801    0.000000000
   -0.314159265    3.078760801    0.000000000
   -0.251327412    3.078760801    0.000000000
   -0.188495559    3.078760801    0.000000000
   -0.125663706    3.078760801    0.000000000
   -0.062831853    3.078760801    0.000000000
    0.000000000    3.078760801    0.000000000
    0.062831853    3.078760801    0.000000000
    0.125663706    3.078760801    0.000000000
    0.188495559    3.078760801    0.000000000
    0.251327412    3.078760801    0.000000000
    0.314159265    3.078760801    0.000000000
    0.376991118    3.078760801    0.000000000
    0.439822972    3.078760801    0.000000000
    0.502654825    3.078760801    0.000000000
    0.565486678    3.078760801    0.000000000
    0.628318531    3.078760801    0.000000000
    0.691150384    3.078760801    0.000000000
    0.753982237    3.078760801    0.000000000
    0.816814090    3.078760801    0.000000000
    0.879645943    3.078760801    0.000000000
    0.942477796    3.078760801    0.000000000
    1.005309649    3.078760801    0.000000000
    1.068141502    3.078760801    0.000000000
    1.130973355    3.078760801    0.000000000
    1.193805208    3.078760801    0.000000000
    1.256637061    3.078760801    0.000000000
    1.319468915    3.078760801    0.000000000
    1.382300768    3.078760801    0.000000000
    1.445132621    3.078760801    0.000000000
    1.507964474    3.078760801    0.000000000
    1.570796327    3.078760801    0.000000000
    1.633628180    3.078760801    0.000000000
    1.696460033    3.078760801    0.000000000
    1.759291886    3.078760801    0.000000000
    1.822123739    3.078760801    0.000000000
    1.884955592    3.078760801    0.000000000
    1.947787445    3.078760801    0.000000000
    2.010619298    3.078760801    0.000000000
    2.073451151    3.078760801    0.000000000
    2.136283004    3.078760801    0.000000000
    2.199114858    3.078760801    0.000000000
    2.261946711    3.078760801    0.000000000
    2.324778564    3.078760801    0.000000000
    2.387610417    3.078760801    0.000000000
    2.450442270    3.078760801    0.000000000
    2.513274123    3.078760801    0.000000000
    2.576105976    3.078760801    0.000000000
    2.638937829    3.078760801    0.000000000
    2.701769682    3.078760801    0.000000000
    2.764601535    3.078760801    0.000000000
    2.827433388    3.078760801    0.000000000
    2.890265241    3.078760801    0.000000000
    2.953097094    3.078760801    0.000000000
    3.015928947    3.078760801    0.000000000
    3.078760801    3.078760801    0.000000000
